temperature_celsius,wind_kph,precip_mm,humidity,cluster
27.5,20.5,0.0,67,2
27.5,15.5,0.0,70,2
26.3,18.4,0.0,70,2
25.6,16.9,0.0,76,2
27.2,16.2,0.0,74,2
25.9,15.8,0.0,77,2
28.0,15.1,0.1,70,2
27.7,17.6,0.0,71,2
30.0,18.7,0.0,60,2
26.0,19.1,0.0,74,2
30.6,15.8,0.0,57,1
30.3,8.6,0.1,55,1
28.3,10.8,0.0,67,1
27.2,14.4,0.0,65,1
30.1,18.0,0.0,58,1
26.5,22.7,0.0,64,2
28.4,20.2,0.0,64,2
26.9,18.4,0.0,71,2
26.7,24.1,0.0,66,2
28.1,17.6,0.3,65,2
27.4,20.2,0.0,69,2
27.0,23.8,0.0,66,2
29.9,16.9,0.0,57,1
31.6,20.9,0.0,53,2
32.4,20.5,0.1,50,1
27.3,20.9,0.0,63,2
26.7,17.3,0.0,69,2
28.2,16.2,0.0,64,1
27.0,15.5,0.2,74,2
31.1,20.9,0.0,55,2
28.8,16.6,0.0,64,2
32.0,16.9,0.0,63,1
30.1,14.8,0.0,60,1
28.5,19.8,0.0,61,2
26.9,14.8,0.0,72,2
30.8,17.3,0.0,53,1
27.0,12.2,0.2,72,1
26.9,20.9,0.0,67,2
27.7,21.6,0.0,67,2
30.2,19.1,0.1,59,2
28.6,13.3,0.0,64,1
27.6,11.5,0.2,63,1
27.7,13.0,0.5,68,1
27.6,15.5,0.0,70,2
29.2,19.8,0.0,61,2
20.7,8.3,0.0,59,1
31.8,16.6,0.1,54,1
20.3,10.1,0.0,64,1
30.9,5.8,0.0,51,1
23.8,7.9,0.0,62,1
25.5,4.3,0.0,56,1
30.8,13.0,0.0,57,1
27.2,8.3,1.2,65,1
15.3,4.3,0.0,62,3
22.8,7.2,0.0,45,1
7.1,5.4,0.0,27,3
20.1,4.0,0.1,65,0
18.5,6.5,0.1,70,0
20.0,3.6,0.1,66,0
21.5,3.6,0.1,73,0
32.4,17.3,0.1,49,1
17.8,3.6,0.5,66,3
27.2,9.4,1.2,65,1
27.3,5.4,0.2,68,1
14.2,5.8,0.0,22,3
17.5,3.6,0.1,64,3
28.6,14.8,0.1,69,1
27.8,17.6,0.0,70,2
30.0,13.0,0.0,66,1
31.1,17.6,0.0,52,1
29.9,18.0,0.0,52,1
31.0,15.1,0.0,66,1
31.5,20.2,0.0,44,1
30.3,16.6,0.0,52,1
30.2,22.3,0.0,50,2
29.0,15.1,0.0,75,2
29.6,16.9,0.0,54,1
28.0,19.8,0.0,61,2
29.7,16.6,0.0,56,1
27.7,17.6,0.0,70,2
29.4,23.0,0.0,57,2
27.9,27.0,0.0,71,2
28.4,15.5,0.1,70,2
28.4,16.2,0.1,69,2
29.2,26.3,0.0,59,2
27.7,22.7,0.0,70,2
30.0,24.1,0.0,70,2
28.3,14.0,0.1,71,1
33.0,13.0,0.2,63,1
33.8,15.5,0.0,44,1
32.0,3.6,0.0,54,1
35.3,24.8,0.1,40,1
32.2,16.9,0.0,48,1
32.7,13.7,0.0,51,1
30.9,18.0,0.0,50,1
33.0,13.0,0.0,63,1
33.3,5.4,0.0,46,1
31.0,18.0,0.0,45,1
32.0,25.9,0.0,49,2
33.0,11.2,0.0,47,1
34.0,6.8,0.0,53,1
32.0,6.8,0.0,67,1
30.9,12.2,0.0,56,1
30.0,16.9,0.0,62,1
28.9,10.1,0.1,54,1
32.0,15.1,0.0,67,1
30.6,11.9,0.0,54,1
31.3,10.8,0.0,52,1
28.0,3.6,0.0,54,1
32.2,9.7,0.0,56,1
32.9,10.4,0.0,52,1
32.5,8.6,0.0,47,1
32.8,10.8,0.0,51,1
31.6,9.0,0.0,51,1
31.5,10.8,0.0,52,1
28.9,3.6,0.0,53,1
28.0,14.8,0.0,64,1
34.0,13.0,0.0,71,1
33.2,11.5,0.0,52,1
32.6,7.6,0.0,55,1
32.8,8.6,0.0,57,1
26.6,17.3,0.0,62,2
33.2,13.3,0.0,50,1
32.1,4.7,0.0,60,1
32.5,9.0,0.0,56,1
32.9,9.0,0.1,54,1
31.9,10.4,0.6,59,1
32.7,13.0,0.1,56,1
32.3,5.4,0.1,58,1
32.5,15.5,0.0,53,1
32.4,7.9,0.4,54,1
32.4,8.6,0.2,56,1
32.8,10.8,0.0,54,1
32.2,15.1,0.0,52,1
32.9,11.9,0.0,52,1
33.1,11.9,0.0,52,1
33.2,12.2,0.0,52,1
32.5,13.0,0.0,53,1
33.0,8.6,0.0,54,1
31.0,11.2,0.0,63,1
30.5,6.5,0.0,62,1
33.0,13.7,0.0,46,1
34.0,14.8,0.0,42,1
33.7,11.9,0.0,45,1
32.5,10.8,0.0,52,1
34.3,13.7,0.0,41,1
33.1,14.4,0.0,47,1
33.2,13.3,0.0,43,1
35.1,14.0,0.0,39,1
35.1,15.5,0.0,39,1
34.7,16.2,0.0,40,1
33.1,13.3,0.0,44,1
33.9,13.7,0.0,42,1
31.5,9.0,0.0,56,1
30.1,8.6,0.0,56,1
27.4,3.6,0.1,73,1
27.8,36.7,0.3,80,2
29.0,6.1,0.0,54,1
32.0,17.6,0.0,53,1
12.0,10.8,0.1,72,3
30.9,3.6,0.1,69,1
30.0,15.1,0.0,79,2
31.8,4.0,0.1,63,1
32.0,3.6,0.0,66,1
30.0,6.1,0.6,75,1
28.9,3.6,0.1,75,1
30.0,6.1,0.3,75,1
31.9,7.2,0.4,56,1
24.4,6.8,0.0,73,0
28.7,3.6,0.0,72,1
28.8,5.8,0.2,78,1
29.2,7.9,0.1,74,1
29.0,4.0,0.1,75,1
30.0,6.1,0.0,84,0
30.2,15.1,0.3,66,1
30.9,11.9,0.0,61,1
29.9,12.6,0.0,64,1
32.4,5.4,0.0,54,1
31.9,5.4,0.0,57,1
28.3,4.3,0.0,55,1
27.7,4.0,0.0,72,1
29.0,6.1,0.0,79,0
23.7,3.6,0.0,59,1
34.0,11.2,0.0,60,1
29.2,6.1,0.1,73,1
27.0,5.0,0.2,74,1
26.7,3.6,0.0,57,1
29.6,3.6,0.1,75,1
24.6,5.0,0.1,67,1
23.8,3.6,0.0,61,1
33.0,6.1,0.0,67,1
31.4,3.6,0.0,66,1
30.4,3.6,0.1,75,1
26.0,19.1,0.0,58,2
28.4,9.7,0.0,58,1
30.5,9.4,0.0,52,1
29.8,10.8,0.0,55,1
30.8,3.6,0.0,61,1
29.5,12.2,0.0,58,1
28.7,9.4,0.0,58,1
32.1,3.6,0.1,58,1
28.4,12.2,0.0,56,1
30.4,20.9,0.0,56,2
30.3,10.1,0.0,53,1
30.1,9.0,0.0,56,1
28.7,20.5,0.0,48,1
30.2,10.4,0.0,54,1
30.5,10.4,0.0,54,1
30.7,7.9,0.0,53,1
30.6,9.4,0.0,54,1
28.6,6.1,0.0,58,1
26.3,6.1,0.0,59,1
27.9,3.6,0.1,63,1
4.0,13.0,0.0,48,3
30.5,7.9,0.0,63,1
30.5,5.8,0.0,60,1
26.1,4.0,0.0,64,1
23.5,6.8,0.0,60,1
15.2,13.3,0.0,63,3
13.4,10.8,0.1,65,3
28.8,10.8,0.0,58,1
29.6,14.0,0.0,66,1
32.8,5.4,0.0,50,1
28.3,6.1,0.0,71,1
28.6,3.6,0.0,69,1
29.0,11.2,0.1,75,1
29.7,8.6,0.0,53,1
29.0,15.1,0.0,62,1
32.3,6.1,0.0,52,1
31.0,6.8,0.0,52,1
30.0,9.0,0.1,75,1
27.6,19.8,0.0,79,2
33.7,9.0,0.1,52,1
33.6,7.6,0.0,52,1
33.1,10.1,0.0,55,1
21.4,8.6,0.0,69,0
31.6,3.6,0.0,64,1
33.4,14.4,0.0,49,1
33.6,12.6,0.0,51,1
33.8,10.1,0.0,44,1
32.3,10.4,0.0,48,1
31.5,4.0,0.1,65,1
34.0,11.2,0.2,60,1
27.3,5.8,0.2,68,1
32.1,7.6,0.0,53,1
29.0,3.6,0.0,84,0
29.0,3.6,0.2,84,0
32.7,4.7,0.0,50,1
33.5,9.4,0.0,45,1
34.4,10.8,0.0,41,1
34.2,6.1,0.0,43,1
30.4,4.0,0.1,61,1
30.9,4.3,0.2,59,1
34.5,8.3,0.0,42,1
34.6,4.0,0.0,42,1
30.2,3.6,0.5,60,1
34.7,3.6,0.0,42,1
35.2,11.5,0.0,40,1
33.7,7.9,0.0,44,1
27.8,11.2,0.0,54,1
27.4,11.9,0.0,54,1
29.5,16.9,0.0,53,1
25.3,11.2,0.0,60,1
27.1,23.8,0.0,57,2
27.7,17.6,0.0,60,2
30.5,19.1,0.0,48,1
27.1,18.7,0.0,60,2
27.8,15.1,0.1,63,1
29.6,17.3,0.0,52,1
28.1,20.5,0.0,53,2
29.0,11.2,0.0,75,1
29.1,22.3,0.0,50,2
25.2,14.0,0.0,62,1
27.2,13.3,0.0,63,1
30.4,20.5,0.0,47,1
29.0,13.0,0.0,58,1
25.6,18.0,0.0,67,2
29.0,18.4,0.0,53,1
27.6,15.1,0.0,65,1
27.1,15.1,0.0,55,1
27.3,15.1,0.0,59,1
29.1,15.5,0.0,50,1
27.7,19.8,0.0,54,2
26.0,9.0,0.0,70,1
29.3,10.4,0.1,65,1
28.7,24.5,0.0,62,2
28.0,13.3,0.0,64,1
28.3,19.4,0.0,62,2
28.4,17.3,0.0,65,2
28.6,10.1,0.0,58,1
25.0,12.2,0.0,68,1
26.4,15.8,0.0,64,2
28.8,13.3,0.0,60,1
29.1,20.5,0.0,59,2
28.0,3.6,0.0,71,1
30.0,22.0,0.0,70,2
27.3,16.6,0.0,71,2
28.5,22.7,0.0,63,2
28.6,15.1,0.0,65,1
27.7,10.1,0.0,58,1
27.5,16.6,0.0,61,1
27.0,13.0,0.2,84,2
27.0,13.0,0.1,84,2
30.0,22.0,0.1,70,2
30.5,12.2,0.0,61,1
25.7,12.2,0.0,65,1
30.0,10.8,0.0,62,1
33.4,10.8,0.0,49,1
32.9,8.6,0.0,50,1
32.3,9.4,0.0,52,1
32.7,10.8,0.0,54,1
33.2,10.8,0.0,48,1
34.6,3.6,0.0,45,1
30.3,7.9,0.0,56,1
29.6,9.7,0.0,61,1
32.1,20.2,0.0,48,1
31.1,36.4,0.0,50,2
30.4,16.9,0.0,54,1
34.6,17.3,0.0,41,1
30.4,26.6,0.0,51,2
30.3,32.0,0.0,51,2
34.6,15.8,0.0,41,1
29.1,27.7,0.0,56,2
32.5,22.0,0.0,45,1
32.5,26.6,0.0,43,2
28.5,18.7,0.0,57,2
30.2,19.1,0.0,52,1
29.7,21.6,0.0,54,2
30.0,16.9,0.0,66,2
30.1,21.2,0.0,54,2
29.3,25.6,0.0,55,2
27.0,22.3,0.0,61,2
27.9,22.3,0.0,58,2
32.5,16.9,0.0,47,1
28.1,19.4,0.0,60,2
27.8,22.7,0.0,63,2
27.9,25.9,0.0,59,2
33.0,22.0,0.4,59,2
34.0,6.8,0.4,50,1
33.0,22.0,0.6,59,2
32.4,14.0,0.0,47,1
31.2,23.0,0.0,59,2
32.9,3.6,0.0,46,1
31.3,13.7,0.0,58,1
33.0,22.0,0.2,59,2
29.3,6.8,0.0,60,1
34.0,6.8,0.0,50,1
32.2,15.1,0.1,48,1
29.5,18.0,0.0,48,1
29.2,6.8,0.1,62,1
30.6,6.1,0.1,65,1
31.7,9.4,0.0,60,1
32.2,9.0,0.0,56,1
32.5,9.0,0.3,53,1
32.2,16.6,0.0,52,1
32.0,8.6,0.1,58,1
32.3,14.4,0.0,51,1
32.7,15.5,0.0,49,1
33.0,14.4,0.0,48,1
31.2,7.9,0.2,63,1
29.3,4.7,0.1,70,1
31.5,5.4,0.2,62,1
32.7,13.0,0.0,47,1
31.8,16.6,0.0,53,1
31.2,13.7,0.0,60,1
34.2,11.2,0.1,51,1
31.4,9.7,0.1,61,1
29.4,11.9,0.0,65,1
30.1,4.7,0.4,69,1
32.9,18.7,0.0,48,1
32.8,18.4,0.0,48,1
32.0,14.8,0.4,58,1
30.6,8.3,0.1,66,1
34.9,14.0,0.0,39,1
32.2,14.4,0.0,59,1
32.6,8.6,0.4,55,1
32.9,14.8,0.0,53,1
31.5,13.7,0.0,56,1
29.8,13.7,0.0,65,1
30.4,16.9,0.0,58,1
29.0,18.0,0.0,59,2
32.5,17.6,0.0,49,1
29.1,15.1,0.0,69,2
32.0,7.9,0.3,58,1
32.1,17.3,0.0,58,1
31.0,15.1,0.1,66,1
31.1,18.7,0.0,55,1
32.1,11.9,0.0,60,1
31.6,7.6,0.0,58,1
32.1,12.6,0.0,58,1
31.8,15.1,0.1,59,1
31.2,7.9,0.0,62,1
30.2,6.5,0.0,64,1
32.5,18.0,0.0,50,1
32.8,17.3,0.0,46,1
30.2,13.0,0.1,66,1
30.0,9.0,0.2,89,0
30.4,16.6,0.1,66,2
30.0,9.0,0.0,89,0
30.6,21.2,0.3,61,2
30.7,14.0,0.1,61,1
29.2,15.1,0.0,68,1
30.1,19.1,0.1,59,2
31.7,17.3,0.0,54,1
28.0,17.6,0.3,65,2
30.9,13.7,0.0,61,1
30.3,13.3,0.0,50,1
30.7,6.1,0.0,55,1
29.0,19.4,0.0,62,2
31.5,8.3,0.0,50,1
29.8,18.0,0.0,56,1
31.9,20.5,0.0,50,1
29.4,18.0,0.0,57,1
26.6,22.7,0.0,64,2
30.1,21.2,0.0,57,2
28.0,15.1,0.0,66,1
29.4,9.0,0.0,61,1
27.7,11.2,0.0,68,1
28.0,12.2,0.1,70,1
28.6,12.2,0.0,62,1
31.0,13.0,0.0,49,1
28.8,17.3,0.2,66,2
27.7,9.0,0.0,69,1
27.3,11.5,0.0,72,1
28.0,9.0,0.0,67,1
31.1,11.5,0.0,58,1
29.6,14.4,0.0,59,1
31.1,12.2,0.0,54,1
27.0,24.1,0.3,74,2
30.3,18.0,0.2,54,1
30.1,5.8,0.0,65,1
30.0,6.1,0.1,84,0
33.5,12.6,0.0,56,1
30.5,3.6,0.0,71,1
33.1,13.0,0.0,51,1
32.2,18.7,0.0,48,1
31.7,13.3,0.0,52,1
24.8,12.6,0.0,64,1
25.6,18.0,0.0,71,2
25.0,15.1,0.0,79,2
25.0,15.8,0.0,75,2
23.9,5.8,0.0,78,0
26.1,10.4,0.0,74,1
27.0,15.1,0.2,79,2
25.8,13.7,0.0,73,2
27.4,19.4,0.0,70,2
23.0,15.1,0.0,89,2
28.2,13.0,0.4,68,1
27.9,4.7,0.6,73,1
26.0,8.6,0.0,81,0
25.1,9.7,0.0,74,1
28.4,16.9,0.0,65,2
24.0,19.4,0.0,84,2
26.1,12.2,0.0,71,1
25.1,20.5,0.0,75,2
24.3,19.8,0.0,78,2
27.1,19.1,0.0,69,2
25.7,15.5,0.0,72,2
24.7,20.5,0.0,78,2
28.5,14.4,0.0,63,1
27.6,21.6,0.0,68,2
29.0,23.0,0.0,62,2
25.0,18.7,0.0,80,2
21.6,8.6,0.0,91,0
26.0,14.8,0.0,72,2
25.3,8.3,0.6,82,0
28.3,24.5,0.0,65,2
26.6,15.1,0.0,73,2
30.0,16.9,0.0,70,2
27.7,8.6,0.3,72,1
26.1,19.4,0.0,74,2
28.7,19.4,0.0,60,2
24.9,11.2,0.4,84,0
24.5,20.2,0.0,77,2
25.8,19.8,0.0,75,2
27.9,21.6,0.0,67,2
26.4,4.0,0.0,71,1
25.5,6.8,0.0,71,1
25.7,8.3,0.5,77,0
27.0,5.4,0.0,73,1
18.5,3.6,0.0,67,3
30.6,11.2,0.2,59,1
19.3,5.0,0.0,66,0
28.5,3.6,0.0,59,1
21.1,4.0,0.0,63,1
21.2,3.6,0.0,63,1
30.6,19.4,0.0,55,1
27.9,3.6,0.0,61,1
14.9,3.6,0.0,49,3
21.3,3.6,0.0,39,1
5.9,4.3,0.0,26,3
19.2,3.6,0.0,51,1
18.8,3.6,0.0,60,3
19.2,3.6,0.0,52,1
22.8,3.6,0.0,56,1
29.9,20.9,0.0,58,2
18.2,3.6,0.0,60,3
27.7,3.6,0.0,62,1
27.6,3.6,0.0,64,1
13.8,3.6,0.0,37,3
16.9,3.6,0.0,61,3
26.5,6.5,0.1,83,0
27.6,9.0,0.0,70,1
28.0,6.8,0.0,84,0
28.3,20.2,0.0,58,2
27.4,11.5,0.0,65,1
28.0,14.8,0.0,60,1
28.2,11.5,0.0,62,1
27.0,8.6,0.0,63,1
27.0,9.0,0.0,84,0
27.4,11.5,0.0,69,1
27.5,12.6,0.0,67,1
28.0,11.2,0.0,67,1
27.5,9.0,0.0,70,1
27.0,7.6,0.0,64,1
27.0,18.0,0.1,72,2
26.7,6.5,0.1,81,0
26.9,7.2,0.1,79,0
27.9,19.8,0.0,62,2
27.4,15.1,0.0,67,2
27.0,11.2,0.0,84,0
26.4,5.8,0.1,82,0
32.0,6.1,0.0,52,1
30.1,6.8,0.0,60,1
32.0,3.6,0.2,53,1
30.5,11.2,0.0,55,1
30.1,10.1,0.0,62,1
27.4,11.2,0.0,63,1
30.3,5.8,0.0,56,1
28.2,19.4,0.0,59,2
30.6,18.4,0.3,56,1
31.3,7.9,0.0,51,1
29.0,6.8,0.0,75,1
27.6,3.6,0.0,61,1
28.4,8.6,0.0,66,1
29.0,11.2,0.0,66,1
27.7,5.8,0.0,59,1
29.4,7.2,0.0,57,1
29.8,8.3,0.0,56,1
26.1,3.6,0.0,60,1
30.6,6.5,0.0,60,1
30.9,7.2,0.0,57,1
30.8,6.5,0.0,52,1
31.2,8.3,0.0,56,1
29.6,6.8,0.0,58,1
30.4,7.6,0.0,55,1
26.4,3.6,0.0,59,1
26.5,10.4,0.1,74,1
32.0,13.0,0.0,80,2
31.5,8.3,0.0,56,1
31.3,7.6,0.0,63,1
31.6,8.3,0.0,63,1
25.0,11.2,0.0,72,1
31.2,11.9,0.0,56,1
30.6,5.0,0.0,66,1
31.2,4.7,0.0,61,1
31.5,7.9,0.0,59,1
30.9,3.6,0.0,62,1
31.0,3.6,0.0,61,1
30.7,3.6,0.0,65,1
29.4,10.1,0.0,67,1
28.7,6.5,0.0,57,1
31.3,6.5,0.0,60,1
31.5,9.0,0.0,59,1
30.3,10.4,0.0,62,1
31.0,10.8,0.0,57,1
31.2,10.8,0.0,57,1
31.4,10.1,0.0,57,1
31.0,9.0,0.0,55,1
31.3,10.1,0.0,57,1
31.6,7.9,0.0,61,1
30.0,11.2,0.0,66,1
27.7,3.6,0.0,71,1
31.5,18.7,0.0,49,1
30.3,7.2,0.0,56,1
29.2,7.6,0.0,63,1
31.2,8.6,0.0,51,1
29.7,8.3,0.0,60,1
30.7,20.2,0.0,52,1
32.2,9.7,0.0,44,1
32.5,14.0,0.0,44,1
32.5,16.6,0.0,45,1
30.6,20.2,0.0,52,1
31.3,11.9,0.0,50,1
28.3,5.0,0.0,64,1
27.2,3.6,0.0,78,0
27.3,22.0,1.6,79,2
27.2,3.6,0.0,60,1
30.4,8.6,0.0,54,1
11.3,7.2,0.0,75,3
29.6,7.6,0.0,75,1
31.0,6.8,0.0,79,1
30.2,7.2,0.0,71,1
30.9,4.0,0.0,72,1
30.0,9.0,0.0,75,1
28.4,4.0,0.0,76,1
29.4,3.6,0.0,71,1
23.2,3.6,0.0,77,0
23.7,3.6,0.0,84,0
29.2,3.6,0.0,77,1
28.9,7.2,0.0,78,1
29.1,3.6,0.0,77,1
31.0,4.0,0.0,75,1
28.5,14.8,0.1,69,1
29.1,12.6,0.0,68,1
27.2,9.7,0.0,76,1
29.4,3.6,0.1,67,1
27.3,3.6,0.3,72,1
23.5,3.6,0.0,82,0
27.1,3.6,0.0,78,0
29.0,6.1,0.0,89,0
21.6,3.6,0.6,80,0
30.0,11.2,0.0,84,0
29.0,6.1,0.1,89,0
29.3,4.3,0.0,74,1
27.7,4.3,0.0,66,1
24.4,3.6,0.1,73,0
29.0,3.6,0.0,76,1
35.0,3.6,0.0,65,1
23.0,3.6,0.1,74,0
31.0,4.3,0.0,69,1
29.0,4.0,0.0,76,1
29.8,4.0,0.0,76,1
24.0,19.1,0.0,69,2
25.5,5.4,0.0,72,1
28.3,5.4,0.0,60,1
26.4,6.5,0.0,71,1
27.6,3.6,0.0,72,1
26.6,9.7,0.0,72,1
26.6,5.0,0.1,67,1
29.5,4.7,0.1,70,1
25.2,5.4,0.1,71,1
28.5,19.1,0.0,61,2
27.9,7.6,0.0,65,1
26.3,16.2,0.0,62,2
27.9,7.2,0.0,65,1
28.5,3.6,0.0,63,1
28.4,4.7,0.0,62,1
28.3,3.6,0.0,62,1
26.5,3.6,0.0,64,1
24.0,3.6,0.0,69,1
25.2,3.6,0.0,74,0
2.9,4.3,0.0,54,3
27.9,3.6,0.0,68,1
27.6,3.6,0.0,66,1
21.6,3.6,0.0,74,0
21.6,3.6,0.0,67,0
14.1,6.1,0.0,57,3
12.6,5.4,0.0,58,3
26.1,5.4,0.9,71,1
27.2,10.1,0.0,76,1
26.9,6.1,0.2,77,0
26.3,16.2,3.7,84,2
26.0,6.1,4.0,94,0
26.3,15.1,3.0,82,2
27.0,6.8,0.5,84,0
25.1,10.4,0.0,75,0
27.0,11.2,0.1,79,0
26.1,6.1,1.3,85,0
26.0,6.1,0.8,94,0
27.0,11.2,0.4,79,0
25.0,19.1,0.4,89,2
27.0,11.2,0.0,79,0
28.1,25.6,0.1,76,2
32.1,7.6,0.0,56,1
31.9,3.6,0.0,56,1
31.9,6.8,0.0,56,1
20.1,4.7,0.0,79,0
29.9,3.6,0.0,69,1
30.8,9.7,0.0,61,1
32.2,9.0,0.0,55,1
31.7,8.3,0.0,52,1
29.3,8.3,0.0,73,1
27.6,3.6,0.0,65,1
29.2,6.1,0.0,62,1
28.0,3.6,0.0,84,0
30.3,3.6,0.0,56,1
30.6,5.0,0.0,54,1
31.2,7.2,0.0,48,1
31.3,4.7,0.0,48,1
29.6,3.6,0.0,61,1
29.4,3.6,0.0,63,1
31.7,6.8,0.0,48,1
33.7,4.3,0.0,41,1
30.4,3.6,0.0,59,1
33.5,4.7,0.0,43,1
34.7,9.7,0.0,38,1
33.2,6.1,0.0,44,1
27.1,8.6,0.4,68,1
26.6,11.2,0.0,59,1
26.0,12.6,0.0,61,1
29.6,10.1,0.0,50,1
24.5,10.8,0.0,63,1
26.0,21.6,0.0,61,2
25.9,14.0,0.0,68,1
28.5,17.6,0.0,58,1
25.3,11.9,0.0,68,1
27.2,14.0,0.0,61,1
29.8,11.5,0.0,47,1
26.0,15.5,0.0,63,1
27.0,6.8,0.1,84,0
27.7,15.8,0.0,55,1
23.9,14.8,0.0,71,2
25.3,11.5,0.0,73,1
29.0,16.6,0.0,54,1
30.0,15.1,0.0,59,1
26.2,14.8,0.0,58,1
24.5,11.2,0.0,72,1
27.2,15.5,0.0,62,1
27.4,16.6,0.0,67,2
25.0,9.0,0.3,71,1
26.9,14.0,0.0,63,1
29.6,10.8,0.0,47,1
28.2,11.9,0.0,55,1
24.0,9.0,0.0,78,0
28.3,12.2,0.0,70,1
28.3,15.5,0.0,63,1
27.9,15.5,0.0,64,1
26.3,14.0,0.0,69,1
28.4,14.0,0.0,63,1
28.3,10.8,0.0,61,1
24.3,4.7,0.0,67,1
25.3,8.3,0.0,67,1
28.7,12.2,0.0,58,1
27.7,20.2,0.0,67,2
27.5,3.6,0.0,76,0
27.3,13.3,0.0,68,1
26.7,20.5,0.0,74,2
28.1,15.8,0.0,64,1
27.7,7.2,0.0,73,1
27.7,14.4,0.0,62,1
27.1,11.2,0.0,67,1
28.0,6.8,0.2,89,0
27.8,5.8,0.1,75,1
28.0,6.8,0.0,89,0
28.0,9.0,0.0,74,1
29.9,7.6,0.0,61,1
25.0,8.3,0.0,67,1
29.1,5.0,0.0,66,1
32.7,8.3,0.0,52,1
29.6,3.6,0.0,66,1
33.4,9.0,0.0,48,1
28.2,6.5,0.0,66,1
31.4,6.1,0.0,54,1
32.2,6.5,0.0,55,1
32.1,7.9,0.0,49,1
29.6,3.6,0.0,58,1
34.2,3.6,0.0,45,1
29.0,4.0,0.0,59,1
29.8,4.3,0.0,59,1
27.1,6.5,0.0,70,1
31.6,22.3,0.0,48,2
29.3,28.1,0.0,56,2
30.0,19.1,0.0,53,1
34.4,13.0,0.0,39,1
31.0,23.8,0.0,49,2
28.8,24.8,0.0,57,2
34.7,10.8,0.0,37,1
29.3,24.1,0.0,59,2
32.5,23.0,0.0,47,2
26.3,20.9,0.0,73,2
27.7,13.3,0.0,63,1
30.4,16.9,0.0,52,1
29.3,17.3,0.0,56,1
29.0,15.1,0.0,70,2
29.7,17.3,0.0,55,1
28.5,22.7,0.0,65,2
26.6,13.3,0.0,69,1
27.9,22.3,0.0,61,2
31.9,16.6,0.0,51,1
27.6,18.0,0.0,69,2
27.1,15.5,0.0,67,2
30.4,19.4,0.0,51,1
27.9,17.3,0.0,65,2
28.0,28.1,0.0,84,2
30.1,13.7,0.0,57,1
30.5,15.1,0.0,58,1
30.4,8.3,0.0,53,1
29.5,16.6,0.1,65,2
28.2,7.2,0.1,69,1
29.9,18.7,0.0,59,2
29.6,16.9,0.0,52,1
28.6,9.7,0.0,67,1
30.4,5.0,0.0,63,1
31.0,7.9,0.0,60,1
31.9,3.6,0.0,55,1
31.5,5.8,0.1,62,1
31.3,10.4,0.0,57,1
31.4,5.0,0.0,59,1
31.2,11.2,0.0,56,1
32.2,14.4,0.0,52,1
32.0,9.7,0.0,54,1
29.8,9.4,0.0,65,1
31.0,3.6,0.0,65,1
30.6,3.6,0.0,63,1
31.0,5.4,0.0,63,1
32.4,19.4,0.0,49,1
32.3,13.0,0.0,52,1
31.6,12.2,0.0,56,1
32.9,4.3,0.0,55,1
31.5,3.6,0.0,58,1
31.7,12.6,0.0,55,1
30.2,5.8,0.0,69,1
32.1,19.4,0.0,52,1
32.1,19.1,0.0,51,1
32.5,8.3,0.1,57,1
30.6,3.6,0.0,67,1
34.1,11.5,0.0,40,1
31.8,8.3,0.0,60,1
32.3,9.4,0.0,58,1
30.4,7.6,0.0,65,1
30.8,10.4,0.0,54,1
31.1,11.5,0.2,62,1
29.7,18.4,0.0,60,2
28.0,11.9,0.0,67,1
32.0,21.2,0.0,51,2
31.5,10.4,0.2,61,1
32.0,8.3,0.2,59,1
31.5,10.8,0.0,61,1
30.9,21.6,0.0,56,2
32.3,3.6,0.1,59,1
30.5,8.3,0.0,60,1
31.6,10.4,0.0,57,1
30.0,8.6,0.0,64,1
29.2,3.6,0.0,66,1
31.6,23.0,0.0,54,2
31.8,18.7,0.0,51,1
30.7,9.7,0.0,64,1
32.2,12.6,0.0,48,1
30.0,13.0,0.0,79,2
29.3,16.2,0.0,66,2
29.4,19.1,0.0,62,2
29.3,12.2,0.1,67,1
31.4,11.2,0.2,61,1
29.7,20.5,0.0,61,2
28.7,18.4,0.0,62,2
31.7,11.2,0.0,60,1
30.3,12.2,0.0,52,1
29.6,8.6,0.0,62,1
28.5,16.9,0.0,61,1
31.6,17.3,0.0,50,1
29.4,15.1,0.0,57,1
30.5,21.6,0.0,57,2
30.2,17.3,0.0,53,1
25.5,18.7,0.0,79,2
30.0,19.8,0.0,57,2
27.0,6.8,0.0,74,1
29.0,9.4,0.0,65,1
28.7,11.9,0.0,66,1
27.5,11.2,0.0,70,1
27.7,13.7,0.0,66,1
29.9,12.2,0.0,52,1
28.1,14.0,0.0,68,1
28.2,14.0,0.0,65,1
28.1,12.2,0.0,70,1
28.7,7.9,0.0,67,1
30.2,13.0,0.0,61,1
28.6,14.0,0.0,63,1
29.7,12.6,0.0,58,1
26.0,15.1,0.0,89,2
29.2,6.1,0.0,54,1
31.1,5.0,0.0,65,1
28.8,3.6,0.0,56,1
32.3,5.0,0.0,59,1
30.9,3.6,0.0,72,1
31.3,6.5,0.0,66,1
26.3,18.7,0.0,71,2
34.3,5.4,0.0,44,1
32.4,9.4,0.0,54,1
33.4,9.7,0.0,51,1
25.9,3.6,0.0,70,1
32.1,12.6,0.0,48,1
28.4,14.4,0.0,63,1
23.6,10.4,0.0,66,1
23.6,15.1,0.0,81,2
23.3,10.8,0.0,81,0
21.4,7.6,0.0,75,0
21.0,4.3,0.0,87,0
23.0,8.6,0.0,84,0
22.3,11.2,0.0,83,0
22.7,5.0,0.0,79,0
24.9,4.0,0.0,76,0
25.5,10.8,0.0,70,1
21.0,6.1,0.0,94,0
26.1,10.1,0.0,67,1
23.1,3.6,0.0,85,0
22.9,4.3,0.0,86,0
22.6,7.2,0.0,80,0
26.6,9.0,0.0,67,1
21.6,12.2,0.0,87,0
25.7,8.6,0.0,74,1
23.8,10.4,0.0,72,1
22.3,11.9,0.0,83,0
25.1,11.9,0.0,72,1
23.2,12.2,0.0,85,0
22.3,16.6,0.0,83,2
26.6,10.1,0.0,70,1
27.6,15.5,0.0,62,1
27.8,10.4,0.1,61,1
22.5,13.3,0.0,85,2
21.7,5.4,0.0,79,0
25.5,11.9,0.0,71,1
22.5,6.8,0.0,80,0
27.0,13.3,0.0,63,1
24.2,7.6,0.0,76,0
27.0,3.6,0.0,89,0
24.4,8.3,0.0,75,0
23.1,11.2,0.0,81,0
22.8,9.7,0.0,82,0
27.0,8.3,0.0,61,1
22.0,3.6,0.0,88,0
22.5,14.0,0.0,81,2
24.5,14.4,0.0,79,2
26.0,12.2,0.4,71,1
24.0,5.4,0.0,72,0
22.4,5.0,0.0,78,0
22.7,4.7,0.0,81,0
23.4,10.8,0.0,81,0
23.9,9.4,0.0,84,0
19.7,6.5,0.0,87,0
27.3,9.0,0.0,64,1
15.8,10.8,0.0,69,3
24.7,4.3,0.0,76,0
16.4,6.5,0.0,70,3
17.6,6.8,0.0,80,0
28.9,10.8,0.0,60,1
24.9,4.3,0.0,69,1
14.6,4.3,0.0,69,3
10.4,3.6,0.0,69,3
5.1,5.4,0.0,32,3
11.8,3.6,0.0,66,3
15.3,9.7,0.0,75,3
14.7,3.6,0.0,67,3
18.4,10.1,0.0,74,0
28.0,9.4,0.0,61,1
14.2,7.2,0.0,63,3
24.8,4.3,0.0,69,1
24.8,4.7,0.0,72,0
13.0,6.5,0.0,49,3
12.4,4.3,0.0,76,3
24.3,5.0,0.0,87,0
25.4,7.9,0.0,82,0
26.6,11.5,0.0,69,1
26.5,16.6,0.0,56,1
27.2,11.5,0.0,72,1
27.0,3.6,0.1,89,0
26.9,15.5,0.0,64,1
26.2,14.8,0.0,72,2
24.2,8.6,0.0,74,0
25.4,10.4,0.0,69,1
25.7,11.2,0.0,75,1
26.8,11.9,0.1,72,1
25.5,8.3,0.0,79,0
25.3,7.9,0.0,82,0
23.5,5.0,0.0,79,0
26.7,17.6,0.0,72,2
25.1,5.4,0.0,84,0
25.4,6.8,0.0,82,0
26.4,13.0,0.0,70,1
26.5,12.2,0.0,71,1
27.0,11.2,0.0,74,1
26.3,13.7,0.0,70,1
24.7,4.7,0.0,85,0
26.8,7.6,0.0,76,1
26.6,3.6,0.1,75,0
28.0,5.0,0.0,72,1
27.7,9.4,0.0,73,1
25.0,3.6,1.6,79,0
27.2,6.8,0.0,72,1
25.3,6.1,0.0,69,1
26.6,5.0,0.0,73,1
26.7,4.3,0.0,72,1
26.4,15.5,0.1,68,2
25.6,6.8,0.0,76,0
27.2,3.6,0.1,67,1
28.4,6.8,0.0,65,1
28.0,4.0,0.0,69,1
26.6,3.6,0.0,68,1
25.5,5.8,0.0,71,1
25.0,3.6,0.0,100,0
25.1,5.8,0.0,73,0
24.3,7.2,0.0,80,0
26.4,5.8,0.0,70,1
27.2,7.2,0.0,68,1
24.4,4.0,0.0,73,0
29.4,6.5,0.0,66,1
28.3,4.3,0.0,69,1
29.3,5.4,0.0,61,1
28.5,5.4,0.0,66,1
27.0,5.8,0.0,66,1
27.7,5.8,0.0,67,1
24.6,4.0,0.0,72,0
23.5,7.9,0.0,80,0
30.0,3.6,0.0,94,0
28.9,4.3,0.0,68,1
29.1,4.7,0.0,69,1
28.8,3.6,0.0,67,1
28.3,8.6,0.0,66,1
22.6,7.6,0.0,81,0
28.6,9.4,0.0,69,1
28.6,3.6,0.0,71,1
29.2,5.4,0.0,70,1
29.3,5.0,0.0,66,1
27.8,6.5,0.0,70,1
28.9,9.0,0.0,67,1
29.3,4.0,0.0,69,1
28.1,8.6,0.0,66,1
28.7,4.3,0.0,71,1
24.6,5.0,0.0,75,0
28.8,4.7,0.0,71,1
28.1,6.5,0.0,63,1
28.6,7.2,0.0,69,1
28.7,7.2,0.0,69,1
28.7,7.9,0.0,69,1
27.3,7.6,0.0,68,1
28.7,7.9,0.0,70,1
29.0,3.6,0.0,70,1
24.6,4.3,0.0,84,0
28.6,11.5,0.0,51,1
26.4,7.6,0.0,66,1
25.4,8.6,0.0,71,1
27.5,8.3,0.0,62,1
26.3,6.8,0.0,69,1
28.1,10.1,0.0,54,1
27.6,7.2,0.0,56,1
28.4,4.0,0.0,50,1
29.4,11.2,0.0,46,1
28.2,10.1,0.0,54,1
28.3,8.3,0.0,56,1
25.3,3.6,0.0,78,0
24.1,5.8,0.0,72,0
25.8,9.4,0.3,84,0
27.9,31.7,0.0,83,2
25.0,3.6,0.0,71,1
25.6,5.0,1.6,81,0
4.7,6.5,0.0,86,3
26.4,3.6,0.0,83,0
27.0,4.0,0.1,100,0
27.1,8.3,0.0,79,0
25.0,4.3,0.4,94,0
24.9,3.6,0.0,93,0
23.9,4.0,8.8,97,4
25.4,3.6,0.0,90,0
26.6,3.6,0.0,77,0
20.9,6.5,0.0,84,0
20.3,3.6,0.0,97,0
25.3,3.6,0.0,90,0
26.0,6.1,0.0,86,0
25.7,4.0,0.0,91,0
25.4,4.3,0.0,92,0
26.8,14.4,1.1,82,2
26.6,16.6,1.3,83,2
24.6,6.1,0.0,89,0
21.3,3.6,1.1,99,0
21.3,3.6,6.2,99,4
21.0,3.6,0.7,98,0
25.2,7.6,0.0,87,0
19.9,3.6,1.7,98,0
16.5,3.6,0.8,98,0
30.0,3.6,0.0,89,0
20.4,3.6,2.6,98,0
20.5,3.6,3.8,97,0
23.9,4.3,1.9,95,0
21.3,4.3,0.9,96,0
18.4,3.6,3.9,100,0
23.8,3.6,0.6,94,0
27.8,4.7,1.7,97,0
18.8,3.6,1.1,99,0
25.3,6.8,0.0,91,0
24.4,4.0,9.0,97,4
23.0,9.0,1.1,78,0
21.2,4.0,0.0,88,0
25.5,5.8,0.0,73,1
22.1,4.3,0.0,86,0
23.6,4.0,0.0,86,0
23.8,4.7,0.0,82,0
23.0,3.6,0.0,79,0
26.3,7.2,0.0,78,0
21.7,5.0,0.0,83,0
27.4,9.4,0.0,64,1
26.1,5.0,0.0,71,1
23.7,6.1,0.0,72,0
25.5,8.6,1.1,68,1
26.6,3.6,0.0,70,1
25.2,5.8,0.0,76,0
24.0,5.8,0.0,79,0
25.4,3.6,0.0,73,0
21.0,5.4,0.0,84,0
19.7,4.3,0.0,89,0
21.4,5.8,0.0,87,0
0.2,3.6,0.0,84,3
23.4,6.1,0.0,85,0
23.0,4.7,0.0,85,0
16.7,5.0,0.0,91,0
17.7,6.8,0.0,88,0
9.0,7.9,0.0,73,3
8.4,4.3,0.0,77,3
22.3,4.3,0.0,83,0
24.7,5.0,0.0,88,0
23.4,3.6,0.2,94,0
26.1,13.3,0.9,87,2
25.0,4.0,2.7,94,0
25.5,11.2,3.8,89,0
26.0,6.1,0.3,84,0
22.4,9.4,2.0,90,0
25.0,6.1,0.1,89,0
24.2,4.0,0.0,96,0
25.0,4.0,0.0,94,0
25.0,15.1,0.1,89,2
25.0,6.1,0.0,89,0
27.9,27.4,0.9,79,2
29.2,6.5,0.0,71,1
29.7,6.1,0.0,66,1
29.7,3.6,0.0,62,1
23.2,5.0,0.6,89,0
28.1,5.4,0.0,73,1
28.8,7.2,0.0,70,1
29.1,5.4,0.0,70,1
29.3,3.6,0.0,65,1
28.0,5.0,0.0,65,1
26.5,8.6,0.0,82,0
24.9,4.7,0.0,73,0
25.8,4.3,0.0,70,1
28.0,3.6,0.0,94,0
25.6,5.4,0.0,68,1
26.1,5.4,0.0,66,1
26.8,6.8,0.0,63,1
26.1,9.4,0.0,67,1
25.5,3.6,0.0,71,1
25.9,3.6,0.0,71,1
26.3,9.4,0.0,63,1
25.9,7.6,0.0,67,1
24.5,4.7,0.0,74,0
26.3,10.1,0.0,66,1
28.0,7.6,0.0,43,1
25.9,5.8,0.0,67,1
21.4,6.8,0.0,84,0
20.6,7.9,0.0,89,0
26.1,6.1,0.0,65,1
18.5,4.7,0.0,95,0
21.3,16.2,0.1,90,2
21.4,11.2,0.0,93,0
26.3,7.2,0.2,65,1
23.0,9.0,0.0,78,0
21.3,11.5,0.0,90,0
22.9,6.1,0.0,73,0
26.2,5.4,0.0,64,1
22.2,15.8,1.7,89,2
26.0,6.1,0.2,84,0
23.7,14.8,0.8,79,2
19.1,9.0,0.0,95,0
20.3,6.8,0.0,93,0
25.3,10.1,0.8,72,1
22.0,6.1,2.6,94,0
21.4,8.6,0.3,85,0
20.2,7.6,0.0,95,0
23.4,16.2,1.0,83,2
22.6,11.2,0.0,76,0
22.4,11.5,1.4,85,0
22.6,7.2,0.0,78,0
27.5,10.4,0.0,59,1
25.2,7.2,0.0,67,1
20.4,7.2,0.0,97,0
24.1,3.6,0.4,86,0
25.0,13.3,0.0,72,2
23.7,6.8,0.0,76,0
24.5,8.3,0.0,74,0
23.1,6.8,0.0,75,0
24.0,12.2,0.0,71,1
20.1,5.4,0.1,94,0
21.0,10.1,0.6,92,0
21.1,6.8,0.0,93,0
24.2,6.5,0.0,71,1
22.4,13.7,0.0,85,2
25.3,5.8,0.0,85,0
27.0,9.0,0.0,79,0
23.2,11.5,0.0,85,0
25.4,11.9,0.0,73,1
23.3,5.4,0.2,83,0
24.7,13.3,0.0,69,1
22.6,11.5,0.0,80,0
27.0,6.8,0.0,89,0
25.7,3.6,0.0,79,0
26.9,3.6,0.0,76,0
26.4,4.7,0.0,75,0
20.7,3.6,0.0,83,0
25.6,3.6,0.0,75,0
27.1,4.0,0.0,68,1
28.0,3.6,0.0,72,1
25.4,3.6,0.0,76,0
27.0,3.6,0.2,89,0
27.7,4.0,0.0,71,1
28.2,9.0,0.0,75,1
27.8,4.7,0.0,70,1
26.1,4.0,0.0,71,1
28.3,6.8,0.0,70,1
25.5,4.3,0.0,73,0
22.5,4.3,0.0,74,0
24.6,3.6,0.0,76,0
27.7,19.4,0.0,53,2
26.7,25.6,0.0,69,2
26.3,15.1,0.0,58,1
30.1,11.9,0.0,39,1
27.4,23.8,0.0,56,2
26.0,16.6,0.0,73,2
30.0,9.0,0.0,39,1
26.9,20.5,0.0,64,2
29.0,20.2,0.0,49,1
29.2,28.1,0.0,53,2
24.0,12.6,0.0,74,2
27.3,14.0,0.0,61,1
25.9,15.8,0.0,68,2
28.0,9.0,0.0,70,1
25.5,16.2,0.0,69,2
25.5,12.2,0.0,70,1
22.2,10.8,0.0,80,0
24.9,19.8,0.0,68,2
29.0,13.0,0.0,55,1
22.7,12.6,0.0,79,2
23.4,11.2,0.0,77,0
24.9,9.4,0.0,70,1
25.0,3.6,0.7,83,0
26.6,7.2,0.6,75,0
25.0,3.6,1.7,83,0
26.4,5.8,0.4,78,0
27.6,3.6,0.4,74,1
27.6,6.1,0.0,66,1
26.5,10.1,0.1,82,0
25.0,3.6,0.2,83,0
25.0,15.1,0.0,89,2
22.6,4.3,2.0,89,0
25.9,3.6,0.0,78,0
25.0,3.6,0.9,83,0
23.9,4.0,0.0,79,0
26.7,12.2,0.0,71,1
25.5,5.4,0.0,68,1
23.8,5.0,2.1,86,0
25.6,3.6,0.0,80,0
26.6,3.6,0.0,75,0
27.7,4.3,0.0,70,1
26.8,3.6,0.0,76,0
26.6,6.5,0.0,72,1
27.1,4.7,0.0,73,1
26.6,5.8,0.0,73,1
27.9,3.6,0.0,64,1
27.2,6.5,0.0,68,1
25.3,3.6,0.0,82,0
25.6,3.6,0.0,81,0
26.5,3.6,0.0,79,0
28.6,3.6,0.0,59,1
28.2,5.8,0.0,63,1
27.7,6.1,0.0,68,1
27.9,7.6,0.0,79,0
28.4,5.0,0.0,65,1
25.2,3.6,0.0,86,0
28.1,8.6,0.0,62,1
28.2,8.3,0.0,61,1
28.1,7.2,0.0,65,1
27.1,3.6,0.0,72,1
27.8,9.0,0.0,56,1
28.0,7.9,0.0,68,1
27.6,3.6,0.0,68,1
28.9,8.3,0.0,65,1
27.3,6.5,0.0,70,1
26.9,11.9,0.0,69,1
27.8,11.2,0.0,65,1
23.6,11.5,0.0,84,0
28.2,9.7,0.0,61,1
27.3,9.7,0.0,70,1
27.1,5.0,0.0,74,1
27.7,9.7,0.0,66,1
27.3,11.2,0.0,65,1
27.5,4.3,0.0,72,1
24.9,8.3,0.0,77,0
28.5,6.8,0.0,66,1
27.9,7.9,0.0,66,1
24.9,6.5,0.0,79,0
24.5,6.1,0.0,85,0
27.4,10.1,0.0,65,1
28.8,8.6,0.0,58,1
26.8,17.6,0.0,82,2
26.0,13.0,1.5,84,2
26.9,14.8,0.0,81,2
26.0,13.0,1.8,84,2
24.8,14.8,0.1,85,2
27.5,9.7,0.0,66,1
27.6,9.0,0.0,69,1
25.9,12.2,0.4,71,1
28.8,12.6,0.0,61,1
25.2,11.9,0.0,72,1
28.4,10.4,0.0,66,1
24.5,6.1,2.6,74,0
25.9,7.9,0.3,77,0
25.1,15.1,0.0,73,2
27.7,6.8,0.0,58,1
25.9,10.8,0.0,72,1
27.7,15.1,0.0,62,1
27.3,10.1,0.0,66,1
21.7,12.2,0.0,87,0
26.9,13.3,0.0,65,1
24.3,6.8,0.0,70,1
24.2,7.2,0.4,83,0
24.5,6.5,0.0,75,0
23.4,6.1,0.0,79,0
24.5,7.6,0.0,72,1
25.9,8.6,0.0,71,1
23.6,5.8,0.0,79,0
24.7,8.6,0.0,74,0
24.1,6.8,0.0,77,0
24.3,5.0,0.1,81,0
24.8,3.6,0.0,76,0
24.7,8.3,0.0,76,0
24.6,6.1,0.0,75,0
23.0,11.2,0.0,89,0
25.0,4.0,0.0,69,1
24.0,3.6,1.1,91,0
28.2,7.9,0.0,78,1
25.4,4.0,3.4,92,0
19.8,3.6,3.6,97,0
28.8,4.0,0.0,67,1
25.7,4.0,0.5,79,0
22.8,10.8,0.0,86,0
19.0,6.1,0.0,82,0
24.2,13.3,0.0,77,2
24.0,6.8,0.0,74,0
22.5,6.8,0.0,74,0
22.8,3.6,0.0,76,0
24.1,3.6,0.0,73,0
23.4,7.9,0.0,74,0
23.4,6.5,0.0,80,0
24.4,4.3,0.0,78,0
27.0,11.9,0.0,66,1
22.0,6.1,0.0,88,0
27.4,10.1,0.0,64,1
27.1,3.6,0.0,77,0
23.8,6.1,0.0,85,0
24.0,6.1,0.0,74,0
23.5,12.6,0.0,74,2
24.7,3.6,0.0,65,1
23.9,10.1,0.0,78,0
23.7,11.2,0.0,73,1
25.7,11.5,0.0,73,1
23.9,10.4,0.0,79,0
24.6,12.6,0.0,69,1
26.3,10.4,0.0,68,1
27.2,15.1,0.0,64,1
27.8,10.4,0.0,63,1
23.3,10.1,0.0,80,0
22.9,6.1,0.0,76,0
24.8,3.6,0.0,66,1
24.2,6.5,0.0,77,0
27.6,16.6,0.0,58,1
25.0,7.2,0.0,74,0
27.0,6.1,0.0,89,0
25.6,9.7,0.0,73,1
23.5,7.6,0.0,74,0
27.6,8.3,0.0,56,1
24.0,3.6,0.0,81,0
23.7,10.4,0.0,69,1
24.7,14.0,0.0,73,2
26.4,10.4,0.0,69,1
23.7,3.6,0.0,67,1
24.6,4.3,0.0,76,0
24.4,4.7,0.0,81,0
23.4,10.1,0.0,87,0
19.9,6.8,0.0,84,0
29.0,10.4,0.0,61,1
16.3,8.6,0.0,75,3
27.2,4.3,0.0,68,1
16.8,6.1,0.0,73,3
17.9,6.8,0.0,82,0
29.0,10.4,0.0,58,1
25.4,4.3,0.0,70,1
15.3,3.6,0.0,69,3
10.6,5.0,0.0,69,3
7.1,5.8,0.0,34,3
12.7,3.6,0.0,65,3
15.4,9.0,0.0,76,3
14.7,3.6,0.0,65,3
19.3,8.6,0.0,75,0
28.6,9.7,0.0,58,1
14.6,7.2,0.0,67,3
25.4,4.7,0.0,71,1
25.3,5.8,0.0,75,0
12.0,7.2,0.0,46,3
13.1,4.0,0.0,79,3
24.9,5.4,0.0,88,0
24.9,10.4,0.0,82,0
26.7,12.2,0.0,69,1
27.7,16.6,0.0,53,1
27.6,9.7,0.0,71,1
26.9,18.0,0.0,64,2
26.4,11.9,0.0,68,1
24.1,10.8,0.0,77,0
25.1,11.9,0.0,71,1
26.6,12.6,0.0,73,1
27.0,14.8,0.0,74,2
25.6,8.6,0.0,80,0
24.9,10.8,0.0,82,0
23.2,5.8,0.0,86,0
26.5,14.0,0.0,73,2
25.3,7.2,0.0,85,0
25.5,8.3,0.0,83,0
26.1,14.0,0.0,69,1
25.6,10.1,0.0,80,0
27.0,22.0,0.0,79,2
26.3,15.5,0.0,67,2
25.1,4.7,0.0,87,0
27.1,6.5,0.1,81,0
27.0,5.8,0.6,80,0
27.8,6.1,0.0,77,1
28.3,10.4,0.0,72,1
24.5,4.3,0.0,82,0
26.9,6.8,0.1,81,0
26.3,4.0,0.0,66,1
27.1,3.6,0.0,75,0
27.2,3.6,0.0,76,0
27.5,4.3,1.4,63,1
25.6,4.0,2.0,85,0
28.9,4.0,0.0,59,1
29.6,6.8,0.0,62,1
28.4,3.6,0.0,70,1
25.7,5.4,0.0,70,1
26.1,7.9,0.0,70,1
24.8,6.8,0.0,75,0
28.0,3.6,0.0,89,0
26.4,7.6,0.0,70,1
28.4,7.9,0.0,64,1
24.3,4.7,0.0,71,1
28.9,6.1,0.0,66,1
29.1,3.6,0.0,65,1
29.3,5.8,0.0,63,1
29.3,5.0,0.0,64,1
27.7,5.8,0.0,66,1
29.4,5.0,0.0,63,1
25.0,4.3,0.0,69,1
26.0,8.3,0.0,70,1
26.1,7.6,0.0,70,1
31.0,4.0,0.0,94,0
29.5,8.6,0.0,65,1
29.2,7.6,0.0,69,1
28.7,7.2,0.0,71,1
23.4,6.8,0.0,73,0
28.8,9.7,0.0,66,1
28.8,6.5,0.0,70,1
29.5,5.8,0.0,66,1
29.1,7.9,0.0,66,1
28.5,4.0,0.0,69,1
28.8,6.8,0.0,67,1
28.7,4.7,0.0,70,1
28.2,10.1,0.0,67,1
28.8,5.8,0.0,68,1
26.0,5.0,0.0,69,1
28.9,6.5,0.0,68,1
28.8,8.3,0.0,68,1
27.7,8.6,0.0,66,1
28.6,9.4,0.0,68,1
28.6,10.1,0.0,68,1
27.9,8.3,0.0,66,1
29.2,8.3,0.0,68,1
29.0,6.8,0.0,79,1
24.9,3.6,0.0,84,0
30.0,13.0,0.0,47,1
27.1,3.6,0.0,68,1
26.1,7.2,0.0,72,1
28.3,6.8,0.0,61,1
27.1,5.4,0.0,69,1
29.0,9.4,0.0,49,1
28.7,6.1,0.0,52,1
30.0,11.5,0.0,40,1
31.1,17.6,0.0,43,1
28.9,7.9,0.0,54,1
25.7,3.6,0.0,77,0
24.9,4.7,0.0,68,1
26.7,13.3,0.4,83,2
27.6,40.0,3.9,82,2
26.1,3.6,0.0,70,1
25.8,5.0,0.5,80,0
5.9,5.0,0.1,87,3
27.8,3.6,0.0,75,1
27.0,6.1,0.0,100,0
27.9,9.0,0.0,78,1
24.8,4.0,8.5,98,4
24.4,3.6,4.0,97,0
24.7,3.6,0.0,99,0
25.2,3.6,1.6,93,0
26.8,4.3,0.0,77,0
21.7,4.7,0.0,83,0
20.8,3.6,0.2,98,0
25.6,5.0,0.0,89,0
26.6,6.1,0.0,85,0
25.6,3.6,2.0,93,0
25.2,3.6,0.0,93,0
26.7,10.1,0.4,84,0
26.1,15.5,0.0,85,2
25.0,5.4,0.0,90,0
22.9,3.6,0.0,99,0
21.7,3.6,6.1,100,4
20.4,3.6,3.5,100,0
26.3,10.8,0.2,86,0
19.9,3.6,4.1,99,0
16.5,3.6,4.6,100,0
20.5,3.6,3.1,99,0
20.3,3.6,1.3,98,0
24.0,3.6,4.0,97,0
21.4,4.3,1.0,98,0
17.9,3.6,1.2,100,0
24.1,3.6,0.8,96,0
27.9,4.7,0.1,98,0
18.5,3.6,0.2,99,0
25.3,5.0,0.5,96,0
24.2,3.6,12.0,99,4
20.0,11.2,6.4,94,4
22.6,3.6,0.1,83,0
27.7,5.0,0.0,68,1
24.3,4.3,0.0,79,0
24.8,3.6,0.2,86,0
25.2,5.4,0.0,76,0
25.9,4.3,0.0,71,1
27.1,3.6,0.0,74,1
23.3,4.3,0.0,77,0
27.3,8.3,0.0,63,1
27.0,3.6,0.0,69,1
24.8,5.0,0.0,67,1
27.9,3.6,0.1,58,1
27.1,3.6,0.0,69,1
27.9,3.6,0.0,66,1
26.8,4.0,0.0,71,1
26.7,3.6,0.0,69,1
21.6,5.4,0.0,83,0
20.2,3.6,0.0,88,0
22.3,4.7,0.0,88,0
1.2,3.6,0.0,73,3
23.6,3.6,0.0,86,0
23.5,3.6,0.0,86,0
17.8,4.0,0.0,94,0
18.5,5.4,0.0,88,0
9.8,6.1,0.0,80,3
9.1,4.7,0.0,80,3
25.2,5.4,0.0,74,0
25.1,5.0,0.0,90,0
23.2,3.6,0.0,96,0
26.2,9.7,0.4,85,0
25.0,3.6,1.3,94,0
25.5,10.8,0.7,89,0
25.0,6.1,0.6,100,0
22.7,7.6,0.0,91,0
24.0,6.8,0.2,94,0
24.1,3.6,0.0,96,0
25.0,3.6,0.0,94,0
25.0,3.6,0.1,89,0
24.0,6.8,0.0,94,0
28.0,23.4,0.9,78,2
28.4,10.8,0.0,77,1
29.2,9.0,0.0,75,1
30.3,5.0,0.0,64,1
23.3,5.4,0.2,88,0
27.6,3.6,0.0,74,1
28.6,8.6,0.0,77,1
28.4,8.6,0.0,77,1
28.9,7.2,0.0,65,1
28.9,5.4,0.0,64,1
27.4,5.0,0.0,80,0
24.5,6.1,0.0,75,0
26.0,4.7,0.0,74,0
28.0,6.8,0.0,94,0
25.7,5.8,0.0,73,1
26.5,4.3,0.0,70,1
27.4,6.1,0.0,64,1
26.3,9.0,0.0,69,1
25.6,3.6,0.0,76,0
26.1,5.0,0.0,74,1
27.1,6.5,0.0,53,1
26.0,8.3,0.0,71,1
25.0,5.8,0.0,74,0
26.6,9.4,0.0,68,1
28.9,4.0,0.0,40,1
26.2,6.8,0.0,71,1
21.9,9.7,0.3,88,0
21.3,9.7,0.5,91,0
26.2,5.8,0.0,62,1
20.1,5.8,2.6,95,0
22.1,18.0,0.0,87,2
21.7,11.5,0.0,94,0
27.9,4.7,0.0,59,1
20.0,11.2,0.6,94,0
21.9,14.4,1.7,92,2
23.3,5.0,0.0,75,0
25.7,3.6,0.0,65,1
23.1,15.8,2.5,85,2
25.0,6.1,0.9,100,0
26.0,13.7,0.0,69,1
20.4,11.2,0.2,93,0
20.3,5.0,0.0,97,0
26.8,4.7,0.0,65,1
20.0,11.2,5.7,94,4
22.1,5.4,5.1,82,0
21.1,10.8,2.4,95,0
23.9,15.5,0.0,82,2
24.0,5.8,0.0,75,0
24.8,11.2,0.1,69,1
23.1,7.9,0.0,72,0
27.4,9.4,0.0,53,1
24.7,6.5,0.0,64,1
21.3,9.7,0.0,95,0
24.7,4.7,0.0,82,0
27.5,10.1,0.0,63,1
25.4,5.8,0.0,74,0
24.3,5.4,0.0,75,0
25.0,9.7,0.0,72,1
22.3,6.8,4.6,84,0
22.2,12.2,1.6,88,0
23.4,8.3,0.0,79,0
26.1,4.0,0.0,67,1
23.0,17.3,0.0,86,2
25.8,7.9,0.2,87,0
26.0,6.8,0.0,94,0
24.3,9.0,0.0,72,1
26.1,9.0,0.0,64,1
25.1,5.0,0.0,77,0
23.7,7.2,0.0,64,1
23.4,10.1,0.0,70,1
29.0,6.8,0.0,84,0
25.8,4.3,0.0,83,0
26.8,4.3,0.1,74,1
21.5,3.6,0.0,82,0
26.2,3.6,0.0,75,0
27.0,6.1,0.1,89,0
28.3,3.6,0.0,67,1
28.5,7.2,0.0,77,1
26.0,3.6,0.0,76,0
27.4,3.6,0.4,77,0
28.2,13.7,0.0,80,2
27.3,4.3,1.0,79,0
27.8,5.0,0.0,66,1
28.7,9.0,0.0,75,1
27.0,5.0,0.0,68,1
22.7,3.6,0.6,87,0
25.4,3.6,0.0,78,0
28.8,16.9,0.0,50,1
26.3,25.2,0.0,68,2
27.5,16.6,0.0,54,1
30.7,13.7,0.0,39,1
28.3,18.7,0.0,52,1
25.9,17.6,0.0,68,2
30.1,10.1,0.0,36,1
28.0,14.8,0.0,54,1
30.6,21.6,0.0,44,1
30.1,24.8,0.0,43,2
24.8,11.5,0.0,68,1
27.5,13.3,0.0,59,1
26.2,12.6,0.0,65,1
29.0,11.2,0.0,62,1
26.0,11.2,0.0,65,1
27.0,11.5,0.0,61,1
23.5,7.9,0.0,68,1
25.7,16.2,0.0,64,2
29.0,11.5,0.0,52,1
24.1,10.8,0.0,70,1
24.1,7.9,0.0,72,1
26.1,6.8,0.0,65,1
25.0,9.0,0.4,94,0
26.0,6.1,2.5,89,0
25.0,9.0,1.7,94,0
25.0,3.6,0.0,85,0
28.8,4.3,0.5,71,1
27.1,9.7,0.0,72,1
26.1,7.2,0.6,85,0
25.0,9.0,19.4,94,4
25.0,3.6,0.7,89,0
22.3,4.3,3.3,94,0
26.0,6.1,1.0,89,0
25.0,9.0,24.8,94,4
26.0,6.1,0.0,89,0
26.5,10.1,2.2,77,0
23.7,3.6,1.4,85,0
23.5,4.3,5.2,93,4
25.7,6.1,0.0,82,0
26.7,7.2,0.0,76,0
28.0,6.8,0.0,70,1
27.1,6.5,0.0,73,1
27.2,5.8,0.0,74,1
27.2,5.4,0.0,72,1
28.3,7.2,0.0,65,1
27.6,6.8,0.0,69,1
25.4,6.5,0.0,82,0
25.7,5.4,0.0,83,0
26.7,5.8,0.0,79,0
28.7,6.5,0.0,55,1
28.6,8.6,0.0,64,1
28.3,9.4,0.0,68,1
28.0,9.4,0.0,83,0
26.9,6.1,0.0,77,0
28.5,9.4,0.0,67,1
25.5,3.6,0.0,84,0
28.2,10.4,0.0,61,1
28.3,10.1,0.0,60,1
27.9,5.0,0.0,64,1
27.5,4.3,0.0,70,1
28.8,6.1,0.0,53,1
28.5,6.1,0.0,66,1
27.7,3.6,0.0,66,1
28.7,9.7,0.0,66,1
27.0,5.0,0.2,73,1
27.4,11.5,0.0,66,1
28.3,10.8,0.0,62,1
25.3,12.2,0.0,76,2
29.0,9.7,0.0,58,1
27.7,10.4,0.0,67,1
27.4,3.6,0.0,69,1
28.0,10.1,0.0,64,1
28.2,12.6,0.0,63,1
27.9,6.5,0.0,69,1
25.6,6.8,0.0,77,0
28.4,6.1,0.0,67,1
28.3,4.7,0.0,64,1
25.3,6.8,0.0,79,0
24.9,4.7,0.0,85,0
27.8,10.8,0.0,64,1
28.7,9.7,0.0,56,1
26.1,16.9,0.0,84,2
25.0,9.0,4.3,94,0
27.0,11.2,0.1,89,0
26.9,10.1,0.5,82,0
27.0,11.2,0.0,89,0
24.6,13.0,0.1,86,2
28.6,10.1,0.0,63,1
27.7,10.1,0.0,67,1
26.3,10.4,0.0,69,1
29.3,11.2,0.0,60,1
25.6,11.2,0.0,74,1
28.4,8.3,0.0,66,1
22.6,4.7,0.4,88,0
24.9,5.0,0.8,84,0
25.0,3.6,0.0,89,0
26.1,9.4,0.0,68,1
28.3,6.5,0.0,52,1
26.6,9.0,0.0,68,1
27.7,13.7,0.0,63,1
27.2,9.4,0.0,65,1
23.6,12.6,0.0,74,2
26.8,10.8,0.0,65,1
24.7,5.0,0.0,73,0
25.1,6.5,0.0,82,0
24.2,7.2,0.1,80,0
23.4,4.3,0.0,80,0
23.9,6.5,0.0,78,0
25.3,3.6,0.2,74,0
24.0,4.7,0.0,75,0
24.1,5.4,0.0,72,0
23.5,5.8,0.0,81,0
25.0,5.4,0.0,83,0
25.3,3.6,0.0,80,0
24.6,5.4,0.0,80,0
24.8,3.6,0.1,77,0
24.0,3.6,0.0,83,0
24.9,3.6,0.0,72,0
24.1,4.0,0.1,84,0
28.5,10.1,0.0,80,0
25.6,5.8,0.0,90,0
20.0,3.6,2.0,98,0
29.1,5.8,0.0,72,1
24.8,4.7,0.0,83,0
23.6,9.0,0.0,91,0
19.9,7.9,0.0,82,0
24.9,12.6,0.0,73,2
24.5,10.1,0.0,72,1
23.0,7.2,0.0,77,0
22.8,3.6,0.0,81,0
23.3,9.7,0.0,76,0
24.2,6.1,0.0,80,0
25.0,6.1,0.0,75,0
26.6,9.4,0.0,66,1
27.9,10.1,0.0,62,1
22.2,3.6,0.0,83,0
24.5,3.6,0.0,82,0
24.6,5.8,0.0,73,0
27.8,8.6,0.0,63,1
23.9,10.4,0.0,75,0
25.0,8.6,0.0,70,1
25.2,10.8,0.0,74,1
23.8,11.5,0.0,74,0
25.8,11.5,0.0,68,1
24.8,11.2,0.0,73,1
23.9,13.0,0.0,74,2
27.6,9.4,0.0,61,1
27.8,13.7,0.0,62,1
28.6,10.8,0.0,59,1
24.2,7.9,0.0,76,0
23.4,6.1,0.0,77,0
24.7,11.2,0.0,72,1
24.0,7.2,0.0,82,0
28.1,15.8,0.0,58,1
25.5,7.6,0.0,72,1
26.0,6.1,1.3,94,0
26.8,9.0,0.0,67,1
24.9,9.7,0.0,72,1
23.6,10.4,0.0,73,0
28.0,10.8,0.0,54,1
23.9,11.2,0.0,74,0
25.6,13.3,0.0,71,1
27.3,12.6,0.0,63,1
24.2,3.6,0.0,68,1
24.1,6.1,0.0,78,0
24.9,6.1,0.0,77,0
24.2,10.8,0.0,85,0
20.6,5.0,0.0,82,0
30.0,5.4,0.0,59,1
16.4,9.4,0.0,79,3
26.6,5.4,0.0,72,1
16.7,6.1,0.0,75,3
20.7,5.0,0.0,81,0
29.2,10.4,0.0,59,1
25.9,4.0,0.0,68,1
15.7,3.6,0.0,69,3
10.9,5.0,0.0,76,3
6.4,6.1,0.0,32,3
14.1,3.6,0.0,65,3
15.7,7.9,0.0,82,3
15.8,3.6,0.0,65,3
19.4,6.1,0.0,83,0
29.0,10.1,0.0,58,1
15.0,7.6,0.0,74,3
25.4,5.0,0.0,71,1
11.2,7.9,0.0,48,3
13.3,3.6,0.0,86,3
25.5,6.8,0.0,87,0
26.1,11.9,0.0,80,0
27.5,13.3,0.0,69,1
27.0,18.0,0.0,52,1
28.1,10.1,0.0,72,1
27.0,13.0,0.0,94,2
27.4,18.0,0.0,66,2
27.0,10.1,0.0,70,1
24.8,11.5,0.0,77,0
25.9,11.9,0.0,69,1
26.6,9.4,0.0,70,1
27.2,11.2,0.0,69,1
26.1,9.7,0.0,80,0
26.0,11.9,0.0,80,0
24.1,5.4,0.0,85,0
26.8,12.2,0.0,78,2
26.0,8.6,0.0,84,0
26.2,9.4,0.0,83,0
26.6,12.6,0.0,72,1
26.5,10.4,0.0,78,0
26.6,15.5,0.0,71,2
25.9,7.2,0.0,85,0
27.3,6.5,0.7,84,0
27.0,6.8,0.3,86,0
28.3,10.1,0.0,81,0
29.1,9.7,0.9,71,1
24.9,5.0,3.6,85,0
27.6,7.6,0.5,82,0
25.5,3.6,1.3,75,0
27.4,3.6,0.0,81,0
27.3,5.0,0.0,82,0
28.3,12.6,0.6,62,1
25.9,6.8,0.6,89,0
27.2,4.7,0.0,71,1
28.6,6.5,0.0,64,1
27.8,3.6,0.0,71,1
26.4,3.6,0.0,72,1
27.0,6.5,0.0,66,1
26.0,6.1,0.0,94,0
25.5,6.8,0.0,72,1
26.5,6.5,0.0,70,1
28.5,7.6,0.0,63,1
23.4,5.0,0.0,74,0
30.0,3.6,0.0,64,1
28.7,4.7,0.0,65,1
28.6,5.8,0.0,65,1
28.8,3.6,0.0,65,1
26.6,6.8,0.0,70,1
29.2,6.8,0.0,62,1
23.7,4.7,0.0,74,0
25.6,6.8,0.0,75,0
32.0,6.8,0.0,94,0
29.9,5.0,0.0,64,1
29.4,5.0,0.0,68,1
29.9,3.6,0.0,68,1
23.8,8.6,0.0,71,1
28.8,9.0,0.0,68,1
29.3,5.0,0.1,72,1
28.9,5.0,0.0,72,1
30.2,7.9,0.0,69,1
27.9,8.3,0.0,72,1
28.1,9.0,0.0,70,1
28.5,4.0,0.0,75,1
28.3,9.0,0.0,69,1
29.3,5.4,0.0,73,1
26.1,4.0,0.0,77,0
29.2,6.1,0.0,72,1
29.2,6.1,0.0,69,1
27.7,6.8,0.0,65,1
29.2,8.3,0.0,67,1
29.4,8.3,0.0,67,1
29.6,6.8,0.0,67,1
29.0,5.8,0.0,61,1
29.8,6.5,0.0,65,1
30.2,14.0,0.0,42,1
25.0,4.7,0.0,79,0
28.4,11.9,0.0,48,1
29.7,13.3,0.0,41,1
29.3,13.7,0.0,45,1
27.2,5.8,0.0,57,1
28.2,10.1,0.0,48,1
26.5,7.9,0.0,63,1
28.4,9.0,0.0,45,1
27.2,8.6,0.0,57,1
28.6,13.3,0.0,48,1
29.1,11.2,0.0,35,1
30.1,13.0,0.0,42,1
29.6,12.6,0.0,34,1
29.7,13.3,0.0,36,1
28.7,13.0,0.0,48,1
29.0,13.0,0.0,43,1
26.0,7.2,0.0,69,1
24.9,5.4,0.0,65,1
26.7,7.2,0.4,84,0
27.0,33.1,3.3,83,2
26.3,6.8,0.4,77,0
8.5,6.5,0.0,86,3
27.7,3.6,0.0,80,0
27.0,4.0,0.0,100,0
28.6,4.7,0.1,77,1
24.8,4.0,5.4,97,4
25.1,4.3,0.0,94,0
24.7,4.0,0.3,97,0
25.5,5.4,0.8,92,0
26.3,7.9,0.0,78,0
21.5,5.4,0.2,87,0
22.1,3.6,0.6,96,0
25.7,3.6,2.2,92,0
26.8,5.4,1.0,88,0
25.6,3.6,4.3,95,0
25.3,4.0,0.9,92,0
24.5,12.2,5.6,86,4
25.0,26.3,6.7,87,4
25.6,4.3,0.0,87,0
21.9,3.6,0.0,99,0
21.7,3.6,0.6,99,0
22.0,3.6,0.0,99,0
26.3,5.4,0.0,86,0
19.4,3.6,0.0,99,0
16.6,3.6,0.0,99,0
30.0,6.8,0.0,94,0
20.3,3.6,0.0,99,0
20.2,3.6,0.2,98,0
24.6,3.6,0.8,93,0
21.6,4.3,0.1,95,0
17.4,3.6,0.0,99,0
24.1,3.6,0.0,90,0
28.2,4.7,0.0,92,0
17.4,3.6,0.0,98,0
25.3,4.0,0.1,96,0
24.3,4.0,0.3,97,0
23.0,15.1,2.0,89,2
23.5,4.3,0.1,82,0
27.1,5.8,0.0,70,1
23.6,4.7,0.0,88,0
24.5,3.6,2.7,94,0
25.4,6.1,0.0,79,0
26.5,7.9,0.0,80,0
23.4,4.0,0.0,83,0
28.1,11.2,0.0,57,1
27.4,6.5,0.0,71,1
24.6,5.8,0.0,64,1
27.8,10.1,1.9,61,1
28.1,4.3,0.0,69,1
26.8,4.3,0.0,72,1
25.6,6.5,0.0,77,0
25.6,3.6,0.0,73,0
23.0,3.6,0.0,83,0
20.3,4.3,0.0,89,0
21.9,5.0,0.0,89,0
0.8,3.6,0.0,69,3
23.8,3.6,0.0,81,0
23.6,4.7,0.0,83,0
18.0,4.0,0.0,94,0
20.2,3.6,0.1,88,0
9.9,6.1,0.0,83,3
9.0,4.7,0.0,83,3
23.4,4.3,0.0,84,0
25.5,4.7,0.6,88,0
22.9,3.6,1.0,95,0
26.0,3.6,5.0,82,0
25.0,4.0,4.7,94,0
25.4,5.8,6.7,87,4
26.0,3.6,0.0,94,0
22.7,8.6,0.2,93,0
26.0,3.6,1.7,89,0
24.1,4.0,0.0,94,0
26.0,3.6,0.3,84,0
28.0,13.0,0.0,79,2
26.0,3.6,1.0,89,0
27.8,18.4,0.0,78,2
28.2,8.6,0.0,83,0
28.8,8.6,0.0,75,1
30.0,6.8,0.2,94,0
29.6,5.4,0.0,65,1
22.3,3.6,4.4,97,0
27.5,8.6,0.8,82,0
29.2,5.8,0.0,73,1
30.0,6.8,0.1,94,0
28.4,8.3,0.0,81,0
28.8,4.3,0.0,65,1
27.9,6.1,0.0,67,1
26.5,9.0,0.0,89,0
24.8,5.0,0.0,72,1
26.4,5.0,0.0,66,1
29.0,6.8,0.0,66,1
26.3,5.8,0.0,68,1
26.0,3.6,0.0,64,1
26.6,3.6,0.0,56,1
27.8,4.3,0.0,46,1
27.0,6.5,0.0,48,1
25.8,4.0,0.0,69,1
26.3,5.0,0.0,69,1
27.8,6.1,0.0,45,1
26.3,6.5,0.0,55,1
25.2,5.4,0.0,71,1
27.2,6.5,0.0,47,1
29.2,10.8,0.0,37,1
26.3,3.6,0.0,56,1
22.9,13.0,11.3,85,4
22.1,13.7,8.6,90,4
27.1,3.6,0.0,67,1
19.8,7.2,6.2,97,4
22.4,20.5,0.0,88,2
22.0,11.5,0.0,94,0
27.5,7.6,0.8,65,1
22.2,14.4,0.0,91,2
24.5,4.7,0.0,79,0
23.2,19.1,2.2,86,2
26.0,3.6,2.5,94,0
25.6,17.3,0.6,73,2
20.6,12.6,3.6,94,0
20.7,7.6,0.2,95,0
27.7,13.3,0.2,62,1
22.0,11.2,7.2,94,4
22.5,7.2,6.2,83,4
20.5,8.6,0.0,97,0
24.1,19.1,0.0,85,2
25.8,10.1,0.0,73,1
25.0,10.8,0.0,63,1
24.4,6.8,0.0,77,0
29.0,5.8,0.0,57,1
25.9,3.6,0.0,68,1
21.7,9.0,0.0,95,0
25.9,3.6,0.0,79,0
27.7,9.4,0.0,65,1
26.3,8.6,0.0,70,1
27.7,6.1,0.0,71,1
25.9,5.4,0.0,75,0
25.4,9.4,0.0,72,1
22.7,6.1,2.6,83,0
22.5,8.6,1.1,89,0
24.8,5.8,0.0,76,0
27.3,6.1,0.0,68,1
24.2,13.0,0.0,81,2
26.5,8.3,0.1,85,0
24.9,10.1,0.0,72,1
27.0,9.0,0.0,66,1
25.1,3.6,0.0,78,0
25.0,5.4,0.0,72,1
24.6,11.5,0.0,70,1
28.0,13.0,0.4,89,2
26.4,7.2,0.1,83,0
28.0,13.0,1.0,89,2
26.2,4.0,0.3,85,0
22.5,3.6,1.2,86,0
26.0,4.3,0.2,80,0
26.0,6.1,0.5,94,0
29.3,7.2,0.0,76,1
25.8,3.6,0.0,85,0
26.0,6.1,0.3,94,0
27.8,4.3,0.0,84,0
28.8,11.9,0.0,80,2
27.6,4.3,0.5,81,0
26.3,4.7,0.0,77,0
29.7,7.2,0.0,72,1
25.7,4.0,0.0,77,0
22.1,3.6,0.9,89,0
25.4,4.0,0.8,88,0
28.3,20.9,0.0,48,2
25.5,27.0,0.0,68,2
26.6,16.2,0.0,54,1
30.3,13.3,0.0,34,1
27.8,19.8,0.0,48,1
25.9,19.1,0.0,66,2
30.2,13.3,0.0,33,1
27.5,19.1,0.0,54,2
29.6,23.4,0.0,43,2
29.2,23.8,0.0,41,2
25.4,11.2,0.0,64,1
27.9,11.2,0.0,58,1
26.6,11.2,0.0,63,1
29.0,19.1,0.0,62,2
26.3,11.9,0.0,62,1
26.7,11.5,0.0,63,1
23.8,8.6,0.0,70,1
25.6,17.6,0.0,61,2
29.3,6.8,0.0,51,1
25.0,9.7,0.0,66,1
24.4,7.6,0.0,72,1
25.9,8.6,0.0,66,1
27.0,6.8,21.9,84,4
26.0,3.6,4.6,89,0
27.0,6.8,16.0,84,4
25.1,8.6,0.0,88,0
27.6,14.4,0.0,79,2
26.7,4.7,0.0,77,0
24.2,9.4,0.0,85,0
27.0,6.8,2.6,84,0
26.0,3.6,5.1,84,0
22.9,4.0,4.2,92,0
26.0,3.6,0.2,83,0
27.0,6.8,3.8,84,0
26.0,3.6,3.3,89,0
25.8,5.8,3.6,81,0
23.5,7.6,0.0,84,0
23.2,4.0,3.4,90,0
25.6,7.6,0.0,77,0
26.6,9.0,0.0,72,1
27.7,9.4,0.0,63,1
26.8,8.6,0.0,79,0
27.1,6.8,0.0,61,1
26.8,5.8,0.0,74,1
27.1,7.6,0.0,60,1
28.1,10.4,0.0,54,1
27.5,9.4,0.0,59,1
25.3,7.9,0.0,74,1
25.5,6.8,0.0,79,0
26.4,7.2,0.0,76,0
28.8,9.7,0.0,50,1
28.1,10.8,0.0,58,1
28.0,9.4,0.0,65,1
28.3,9.0,0.0,82,0
26.9,6.8,0.0,71,1
28.3,10.1,0.0,61,1
24.9,7.2,0.0,84,0
28.7,11.2,0.0,57,1
28.7,10.8,0.0,56,1
27.7,6.8,0.0,72,1
26.8,8.3,0.0,79,0
29.0,11.2,0.0,37,1
27.8,9.0,0.0,72,1
27.0,8.3,0.0,77,0
28.4,9.0,0.0,69,1
27.5,3.6,0.1,78,0
27.7,6.5,0.0,64,1
28.6,10.4,0.0,61,1
25.4,9.0,0.0,74,1
29.3,9.7,0.0,58,1
28.0,8.3,0.0,67,1
26.9,8.6,0.0,78,0
27.9,7.2,0.0,67,1
28.7,9.4,0.0,60,1
27.2,7.6,0.0,74,1
25.7,5.4,0.0,69,1
27.9,9.0,0.0,72,1
28.1,6.8,0.0,66,1
29.8,8.3,0.0,47,1
25.3,6.8,0.0,71,1
25.0,3.6,0.0,82,0
28.4,11.2,0.0,60,1
29.5,9.0,0.0,52,1
25.1,30.6,11.0,87,4
27.0,6.8,4.9,84,0
28.0,19.1,0.1,84,2
24.6,11.9,2.8,83,0
28.0,19.1,1.9,84,2
24.2,12.6,2.0,90,0
29.0,4.0,0.0,60,1
27.9,8.6,0.0,67,1
27.1,12.6,0.0,63,1
29.8,8.3,0.0,57,1
26.3,11.5,0.0,68,1
28.3,9.4,0.0,69,1
22.9,9.4,4.4,87,0
25.6,6.8,1.0,79,0
26.0,3.6,0.0,84,0
26.3,10.4,0.0,67,1
28.4,9.7,0.0,52,1
26.8,11.5,0.0,63,1
28.1,11.2,0.0,60,1
28.4,9.4,0.0,59,1
23.8,10.4,0.0,76,0
27.8,12.2,0.0,59,1
26.1,5.8,0.3,79,0
26.4,3.6,0.2,81,0
25.9,3.6,0.0,80,0
24.4,3.6,0.0,86,0
26.9,3.6,1.7,83,0
26.0,4.7,0.0,75,0
25.5,4.3,0.3,78,0
25.5,3.6,0.0,80,0
25.9,3.6,0.9,84,0
26.2,4.7,2.3,86,0
26.0,4.0,0.8,83,0
25.9,5.4,2.9,83,0
25.1,3.6,1.4,77,0
24.6,4.0,0.0,85,0
28.8,8.6,1.2,80,0
25.7,5.8,0.7,91,0
20.2,3.6,0.0,98,0
31.3,12.6,0.0,38,1
31.0,9.0,0.0,41,1
28.9,6.8,0.0,66,1
28.7,6.1,0.0,54,1
25.0,7.9,4.5,87,0
23.3,11.5,0.0,91,0
21.0,5.8,0.0,74,0
25.9,13.3,0.0,66,1
26.0,12.2,0.0,65,1
23.8,9.0,0.0,78,0
22.7,4.0,0.0,80,0
24.0,6.1,0.0,72,0
23.1,12.2,0.0,73,2
25.5,5.8,0.0,79,0
25.8,8.3,0.0,69,1
27.2,11.5,0.0,63,1
27.7,6.1,0.0,60,1
24.5,4.7,0.0,78,0
24.4,4.7,0.0,88,0
23.6,7.6,0.0,79,0
27.5,6.5,0.0,58,1
25.0,7.9,0.0,68,1
24.9,11.5,0.0,73,1
23.5,11.2,0.0,75,0
27.9,11.2,0.0,62,1
25.6,10.4,0.0,66,1
27.2,8.6,0.0,56,1
27.9,11.2,0.0,54,1
28.7,12.2,0.0,55,1
23.0,10.4,0.0,83,0
24.6,7.9,0.0,80,0
24.7,10.1,0.0,71,1
27.9,12.2,0.0,53,1
26.7,8.3,0.0,67,1
25.9,5.8,0.0,68,1
24.1,11.9,0.0,78,0
23.8,13.7,0.0,70,2
27.0,19.1,0.0,50,1
23.9,3.6,0.0,87,0
23.5,13.0,0.0,76,2
25.7,11.9,0.0,65,1
28.0,12.2,0.0,59,1
23.6,4.0,0.0,72,0
24.9,6.8,0.0,71,1
25.8,5.8,0.0,72,1
24.4,11.2,0.0,87,0
20.3,6.5,0.0,88,0
28.8,5.0,0.0,57,1
15.8,10.1,0.0,74,3
25.9,3.6,0.0,81,0
16.2,7.9,0.0,70,3
20.0,6.5,0.0,85,0
29.2,10.1,0.0,55,1
25.7,4.7,0.0,68,1
14.8,3.6,0.1,79,3
10.2,4.0,0.0,80,3
5.5,6.8,0.0,49,3
14.9,3.6,0.0,76,3
15.5,7.9,0.0,81,3
19.3,7.2,0.0,80,0
12.0,3.6,0.3,75,3
29.3,10.4,0.0,53,1
14.2,8.6,0.0,79,3
25.2,7.2,0.0,70,1
11.3,7.9,0.0,62,3
13.1,3.6,0.0,86,3
25.5,9.0,0.0,88,0
26.1,12.2,0.0,78,2
26.8,15.1,0.0,73,2
25.6,21.6,0.0,58,2
28.3,11.2,0.0,76,1
27.0,6.8,0.0,84,0
27.0,18.0,0.0,66,2
27.3,13.0,0.0,67,1
24.0,10.4,0.0,84,0
25.0,11.9,0.0,75,1
26.2,10.8,0.0,74,1
26.8,8.6,0.0,75,1
26.3,10.8,0.0,80,0
26.1,12.6,0.0,77,2
23.5,6.5,0.0,87,0
26.8,15.5,0.0,76,2
26.0,10.8,0.0,85,0
26.2,11.9,0.0,84,0
26.1,16.2,0.0,75,2
26.6,13.7,0.0,76,2
28.0,16.9,0.0,66,2
26.3,15.1,0.0,71,2
25.7,8.6,0.0,87,0
26.3,19.4,2.1,90,2
26.6,5.0,0.4,85,0
27.8,7.2,0.0,82,0
25.9,23.0,6.0,87,4
25.0,7.2,0.7,83,0
26.3,6.5,0.0,81,0
24.9,6.1,3.9,83,0
26.0,9.0,0.0,88,0
26.5,3.6,0.0,85,0
25.8,20.2,4.7,69,2
26.0,8.6,1.0,90,0
25.3,5.4,3.5,86,0
29.3,6.1,0.0,64,1
27.6,4.3,0.0,75,1
25.0,3.6,0.2,85,0
25.4,4.3,0.0,74,0
26.0,4.0,0.0,100,0
25.8,5.8,0.0,73,1
28.0,4.0,0.0,89,0
27.6,4.3,0.0,66,1
29.0,7.2,0.0,64,1
25.6,5.4,0.0,76,0
30.2,3.6,0.0,66,1
30.1,4.3,0.0,61,1
30.0,4.0,0.0,62,1
28.8,3.6,0.1,65,1
27.3,7.9,0.0,69,1
29.6,5.0,0.0,63,1
25.0,4.3,0.0,76,0
25.4,5.4,0.0,71,1
29.0,3.6,0.0,100,0
30.2,6.1,0.0,65,1
30.2,3.6,0.0,72,1
29.8,6.1,0.0,73,1
23.7,9.0,0.0,77,0
29.3,5.0,0.0,65,1
28.5,7.2,0.0,76,1
29.1,4.7,0.0,72,1
29.2,3.6,0.0,73,1
28.1,5.4,0.0,71,1
28.3,7.6,0.0,68,1
28.7,3.6,0.0,76,1
28.6,7.2,0.0,64,1
28.6,3.6,2.0,79,0
24.4,6.5,0.0,90,0
28.9,4.0,0.1,77,1
29.3,5.0,0.0,73,1
27.8,6.5,0.0,64,1
29.0,5.8,0.0,73,1
29.3,5.8,0.0,71,1
28.5,4.3,0.0,66,1
30.0,3.6,0.0,69,1
24.8,4.0,0.0,78,0
27.5,14.0,0.0,38,1
26.6,7.2,0.0,57,1
26.3,6.8,0.0,61,1
27.3,8.3,0.0,43,1
26.9,8.6,0.0,56,1
27.8,14.4,0.0,41,1
27.2,6.8,0.0,37,1
27.8,5.0,0.0,29,1
28.2,10.4,0.0,33,1
27.7,14.0,0.0,41,1
27.5,11.9,0.0,37,1
25.6,4.3,0.0,70,1
24.5,5.0,0.0,69,1
25.9,7.6,1.0,85,0
27.4,34.2,9.0,83,4
24.1,3.6,0.4,81,0
25.9,5.8,0.1,85,0
8.3,7.9,0.1,88,3
25.9,5.4,0.0,92,0
27.0,3.6,1.6,100,0
26.3,9.4,3.7,90,0
25.0,5.0,0.0,94,0
25.5,4.3,0.0,92,0
24.9,6.1,0.9,92,0
25.9,5.8,0.2,88,0
25.8,7.6,0.0,72,1
20.6,7.6,0.0,88,0
20.9,3.6,0.1,97,0
25.5,5.8,1.5,94,0
26.5,7.2,3.3,90,0
26.2,3.6,2.3,93,0
25.7,3.6,2.1,94,0
26.4,19.8,1.1,78,2
27.0,5.4,4.2,81,0
25.3,3.6,0.0,89,0
22.4,3.6,43.8,100,4
21.3,3.6,37.9,100,4
19.7,3.6,7.0,99,4
25.2,6.1,0.0,88,0
19.3,5.0,0.8,97,0
15.4,3.6,0.2,97,3
27.0,6.8,0.0,94,0
19.8,4.3,0.0,98,0
20.5,4.0,0.0,98,0
24.3,4.7,0.0,85,0
21.3,5.4,0.0,94,0
16.3,3.6,0.0,99,0
23.7,3.6,0.0,95,0
17.5,5.4,0.0,96,0
17.5,3.6,0.0,98,0
25.8,4.0,0.9,95,0
24.6,6.5,0.9,93,0
22.0,13.0,0.0,88,0
23.3,3.6,0.0,91,0
26.6,6.1,0.0,80,0
23.7,4.0,0.7,91,0
24.9,3.6,0.0,91,0
24.9,5.8,0.0,88,0
25.0,3.6,0.0,75,0
26.4,9.0,0.0,79,0
23.3,5.4,0.0,89,0
27.3,14.0,0.0,50,1
26.3,7.6,0.0,82,0
24.5,5.4,0.0,69,1
24.4,17.3,8.1,81,4
25.9,7.9,0.0,84,0
25.6,6.5,0.0,85,0
25.3,4.7,0.0,82,0
23.9,3.6,1.1,92,0
21.9,5.4,0.0,79,0
20.9,4.7,0.0,85,0
22.6,5.4,0.0,88,0
-0.6,3.6,0.0,67,3
23.7,3.6,0.0,72,0
23.6,5.4,0.0,78,0
17.7,5.8,0.0,91,0
22.4,4.3,0.1,84,0
10.4,7.2,0.2,81,3
8.3,4.7,0.0,82,3
26.1,4.3,0.0,69,1
25.2,4.0,0.0,89,0
22.9,3.6,0.0,96,0
25.5,9.4,1.2,87,0
25.0,4.0,1.6,94,0
25.4,7.2,1.7,86,0
26.0,6.1,1.4,94,0
21.5,10.4,0.0,88,0
25.0,6.1,0.5,83,0
24.4,3.6,0.0,93,0
25.0,9.0,0.0,83,0
25.0,6.1,0.1,83,0
27.5,14.8,0.4,78,2
29.3,7.6,0.0,77,1
30.1,5.4,0.0,71,1
30.2,3.6,0.0,67,1
20.8,7.2,1.3,91,0
27.2,7.2,0.1,85,0
28.8,6.5,0.0,74,1
28.8,5.4,0.0,71,1
29.0,7.9,0.0,65,1
28.4,6.1,0.0,68,1
26.5,8.6,0.0,91,0
24.9,7.2,0.0,71,1
26.1,4.7,0.0,64,1
28.0,11.2,0.0,74,1
26.0,5.4,0.0,64,1
25.7,5.0,0.0,63,1
25.9,6.1,0.0,57,1
26.4,5.8,0.0,42,1
25.7,7.6,0.0,43,1
25.6,3.6,0.0,67,1
26.2,4.7,0.0,65,1
26.2,5.4,0.0,35,1
25.3,9.0,0.0,60,1
25.2,4.7,0.0,71,1
25.8,7.9,0.0,48,1
27.3,4.0,0.0,31,1
25.5,6.5,0.0,58,1
21.5,10.1,0.1,90,0
21.2,10.4,0.0,90,0
25.5,3.6,1.3,78,0
19.2,6.1,0.0,95,0
21.3,14.4,0.0,86,2
20.8,10.8,0.0,95,0
25.7,12.2,3.7,79,2
22.0,13.0,1.1,88,0
21.2,12.2,0.0,91,0
24.2,4.7,9.5,86,4
25.8,9.4,4.7,77,0
22.3,17.3,0.0,86,2
23.4,17.6,0.0,86,2
19.9,13.0,0.0,92,0
19.6,5.4,0.0,97,0
24.7,13.7,0.7,76,2
22.0,11.2,6.6,94,4
21.6,7.2,1.8,90,0
20.1,8.3,0.4,96,0
23.4,15.5,0.0,83,2
23.8,10.4,0.0,83,0
24.5,9.0,0.0,74,0
24.3,11.9,3.5,81,0
26.3,13.3,5.7,73,4
25.6,7.2,4.0,72,0
21.7,6.5,0.3,96,0
25.8,5.8,0.0,83,0
25.6,14.0,0.0,73,2
24.7,7.6,0.1,82,0
26.4,8.3,0.4,77,0
25.0,8.6,0.0,83,0
24.5,9.4,0.0,74,0
20.6,6.5,0.3,94,0
21.7,13.0,4.2,93,0
22.5,8.3,0.0,89,0
25.4,7.2,0.0,71,1
23.2,17.6,0.0,87,2
25.5,4.7,0.7,88,0
24.1,11.5,0.0,82,0
24.9,11.9,0.0,75,1
24.9,5.4,0.0,85,0
24.9,9.0,0.0,76,0
23.9,12.2,0.0,77,0
26.4,6.1,0.1,83,0
27.0,6.8,0.2,94,0
24.3,5.8,0.0,94,0
22.3,3.6,0.0,90,0
24.1,3.6,1.1,92,0
26.3,7.6,1.8,79,0
28.0,7.9,0.4,80,0
23.7,3.6,0.0,94,0
27.4,3.6,0.0,77,0
27.0,11.2,0.0,85,0
27.4,3.6,0.0,80,0
24.2,5.4,1.1,93,0
27.7,6.1,0.5,81,0
23.7,5.4,1.2,94,0
21.1,3.6,0.5,88,0
24.1,4.0,0.1,91,0
26.7,23.4,0.0,54,2
25.2,30.6,0.0,68,2
25.4,19.8,0.0,60,2
28.7,14.0,0.0,31,1
26.9,21.6,0.0,56,2
25.6,18.7,0.0,67,2
27.1,22.0,0.0,60,2
28.1,24.5,0.0,49,2
28.5,25.6,0.0,49,2
24.4,11.5,0.0,70,1
26.7,15.1,0.0,58,1
25.8,13.7,0.0,62,1
28.0,11.2,0.0,62,1
26.2,13.0,0.0,59,1
25.9,14.4,0.0,66,1
22.6,9.4,0.0,76,0
24.7,19.1,0.0,67,2
28.0,11.5,0.0,49,1
24.1,11.2,0.0,70,1
23.9,9.7,0.0,73,0
25.2,9.4,0.0,73,1
25.7,9.7,1.3,82,0
26.0,3.6,0.2,89,0
25.1,9.7,1.2,85,0
28.1,16.9,0.0,72,2
25.8,15.1,0.0,78,2
26.0,3.6,0.3,89,0
25.0,9.0,0.7,83,0
21.9,4.3,3.9,90,0
26.0,3.6,0.0,89,0
26.0,3.6,0.8,89,0
25.2,10.4,0.1,80,0
23.8,8.6,1.5,85,0
22.9,5.4,0.7,88,0
25.5,6.5,0.0,66,1
26.4,7.2,0.0,57,1
27.0,9.7,0.0,53,1
26.5,6.5,0.0,73,1
27.0,8.3,0.0,53,1
26.4,7.6,0.0,63,1
27.1,7.9,0.0,56,1
27.3,11.9,0.0,49,1
27.0,9.4,0.0,46,1
25.1,5.8,0.0,67,1
25.4,6.5,0.0,68,1
26.1,7.6,0.0,64,1
27.9,10.8,0.0,48,1
27.5,11.2,0.0,52,1
27.7,10.8,0.0,55,1
28.8,3.6,0.0,82,0
26.4,7.6,0.0,61,1
27.6,11.2,0.0,53,1
24.7,4.7,0.0,78,0
28.2,10.8,0.0,54,1
28.3,11.2,0.0,53,1
27.6,7.9,0.0,63,1
26.7,9.4,0.0,75,1
27.3,7.6,0.0,39,1
27.8,7.6,0.0,67,1
26.9,8.3,0.0,70,1
28.7,7.6,0.0,63,1
24.4,7.9,0.3,89,0
27.6,7.9,0.0,60,1
28.7,10.4,0.0,54,1
24.6,11.2,0.0,84,0
29.5,10.1,0.0,53,1
28.0,6.8,0.0,63,1
26.7,9.0,0.0,72,1
28.0,6.8,0.0,64,1
29.0,10.8,0.0,58,1
27.2,8.3,0.0,73,1
25.4,5.8,0.0,68,1
27.9,7.6,0.0,66,1
27.8,9.7,0.0,57,1
25.1,6.5,0.0,67,1
24.8,3.6,0.0,79,0
28.2,11.2,0.0,55,1
28.8,11.5,0.0,48,1
27.1,5.4,0.0,81,0
26.3,20.5,1.0,78,2
26.0,3.6,2.1,89,0
24.1,13.3,0.3,86,2
28.5,9.0,0.0,57,1
28.0,7.2,0.0,63,1
29.7,9.7,0.0,56,1
27.6,11.2,0.0,63,1
28.5,7.6,0.0,64,1
23.4,5.0,3.2,87,0
24.9,3.6,0.0,85,0
25.6,10.4,0.0,63,1
28.0,19.4,0.0,46,1
28.4,10.4,0.0,55,1
28.1,10.4,0.0,52,1
28.0,10.8,0.0,52,1
27.1,13.7,0.0,52,1
24.3,9.4,6.3,86,4
25.5,6.5,2.1,87,0
25.2,6.5,0.0,85,0
24.0,4.3,0.0,88,0
24.2,7.9,3.6,88,0
26.2,7.2,9.7,86,4
24.9,5.4,1.4,82,0
24.2,5.8,1.5,86,0
23.8,5.4,1.8,91,0
25.8,5.4,0.0,84,0
26.2,4.7,1.6,87,0
24.9,6.5,1.2,88,0
25.5,7.2,7.5,87,4
24.0,11.2,3.5,89,0
24.0,11.2,4.6,89,0
24.7,5.0,3.0,85,0
24.6,4.7,0.0,86,0
28.0,3.6,2.3,83,0
26.0,4.3,0.9,93,0
19.9,4.0,0.0,98,0
28.4,8.6,0.0,69,1
25.9,6.8,1.3,81,0
24.0,12.6,0.0,88,0
21.8,8.3,0.0,80,0
25.2,13.0,0.0,71,1
24.9,10.8,0.0,73,1
23.8,11.9,0.0,75,0
22.6,3.6,0.0,86,0
24.3,7.6,0.0,73,0
25.3,11.2,0.0,70,1
24.2,3.6,0.0,76,0
24.6,9.0,0.0,72,1
25.6,11.5,0.0,61,1
24.0,6.8,0.0,83,0
26.7,5.4,0.0,59,1
24.5,6.5,0.0,78,0
23.1,4.3,0.0,94,0
23.1,11.2,0.0,83,0
26.6,6.5,0.0,59,1
23.1,17.3,0.0,82,2
25.3,9.0,0.0,75,0
24.3,12.6,0.0,70,1
24.3,13.0,0.0,71,2
26.4,10.4,0.0,65,1
25.0,9.0,0.0,71,1
25.7,15.5,0.0,69,2
27.2,7.6,0.0,57,1
27.5,11.2,0.0,54,1
28.1,10.1,0.0,51,1
22.7,13.3,0.0,87,2
23.3,11.9,0.0,79,0
24.9,13.7,0.0,76,2
23.4,6.1,0.0,75,0
27.2,13.0,0.0,54,1
26.0,6.8,0.1,94,0
25.4,3.6,0.0,63,1
23.9,18.7,0.0,81,2
24.9,11.9,0.0,70,1
27.1,15.5,0.0,54,1
23.4,4.0,0.0,84,0
24.4,14.8,0.0,75,2
25.5,11.9,0.0,63,1
26.8,11.5,0.0,58,1
23.8,4.3,0.0,75,0
23.5,7.2,0.0,73,0
23.5,4.7,0.0,74,0
24.3,11.2,0.0,86,0
19.8,7.6,0.0,87,0
27.8,5.8,0.0,55,1
15.2,12.6,0.0,57,3
25.8,5.4,0.0,78,0
15.9,9.7,0.0,52,3
19.0,8.3,0.0,81,0
29.0,3.6,0.0,47,1
25.3,4.3,0.0,62,1
13.1,3.6,0.0,79,3
8.6,4.7,0.0,73,3
4.2,6.5,0.0,47,3
11.3,3.6,0.0,71,3
14.1,10.8,0.0,74,3
12.9,3.6,0.0,72,3
17.8,10.4,0.0,73,3
28.9,9.7,0.0,47,1
14.0,9.0,0.0,69,3
24.9,4.0,0.0,63,1
24.8,4.7,0.0,65,1
10.2,5.8,0.0,49,3
11.8,5.0,0.0,78,3
25.5,9.7,0.0,84,0
26.3,12.2,0.0,76,2
26.5,15.8,0.0,70,2
26.3,19.1,0.0,56,2
28.6,15.5,0.0,68,2
26.5,16.9,0.0,67,2
26.3,13.0,0.0,70,1
23.7,11.5,0.0,85,0
24.9,11.5,0.0,76,0
26.2,12.2,0.0,71,1
26.8,13.0,0.0,68,1
26.1,10.4,0.0,77,0
26.3,12.6,0.0,76,2
23.5,5.4,0.0,88,0
27.5,18.4,0.1,74,2
26.0,12.2,0.0,82,2
26.1,13.3,0.0,80,2
26.2,14.0,0.0,74,2
27.1,17.6,0.0,75,2
27.0,15.1,0.0,74,2
26.1,14.0,0.0,73,2
25.6,9.7,0.0,84,0
26.1,13.3,1.1,88,2
27.4,5.0,0.0,75,1
27.9,5.0,1.7,80,0
27.3,17.3,0.7,75,2
24.7,21.6,0.4,80,2
26.9,7.9,0.4,80,0
23.3,18.7,4.2,93,2
26.0,13.7,0.0,83,2
26.8,4.0,0.0,79,0
24.5,24.8,4.6,83,2
25.4,11.2,0.0,87,0
23.4,10.1,26.2,95,4
26.9,4.0,3.8,84,0
24.9,3.6,4.7,93,0
24.9,3.6,0.0,81,0
25.2,4.3,0.0,69,1
25.0,6.8,8.8,94,4
23.7,4.7,10.8,92,4
25.0,3.6,1.8,100,0
26.1,3.6,3.8,83,0
27.0,3.6,5.6,83,4
24.3,9.0,0.0,79,0
29.0,8.6,0.5,78,1
29.3,6.1,1.0,74,1
26.7,3.6,3.4,84,0
27.5,3.6,3.7,81,0
24.9,3.6,6.1,88,4
27.7,6.5,2.3,78,0
24.2,7.9,0.0,79,0
24.7,5.8,0.0,66,1
25.0,6.8,8.5,94,4
27.0,4.0,1.3,100,0
30.5,8.6,0.0,69,1
29.0,11.5,0.2,80,1
28.5,10.8,0.0,83,0
23.7,13.7,0.0,78,2
29.9,7.6,0.6,75,1
28.0,10.1,0.4,83,0
29.0,9.7,0.6,79,1
30.0,11.2,0.0,74,1
29.5,7.9,0.0,73,1
29.9,7.9,0.0,72,1
28.2,8.6,0.2,80,0
29.9,7.6,0.0,68,1
28.6,9.7,0.3,80,0
27.0,4.0,2.7,100,0
23.8,4.3,0.2,95,0
29.2,11.5,0.1,77,1
29.9,10.8,0.0,75,1
27.2,7.2,0.0,70,1
30.6,8.6,0.0,67,1
30.9,8.6,0.0,67,1
30.9,6.5,0.1,70,1
29.1,3.6,1.4,74,1
30.9,6.5,0.1,69,1
29.2,10.1,2.1,79,0
28.0,6.1,0.0,79,0
24.6,6.5,0.0,74,0
27.9,12.6,0.0,42,1
26.7,6.5,0.0,55,1
26.1,8.3,0.0,57,1
27.4,6.8,0.0,48,1
26.7,7.9,0.0,56,1
27.8,14.0,0.0,47,1
27.7,3.6,0.0,41,1
28.7,6.8,0.0,38,1
28.6,7.9,0.0,39,1
27.7,13.7,0.0,47,1
27.6,9.7,0.0,45,1
25.0,7.6,0.0,68,1
23.6,5.0,0.0,72,0
27.0,18.7,0.7,79,2
27.5,39.6,0.0,82,2
23.1,5.8,0.0,81,0
24.7,13.3,4.2,89,2
7.0,10.4,0.0,86,3
26.7,3.6,0.0,88,0
29.0,4.0,2.9,94,0
27.6,3.6,1.8,84,0
24.7,3.6,0.0,96,0
25.4,4.3,0.8,92,0
23.3,4.7,0.3,97,0
26.5,5.4,0.0,86,0
26.2,5.0,0.0,77,0
19.9,11.5,0.1,74,0
20.8,3.6,0.2,95,0
26.4,4.7,0.0,89,0
26.9,5.4,0.5,86,0
26.7,3.6,0.0,89,0
26.0,4.3,0.0,90,0
26.4,24.8,1.3,78,2
27.0,15.5,2.6,81,2
25.1,3.6,0.0,85,0
20.6,3.6,0.0,99,0
20.4,3.6,5.5,98,4
19.4,3.6,1.1,99,0
26.5,15.5,0.4,82,2
19.2,4.7,0.1,87,0
16.0,3.6,0.0,79,3
27.0,3.6,0.0,94,0
19.5,4.0,0.0,94,0
19.8,4.3,0.0,91,0
24.5,5.8,0.0,75,0
21.3,5.8,0.6,83,0
15.9,3.6,0.0,87,3
23.7,3.6,0.1,85,0
16.6,6.5,0.0,87,3
17.4,3.6,0.0,82,0
24.1,5.0,1.9,97,0
24.2,4.7,0.3,97,0
21.0,16.9,0.0,88,2
22.2,7.2,0.1,87,0
26.6,6.1,0.0,81,0
22.2,3.6,1.3,95,0
23.9,3.6,0.0,91,0
23.1,12.6,0.0,94,0
23.9,3.6,0.0,69,1
26.5,4.3,0.0,83,0
21.6,7.2,0.6,93,0
27.6,14.0,0.0,55,1
25.3,6.1,0.0,86,0
23.5,5.4,0.0,72,0
23.1,15.5,15.6,89,4
24.9,9.0,0.0,87,0
24.5,6.5,0.0,85,0
23.5,4.7,1.3,92,0
21.1,6.1,0.0,81,0
20.6,5.0,0.0,89,0
22.0,6.1,0.0,90,0
-1.8,3.6,0.0,75,3
23.4,3.6,0.0,77,0
23.5,4.0,0.0,82,0
16.9,5.8,0.1,91,0
19.5,7.9,0.1,86,0
8.7,10.4,0.0,70,3
7.6,7.2,0.0,69,3
23.9,5.8,0.0,71,1
25.4,3.6,1.0,84,0
23.2,3.6,10.4,98,4
25.2,18.4,15.9,92,4
24.0,4.0,11.3,100,4
25.5,21.2,12.8,89,4
25.0,3.6,1.8,89,0
22.3,10.8,0.5,93,0
22.0,3.6,1.3,94,0
24.1,5.4,0.0,96,0
24.0,4.0,0.0,100,0
24.0,15.1,0.4,89,2
27.0,19.1,10.0,84,4
22.0,3.6,0.6,94,0
27.2,29.5,11.9,79,4
26.0,11.2,0.2,94,0
26.0,7.2,2.1,91,0
27.9,9.4,0.8,83,0
27.0,3.6,0.3,94,0
28.8,9.7,0.0,79,1
18.8,10.4,0.3,82,0
26.4,9.4,3.6,85,0
26.1,3.6,2.9,92,0
27.0,3.6,0.4,94,0
26.2,4.3,2.0,92,0
26.5,3.6,1.2,88,0
25.6,3.6,6.4,87,4
26.6,8.6,1.1,85,0
24.8,4.7,0.0,66,1
25.8,7.2,0.0,60,1
28.0,3.6,0.0,74,1
25.4,4.0,0.0,62,1
25.4,3.6,0.0,60,1
26.1,3.6,0.0,55,1
26.8,3.6,0.0,45,1
26.1,3.6,0.0,45,1
25.1,3.6,0.0,63,1
25.5,3.6,0.0,63,1
26.3,3.6,0.0,42,1
25.2,3.6,0.0,56,1
24.4,3.6,0.0,70,1
26.2,4.7,0.0,44,1
28.1,7.6,0.0,37,1
25.7,3.6,0.0,56,1
20.8,15.5,0.0,87,2
19.8,14.4,0.0,92,2
22.7,12.2,9.9,96,4
18.8,7.9,0.0,94,0
21.5,25.6,0.5,90,2
21.9,15.8,1.8,93,2
23.6,18.0,5.4,91,4
21.3,15.5,4.9,94,2
23.7,7.9,7.2,82,4
23.6,11.9,11.8,90,4
21.9,21.2,2.7,92,2
22.3,20.9,0.6,93,2
19.5,16.2,0.0,92,2
20.3,8.3,0.0,96,0
23.4,17.6,0.5,89,2
21.0,19.1,0.2,88,2
20.7,11.5,0.2,87,0
20.4,6.5,5.6,98,4
23.0,19.8,8.4,91,4
23.7,10.8,0.1,84,0
23.2,13.0,0.8,81,2
23.5,13.7,4.7,87,2
25.1,13.7,4.6,80,2
24.3,14.0,6.2,81,4
21.5,5.0,6.6,97,4
23.4,6.8,2.6,95,0
25.5,14.4,0.0,76,2
24.7,9.0,0.0,83,0
25.4,8.3,0.4,86,0
24.5,10.1,1.4,87,0
24.5,14.8,0.0,71,2
20.3,6.1,0.7,94,0
21.3,11.2,8.0,96,4
21.2,9.7,0.0,93,0
25.4,9.4,0.0,77,0
23.0,23.4,0.0,90,2
26.0,14.4,3.3,85,2
24.0,3.6,1.1,94,0
23.7,17.6,0.0,83,2
25.0,11.2,0.0,79,0
23.9,5.0,0.0,91,0
23.4,17.3,0.0,80,2
24.2,14.4,0.0,76,2
27.0,9.0,0.3,94,0
26.2,9.0,0.0,79,0
27.0,9.0,0.0,94,0
24.0,3.6,0.0,94,0
24.2,5.4,0.3,96,0
21.5,3.6,0.9,93,0
24.3,3.6,0.7,92,0
26.0,11.2,0.1,94,0
26.0,11.2,0.0,94,0
25.1,6.8,2.0,89,0
26.6,5.0,1.0,88,0
23.6,3.6,0.7,94,0
26.0,11.2,0.7,94,0
26.9,4.3,0.0,83,0
26.9,10.1,0.0,83,0
27.1,4.7,0.5,82,0
24.2,4.0,0.3,90,0
27.0,3.6,0.1,86,0
23.7,3.6,0.6,92,0
21.7,4.7,0.1,88,0
24.3,5.4,1.1,94,0
27.3,21.6,0.0,52,2
26.0,27.4,0.0,62,2
25.9,18.0,0.0,58,2
29.3,13.0,0.0,35,1
27.4,19.8,0.0,53,2
25.5,21.6,0.0,69,2
29.1,12.2,0.0,35,1
27.3,21.2,0.0,59,2
28.6,23.4,0.0,47,2
29.0,26.6,0.0,47,2
25.0,18.0,0.0,72,2
24.8,12.6,0.0,69,1
27.4,16.2,0.0,59,1
25.8,12.6,0.0,64,1
26.2,13.0,0.0,61,1
26.2,16.2,0.0,64,2
23.4,9.4,0.0,70,1
25.6,19.8,0.0,63,2
28.6,10.1,0.0,47,1
24.0,14.8,0.0,78,2
24.4,9.7,0.0,71,1
25.0,11.5,0.0,72,1
26.2,10.8,0.6,80,0
26.0,19.1,1.4,74,2
25.4,11.2,0.5,77,0
28.2,24.8,0.5,68,2
27.3,9.7,0.0,67,1
26.1,17.6,0.0,77,2
24.0,15.1,0.0,89,2
22.3,4.7,0.7,91,0
26.6,9.0,0.0,73,1
26.0,19.1,1.6,74,2
23.4,4.3,0.2,81,0
25.4,22.0,0.7,73,2
23.3,19.4,0.0,76,2
23.2,6.8,0.8,87,0
24.9,6.1,0.0,69,1
26.0,5.4,0.0,63,1
27.2,6.5,0.0,58,1
26.6,3.6,0.0,78,0
26.7,5.4,0.0,68,1
26.5,7.9,0.0,57,1
27.5,7.9,0.0,50,1
27.0,7.6,0.0,52,1
24.6,6.1,0.0,67,1
25.0,5.4,0.0,73,0
25.9,7.2,0.0,69,1
28.3,10.8,0.0,46,1
28.0,5.4,0.0,49,1
27.8,3.6,0.0,61,1
26.7,6.5,0.0,87,0
26.3,5.4,0.0,66,1
28.0,4.7,0.0,52,1
25.1,3.6,0.0,82,0
28.4,7.2,0.0,49,1
28.4,8.6,0.0,49,1
27.4,5.8,0.0,69,1
27.2,4.3,0.0,75,1
27.6,3.6,0.0,42,1
28.1,6.8,0.0,72,1
26.6,6.1,0.0,74,1
30.4,7.9,0.0,69,1
24.4,6.8,0.5,92,0
27.1,3.6,0.0,63,1
28.7,5.0,0.0,49,1
24.2,9.7,0.0,87,0
29.2,7.9,0.0,47,1
26.6,4.7,0.0,76,0
27.8,5.4,0.0,67,1
28.0,10.1,0.0,57,1
27.9,7.9,0.0,75,1
25.1,9.0,0.0,64,1
28.2,7.9,0.0,73,1
24.7,8.6,0.0,66,1
24.6,5.4,0.0,77,0
28.1,6.8,0.0,49,1
28.8,11.2,0.0,46,1
26.8,14.0,0.0,82,2
26.0,13.0,0.0,94,2
26.7,23.0,0.0,78,2
26.0,13.0,1.8,94,2
24.7,20.9,5.1,90,2
28.1,3.6,0.0,59,1
27.6,6.5,0.0,66,1
26.8,11.2,0.0,58,1
29.2,5.8,0.0,50,1
26.1,10.4,0.0,65,1
28.5,8.6,0.0,71,1
21.8,12.6,0.1,80,0
24.6,14.4,0.1,78,2
26.6,10.4,0.0,64,1
27.6,13.0,0.0,51,1
26.9,9.7,0.0,58,1
27.9,11.2,0.0,52,1
23.2,17.3,0.0,82,2
27.0,13.0,0.0,56,1
23.9,11.5,0.1,84,0
24.5,5.8,0.0,86,0
23.9,7.9,0.0,86,0
23.5,7.6,0.0,92,0
23.1,8.6,0.0,86,0
25.0,10.1,0.0,81,0
23.0,5.4,3.1,93,0
23.7,7.6,0.5,88,0
23.4,7.2,0.2,89,0
24.4,6.5,0.0,88,0
24.7,9.4,0.0,87,0
24.2,8.6,0.0,87,0
22.9,11.2,0.3,87,0
22.1,10.1,7.5,93,4
23.1,16.9,2.2,94,2
24.4,4.3,0.3,84,0
26.4,9.0,0.0,88,0
26.0,5.8,0.4,94,0
19.3,4.0,0.0,92,0
25.9,3.6,0.0,92,0
25.9,23.0,0.6,76,2
24.1,13.3,0.0,89,2
24.2,10.4,0.0,85,0
25.1,15.8,0.0,65,2
25.4,9.7,0.0,65,1
23.3,11.5,0.0,74,0
22.8,3.6,0.0,90,0
25.2,8.3,0.0,71,1
23.8,13.0,0.0,80,2
24.5,3.6,0.0,73,0
27.3,10.8,0.0,59,1
26.9,4.7,0.0,64,1
22.0,6.8,0.0,88,0
26.0,8.3,0.0,81,0
24.2,5.0,0.7,86,0
23.6,4.7,0.0,92,0
22.5,10.4,0.0,88,0
26.0,7.2,0.8,80,0
22.5,18.4,0.0,84,2
25.3,15.1,0.0,74,2
24.9,13.3,0.0,64,1
24.5,10.4,0.0,67,1
26.3,10.8,0.0,60,1
24.5,11.9,0.0,68,1
24.5,15.5,0.0,67,2
27.3,10.8,0.0,58,1
28.3,6.5,0.0,63,1
28.9,7.2,0.0,60,1
22.4,10.8,0.0,90,0
23.8,11.2,0.0,74,0
24.9,24.1,0.0,74,2
22.6,4.3,0.0,91,0
27.8,6.1,0.0,60,1
25.4,7.9,0.0,68,1
26.0,11.2,3.4,94,0
23.8,8.3,3.6,91,0
24.1,17.3,0.0,81,2
23.9,13.3,0.0,76,2
27.7,6.5,0.0,51,1
23.7,3.6,0.0,78,0
25.5,15.8,0.0,66,2
25.3,11.2,0.0,63,1
27.6,8.6,0.0,56,1
23.9,7.6,0.0,79,0
21.7,6.1,3.0,91,0
22.8,3.6,2.6,94,0
24.1,10.8,0.0,69,1
24.2,10.4,0.0,88,0
19.4,8.6,0.0,79,0
26.3,6.8,3.3,84,0
14.7,13.3,0.0,67,3
24.8,3.6,1.0,92,0
15.4,9.7,0.0,60,3
16.7,9.4,0.0,72,3
29.3,9.4,0.0,63,1
25.1,6.1,0.0,67,1
9.2,3.6,0.0,80,3
13.3,3.6,0.5,73,3
3.6,7.9,0.0,45,3
12.1,3.6,0.7,74,3
14.0,9.7,0.0,80,3
12.3,3.6,0.0,74,3
17.8,8.6,0.7,81,0
12.0,3.6,0.4,76,3
25.3,4.0,0.0,66,1
29.3,4.0,0.0,56,1
13.6,7.2,0.1,75,3
25.1,5.8,0.0,66,1
24.8,6.1,0.0,65,1
9.6,8.6,0.0,55,3
11.5,5.0,0.0,81,3
24.9,8.3,0.0,88,0
26.3,11.2,0.0,80,0
26.9,16.6,0.0,70,2
25.6,6.8,0.0,52,1
27.7,12.2,0.0,66,1
27.0,6.8,0.0,79,0
27.1,15.1,0.0,67,2
26.4,11.5,0.0,67,1
24.3,11.2,0.0,81,0
25.5,10.1,0.0,73,1
26.4,12.6,0.0,73,1
27.0,10.8,0.0,71,1
26.2,10.8,0.0,80,0
23.8,5.0,0.0,87,0
27.6,19.4,0.0,75,2
25.6,9.7,0.2,85,0
25.9,11.2,0.0,82,0
26.7,11.2,0.0,73,1
27.3,14.8,0.0,74,2
25.0,6.8,0.0,88,0
27.0,13.0,0.0,79,2
26.5,10.4,0.0,73,1
25.1,6.5,0.0,87,0
24.6,22.0,0.0,88,2
25.5,8.3,0.0,85,0
27.0,6.8,6.0,84,4
25.5,18.0,0.5,82,2
23.4,17.3,0.0,77,2
25.9,9.4,0.3,89,0
21.7,16.2,9.2,93,4
24.8,17.3,0.0,87,2
25.7,5.8,0.7,89,0
21.8,20.9,2.2,89,2
23.8,15.1,0.0,90,2
23.0,17.3,1.1,92,2
25.7,10.1,0.0,92,0
25.2,5.0,0.2,93,0
23.2,4.7,0.8,98,0
23.3,8.6,2.7,97,0
24.0,6.8,1.8,100,0
23.2,8.6,6.4,97,4
25.0,6.8,15.9,100,4
24.3,7.2,3.3,96,0
24.8,11.5,3.8,94,0
22.5,6.8,1.2,97,0
27.0,7.2,0.0,85,0
26.6,8.3,0.5,87,0
25.4,10.4,2.6,94,0
26.1,8.6,0.0,91,0
24.9,7.9,9.0,92,4
25.6,9.0,3.8,92,0
22.0,6.5,1.1,98,0
23.7,10.8,6.2,95,4
24.0,6.8,2.0,100,0
29.0,9.0,0.0,94,0
28.0,7.2,0.0,81,0
27.7,3.6,0.1,81,0
28.2,3.6,0.0,81,0
25.0,6.8,0.0,100,0
22.8,14.8,2.9,86,2
27.3,6.8,0.0,83,0
27.9,3.6,0.0,84,0
28.0,6.8,0.0,81,0
8.9,4.0,0.0,81,3
28.0,7.2,0.0,80,0
27.5,9.7,0.0,84,0
27.7,9.0,0.0,82,0
27.7,7.2,0.0,84,0
26.7,10.4,0.0,85,0
27.9,7.9,0.0,84,0
23.1,3.6,4.3,97,0
28.0,7.6,0.0,82,0
27.7,7.2,0.0,82,0
24.7,14.8,0.6,93,2
27.7,6.8,0.0,81,0
28.0,6.8,0.0,80,0
26.5,7.6,0.0,86,0
27.9,6.8,0.0,80,0
27.6,7.2,2.9,83,0
28.0,11.2,0.0,84,0
24.4,3.6,0.0,81,0
27.3,3.6,0.0,54,1
25.3,5.4,0.0,62,1
24.6,6.1,0.0,71,1
25.8,3.6,0.0,56,1
25.1,5.4,0.0,65,1
27.2,7.6,0.0,53,1
26.5,6.8,0.0,55,1
27.3,7.9,0.0,50,1
27.5,5.4,0.0,52,1
27.4,7.6,0.0,53,1
26.5,4.7,0.0,55,1
24.7,3.6,0.0,80,0
24.1,3.6,0.0,75,0
25.7,5.0,0.1,83,0
27.6,41.4,0.0,81,2
22.7,5.8,0.5,96,0
24.0,12.2,0.4,83,0
8.0,9.7,0.0,74,3
27.2,3.6,0.0,91,0
27.0,4.0,0.5,94,0
27.4,6.1,0.0,88,0
25.8,3.6,0.0,94,0
26.2,4.0,0.0,90,0
24.4,3.6,0.2,98,0
26.7,5.8,0.0,86,0
27.3,8.3,0.0,78,0
21.1,10.1,0.0,56,1
21.4,3.6,0.1,97,0
26.1,4.7,0.0,87,0
27.1,3.6,0.1,81,0
26.9,4.0,1.2,89,0
26.5,4.3,3.0,94,0
26.8,19.4,0.0,73,2
27.6,16.9,0.1,65,2
24.8,7.9,5.2,88,4
22.4,3.6,0.0,95,0
20.9,3.6,0.2,95,0
21.6,3.6,3.2,99,0
24.9,5.8,0.9,86,0
19.8,4.3,0.3,85,0
17.4,3.6,0.0,69,3
20.0,3.6,0.0,92,0
19.7,4.0,0.0,87,0
24.3,5.8,0.9,90,0
21.5,5.8,0.7,95,0
16.0,3.6,0.0,88,3
24.0,3.6,0.3,88,0
25.6,6.1,0.5,94,0
18.3,3.6,0.1,87,0
25.7,3.6,0.1,96,0
25.1,3.6,0.3,98,0
20.0,15.1,0.5,94,2
21.6,7.2,0.0,92,0
24.6,4.0,0.9,91,0
21.9,4.0,1.5,98,0
23.4,3.6,0.8,95,0
22.4,7.6,0.0,97,0
23.3,3.6,1.1,92,0
27.2,7.6,1.5,86,0
21.2,5.8,0.3,95,0
27.2,7.6,0.0,56,1
23.8,7.6,1.8,92,0
23.3,3.6,0.0,74,0
21.9,16.6,2.5,90,2
23.8,7.2,0.0,94,0
24.2,3.6,0.0,95,0
24.2,3.6,0.0,94,0
23.0,3.6,3.3,98,0
24.0,6.8,1.1,100,0
20.1,8.6,0.0,78,0
19.9,7.2,0.0,78,0
21.0,9.4,0.0,82,0
-2.6,3.6,0.0,69,3
24.1,6.1,0.0,84,0
23.4,7.2,0.1,81,0
17.7,7.9,0.1,85,0
16.5,10.8,0.0,82,3
8.2,11.2,0.2,69,3
7.5,6.8,0.2,75,3
23.2,3.6,4.1,93,0
24.8,7.2,3.1,87,0
22.5,3.6,7.2,99,4
24.2,17.3,12.1,92,4
26.0,4.0,18.2,94,4
24.0,20.2,4.9,91,2
24.0,4.0,2.2,100,0
21.5,11.5,2.4,93,0
24.0,3.6,12.5,89,4
22.8,3.6,0.0,99,0
26.0,4.0,42.9,94,4
24.0,16.9,4.1,89,2
28.0,6.1,3.0,89,0
24.0,3.6,8.9,89,4
27.2,24.5,1.6,80,2
26.0,11.2,1.6,94,0
26.5,9.4,0.0,90,0
27.2,8.3,0.0,84,0
28.0,6.8,1.5,94,0
28.4,6.8,0.0,81,0
18.6,8.6,0.0,69,0
27.9,4.3,0.0,81,0
25.8,7.9,0.1,93,0
28.0,6.8,1.6,94,0
25.7,8.3,0.0,94,0
25.6,8.3,0.7,94,0
24.8,9.4,0.8,96,0
26.9,4.0,0.0,78,0
28.0,6.8,0.2,94,0
24.6,5.4,0.0,68,1
24.0,5.4,0.0,69,1
24.7,5.4,0.0,71,1
28.0,11.2,0.0,79,1
25.3,4.7,0.0,66,1
24.6,3.6,0.0,65,1
25.3,3.6,0.0,59,1
25.7,6.1,0.0,57,1
25.6,7.6,0.0,57,1
24.6,3.6,0.0,69,1
25.3,3.6,0.0,68,1
26.0,8.3,0.0,54,1
24.9,6.5,0.0,59,1
24.5,5.8,0.0,73,0
25.9,7.2,0.0,54,1
27.5,9.0,0.0,45,1
25.1,4.3,0.0,59,1
21.6,14.4,0.0,80,2
20.9,13.7,0.0,84,2
21.5,11.5,3.0,94,0
18.9,7.6,0.0,91,0
20.3,16.2,0.6,78,2
20.7,9.0,0.0,91,0
21.8,18.7,1.0,91,2
20.0,15.1,0.0,94,2
20.7,10.8,0.0,90,0
21.6,14.4,1.7,92,2
23.1,13.7,2.3,89,2
21.4,10.1,0.1,86,0
22.2,11.5,0.9,89,0
18.9,14.4,0.0,93,2
20.3,6.5,0.0,86,0
21.4,11.2,3.9,82,0
21.0,19.1,0.0,94,2
20.5,11.5,0.1,76,0
19.7,7.9,0.0,99,0
21.3,11.2,2.6,85,0
23.3,15.1,1.7,88,2
22.6,10.4,0.2,81,0
22.4,11.5,1.9,91,0
23.2,16.9,1.7,87,2
22.2,13.3,5.2,90,4
20.6,7.2,0.0,98,0
23.5,3.6,0.0,92,0
23.9,10.1,3.2,87,0
24.5,15.8,0.1,85,2
23.1,9.7,0.0,92,0
24.2,18.0,0.0,75,2
19.6,7.2,0.0,96,0
20.6,9.7,0.0,95,0
20.9,9.4,0.0,93,0
24.8,10.4,0.4,75,0
23.2,21.6,0.0,89,2
25.7,9.4,0.1,85,0
22.3,21.6,0.0,87,2
25.3,18.7,0.0,78,2
22.7,17.3,0.2,82,2
23.6,17.6,0.4,82,2
25.4,4.0,0.0,82,0
24.2,3.6,1.2,99,0
20.6,5.0,1.0,98,0
23.3,3.6,0.9,96,0
26.0,11.2,3.1,94,0
26.0,11.2,1.2,94,0
25.6,6.8,1.4,92,0
26.5,10.1,3.0,90,0
23.5,4.0,3.6,97,0
26.0,11.2,4.9,94,0
26.3,4.3,1.9,88,0
27.6,6.1,0.0,84,0
26.4,5.8,0.6,86,0
23.6,3.6,3.7,96,0
26.5,9.7,2.4,89,0
23.1,3.6,5.0,96,0
22.2,5.4,1.3,97,0
23.3,3.6,1.7,96,0
26.8,10.8,0.0,53,1
26.2,21.6,0.0,69,2
24.9,4.0,0.0,62,1
28.6,8.3,0.0,43,1
26.9,16.2,0.0,49,1
25.8,12.6,0.0,72,1
28.7,9.4,0.0,41,1
26.8,14.4,0.0,56,1
27.7,6.8,0.0,48,1
28.6,22.7,0.0,47,2
24.9,12.2,0.0,67,1
24.8,12.2,0.0,63,1
27.2,9.4,0.0,60,1
26.2,11.9,0.0,63,1
30.0,11.2,0.0,55,1
26.7,11.2,0.0,64,1
26.4,10.8,0.0,58,1
23.3,7.2,0.0,64,1
24.9,13.3,0.0,62,1
27.5,9.4,0.0,68,1
23.8,11.2,0.0,63,1
24.4,7.6,0.0,70,1
25.1,5.4,0.0,61,1
25.4,5.4,0.0,65,1
28.0,19.1,0.0,70,2
25.8,19.8,0.4,76,2
25.5,12.2,0.0,69,1
27.0,24.8,0.2,73,2
26.2,14.0,0.0,72,2
26.5,14.8,0.0,74,2
24.0,19.1,0.0,89,2
22.8,4.7,0.0,88,0
27.0,6.1,1.0,70,1
27.0,6.1,0.4,70,1
25.1,22.0,0.1,74,2
22.9,17.6,0.0,78,2
23.6,6.1,0.0,84,0
25.9,6.5,0.0,87,0
26.2,7.9,0.0,86,0
27.1,7.6,0.0,76,1
27.2,7.6,0.5,86,0
25.8,6.1,0.0,72,1
27.5,9.0,0.0,76,1
26.1,5.0,0.0,67,1
26.9,8.6,0.0,80,0
26.1,7.2,0.0,76,0
25.9,5.8,0.0,82,0
28.0,6.8,0.0,79,0
26.0,5.8,0.0,85,0
26.5,7.2,0.0,83,0
27.1,8.3,0.0,74,1
27.4,9.0,0.0,75,1
28.1,8.3,0.0,71,1
26.0,15.1,1.9,94,2
27.1,7.6,0.0,77,0
28.0,7.2,0.0,69,1
25.8,7.2,0.0,82,0
27.9,9.0,0.0,68,1
27.7,9.4,0.0,70,1
26.2,10.8,0.1,86,0
26.5,9.7,0.0,89,0
26.5,5.8,0.0,55,1
27.0,11.2,0.5,86,0
26.8,9.7,0.0,87,0
27.2,7.9,0.0,81,0
24.4,4.3,3.9,96,0
25.4,14.0,6.9,92,4
23.9,7.2,0.0,88,0
29.3,5.8,0.0,59,1
26.5,12.2,1.6,90,0
27.1,9.0,0.6,87,0
26.5,11.2,0.5,88,0
28.0,6.5,0.4,69,1
27.4,10.1,0.0,84,0
24.3,3.6,0.0,75,0
26.9,10.4,2.2,85,0
27.1,11.5,0.0,81,0
25.0,4.3,0.0,75,0
24.6,3.6,0.0,85,0
28.3,7.2,0.0,63,1
27.5,11.5,0.0,67,1
27.0,19.1,0.0,84,2
26.9,18.0,0.0,74,2
24.4,16.9,0.7,84,2
27.1,12.2,0.8,82,2
26.2,12.2,1.7,90,0
26.8,10.1,0.0,58,1
28.8,8.6,0.0,69,1
25.4,10.8,0.0,62,1
27.0,11.5,1.4,84,0
21.5,13.3,0.0,80,2
24.9,16.2,0.0,77,2
25.9,9.7,0.0,67,1
27.1,4.7,0.0,53,1
26.6,10.1,0.0,63,1
27.7,9.7,0.0,71,1
23.4,13.7,0.0,79,2
26.6,9.4,0.0,64,1
22.3,18.0,2.4,91,2
23.3,3.6,0.0,89,0
23.2,10.4,0.0,91,0
22.1,12.2,1.3,96,0
22.1,17.3,0.0,92,2
22.8,14.0,2.5,92,2
23.2,9.4,0.3,91,0
22.3,11.9,0.7,96,0
22.7,13.3,0.0,94,2
23.6,6.1,0.0,91,0
23.0,10.8,0.0,92,0
23.2,10.8,0.0,88,0
22.3,15.8,1.4,92,2
23.0,22.0,3.1,94,2
23.0,22.0,2.9,94,2
21.9,14.4,13.2,96,4
24.9,4.7,0.4,83,0
26.2,14.4,1.8,93,2
26.6,3.6,3.3,93,0
25.7,15.8,0.0,66,2
28.0,6.8,1.1,94,0
25.5,7.9,0.0,94,0
24.3,16.9,0.1,75,2
22.8,13.7,0.0,91,2
20.3,8.6,0.0,83,0
24.0,14.0,0.6,91,2
24.0,4.7,0.0,89,0
22.9,7.2,0.1,88,0
22.1,5.4,0.0,87,0
23.1,10.1,0.0,91,0
24.0,3.6,0.2,94,0
24.2,4.7,0.0,86,0
24.9,16.6,0.6,92,2
23.0,6.1,0.0,89,0
25.7,9.0,1.3,86,0
24.0,4.7,0.5,97,0
24.2,5.0,0.3,96,0
23.7,14.0,0.0,82,2
25.2,11.9,0.8,89,0
24.6,13.7,0.0,73,2
25.0,12.2,0.1,77,2
22.9,6.5,0.0,93,0
25.4,15.8,0.0,66,2
24.4,17.3,1.2,96,2
24.2,16.6,0.2,89,2
24.8,10.4,0.0,69,1
26.8,12.6,0.0,76,2
26.5,11.2,0.0,81,0
26.8,9.7,0.2,81,0
24.2,16.6,0.0,78,2
22.8,6.8,0.6,96,0
26.1,19.4,0.0,68,2
23.5,6.8,0.0,95,0
25.4,11.5,0.0,83,0
24.5,3.6,0.1,91,0
26.0,6.8,0.0,100,0
24.2,9.0,0.4,89,0
25.3,20.2,0.0,74,2
23.5,7.9,0.0,89,0
26.8,7.6,0.0,74,1
22.7,3.6,0.2,96,0
24.4,9.7,0.1,79,0
24.0,14.4,0.0,96,2
24.6,14.4,0.9,93,2
25.7,13.3,0.0,68,1
23.2,7.2,0.0,94,0
23.6,7.6,0.0,91,0
24.4,14.0,0.0,89,2
19.2,8.6,0.0,81,0
26.5,7.9,0.9,85,0
15.1,13.3,0.0,65,3
24.1,8.6,0.4,93,0
15.8,9.4,0.0,59,3
17.0,8.6,0.0,67,3
26.3,13.0,0.4,82,2
25.3,5.4,0.0,65,1
14.5,3.6,0.0,63,3
9.2,5.0,0.0,68,3
3.6,4.3,0.0,51,3
13.0,3.6,0.0,62,3
14.4,10.1,0.1,79,3
12.7,3.6,0.0,62,3
18.1,8.3,0.1,79,0
26.0,15.1,0.0,81,2
13.1,8.6,0.0,73,3
25.1,5.0,0.0,65,1
25.0,7.2,0.0,63,1
9.2,7.6,0.0,54,3
11.7,4.3,0.0,82,3
25.7,10.1,0.0,86,0
26.1,14.8,0.0,84,2
28.1,21.2,0.0,67,2
27.6,8.6,0.0,59,1
28.2,9.0,0.0,70,1
28.0,6.1,0.2,74,1
27.7,23.0,0.0,70,2
27.6,13.0,0.0,63,1
25.2,18.0,0.0,78,2
26.0,16.2,0.0,80,2
27.3,13.0,0.0,65,1
28.0,15.8,0.0,70,2
27.3,10.8,0.0,71,1
26.9,15.5,0.0,81,2
26.3,12.6,0.0,84,2
26.6,13.3,0.0,82,2
27.0,16.2,0.0,79,2
26.6,12.2,0.0,80,2
28.0,13.0,0.0,74,1
27.2,17.3,0.0,74,2
25.9,10.1,0.0,85,0
24.8,22.7,0.7,93,2
24.6,12.6,1.2,97,0
26.2,7.2,0.5,89,0
26.3,11.2,0.1,75,1
23.9,9.4,0.3,80,0
25.3,7.2,1.8,91,0
22.7,11.2,0.0,91,0
25.4,9.7,0.6,83,0
25.2,3.6,0.0,91,0
23.9,24.8,0.8,82,2
24.1,15.1,4.5,97,2
24.5,7.9,0.0,84,0
25.9,3.6,0.0,90,0
24.6,5.0,0.0,96,0
23.3,6.5,0.0,92,0
24.4,5.4,0.0,83,0
25.0,6.8,0.1,94,0
23.3,7.2,0.2,89,0
27.0,9.0,1.1,94,0
24.4,6.1,0.3,93,0
24.6,6.1,3.3,90,0
22.7,7.6,0.0,93,0
26.3,4.0,2.7,88,0
25.4,3.6,9.2,91,4
25.3,4.3,1.1,91,0
26.0,4.3,2.4,91,0
24.8,3.6,0.0,91,0
25.5,5.0,2.8,90,0
21.8,8.6,0.0,95,0
23.2,6.8,3.1,93,0
25.0,6.8,0.0,94,0
27.0,22.0,1.8,94,2
27.4,3.6,4.7,86,0
27.7,6.8,0.0,86,0
28.4,4.3,0.0,81,0
27.0,9.0,0.1,94,0
22.8,14.4,0.0,82,2
26.1,5.4,2.1,88,0
28.4,5.0,0.4,77,0
27.3,6.8,0.3,82,0
8.9,5.0,0.0,69,3
27.6,6.5,1.0,84,0
27.2,3.6,0.0,81,0
27.1,3.6,0.0,80,0
27.2,5.4,0.0,82,0
25.7,4.7,3.6,89,0
27.6,3.6,0.4,81,0
27.0,22.0,4.1,94,2
22.4,3.6,0.0,96,0
27.9,4.0,0.0,81,0
27.1,6.1,0.0,84,0
26.2,4.3,0.0,83,0
26.8,5.0,3.4,88,0
27.0,4.7,3.3,88,0
26.7,3.6,2.1,88,0
26.2,3.6,0.0,88,0
26.6,3.6,3.1,88,0
26.9,6.8,0.5,89,0
29.0,3.6,0.1,75,1
25.5,4.0,0.0,75,0
28.6,7.6,0.0,72,1
29.0,3.6,1.0,75,1
28.5,6.8,0.0,64,1
26.1,6.5,0.0,72,1
29.0,3.6,0.3,75,1
25.9,5.4,0.0,80,0
27.5,6.5,0.0,72,1
26.8,6.5,0.0,77,0
28.5,7.2,0.3,67,1
27.2,9.7,0.0,64,1
29.0,3.6,0.0,75,1
27.5,9.7,0.0,61,1
28.1,9.4,0.0,65,1
28.8,7.6,0.0,67,1
28.1,4.7,0.3,69,1
25.7,3.6,0.0,76,0
25.0,4.7,0.0,71,1
26.0,6.8,0.4,84,0
27.9,29.2,0.0,84,2
22.2,8.3,0.0,93,0
25.1,8.3,0.2,80,0
3.5,10.1,0.0,80,3
27.5,5.0,0.0,88,0
26.0,4.0,3.3,100,0
27.9,5.0,2.6,86,0
25.3,4.3,4.4,96,0
25.4,5.0,1.6,93,0
23.8,3.6,4.4,97,0
26.3,6.1,0.2,84,0
27.0,5.8,0.1,79,0
20.8,11.9,0.0,61,1
23.1,3.6,0.0,97,0
26.4,5.0,0.0,87,0
27.6,7.6,0.0,80,0
26.3,4.0,0.0,89,0
26.3,5.0,0.0,89,0
24.5,14.0,6.1,96,4
26.9,16.2,0.0,76,2
26.7,14.4,0.1,79,2
23.9,5.8,6.5,90,4
22.1,3.6,0.0,99,0
21.2,3.6,4.9,97,0
20.7,3.6,4.1,99,0
25.2,6.1,1.6,87,0
20.1,4.3,0.4,83,0
18.0,3.6,0.0,81,0
28.0,6.8,0.3,94,0
20.0,3.6,0.0,94,0
20.0,4.3,0.4,95,0
25.0,4.7,0.4,78,0
20.7,6.5,2.2,96,0
16.8,3.6,0.0,89,0
23.7,3.6,0.0,83,0
27.1,6.5,1.3,94,0
18.2,3.6,0.1,87,0
25.6,6.5,1.1,97,0
24.1,3.6,4.4,96,0
21.0,19.1,0.1,88,2
22.3,7.6,7.3,97,4
24.2,11.5,1.9,95,0
22.4,4.7,2.4,98,0
23.8,4.3,10.5,99,4
23.1,7.2,0.0,98,0
23.1,6.5,0.0,90,0
26.5,9.4,0.0,80,0
21.9,4.7,6.4,98,4
26.5,11.5,0.0,79,0
24.0,11.2,2.2,94,0
24.0,5.0,0.0,71,0
22.8,16.9,0.0,89,2
23.8,11.5,0.6,95,0
23.6,10.1,0.0,95,0
23.8,4.7,0.0,91,0
23.0,7.2,0.0,95,0
20.0,9.4,0.0,71,0
20.0,7.6,0.7,80,0
22.1,6.1,0.0,79,0
-2.4,3.6,0.0,82,3
23.6,5.8,0.2,79,0
23.3,8.6,0.0,78,0
15.4,8.6,0.0,89,3
16.3,11.2,0.0,80,3
9.6,5.8,2.4,89,3
7.7,3.6,0.6,82,3
22.7,6.5,0.0,92,0
23.9,5.4,9.4,92,4
22.8,3.6,0.0,97,0
25.4,3.6,2.6,83,0
24.0,6.8,1.2,94,0
25.3,7.6,4.4,85,0
24.0,3.6,8.9,94,4
21.7,12.2,0.1,89,0
23.0,6.8,0.0,94,0
23.4,3.6,0.0,95,0
23.0,19.1,0.0,94,2
27.0,6.8,5.6,84,4
23.0,6.8,0.6,94,0
27.5,24.5,4.3,81,2
26.0,6.8,1.7,100,0
26.2,9.0,0.0,93,0
26.8,5.0,2.5,89,0
28.0,6.8,0.1,94,0
28.1,6.1,0.3,82,0
20.0,10.8,0.0,62,1
28.0,4.7,0.3,69,1
25.7,10.1,6.0,96,4
25.9,8.3,0.2,94,0
25.6,7.6,0.0,91,0
24.5,5.0,0.0,93,0
26.9,6.5,0.5,73,1
24.9,7.2,0.0,61,1
24.2,7.2,0.0,61,1
25.4,3.6,0.0,77,0
27.0,6.1,0.0,94,0
25.1,5.0,0.0,74,0
25.7,6.5,0.0,72,1
26.4,8.6,0.0,68,1
26.2,7.9,0.0,65,1
24.9,4.7,0.0,76,0
25.7,5.0,0.0,72,1
26.3,8.3,0.0,63,1
25.7,6.1,0.0,68,1
25.0,5.0,0.0,74,0
26.4,7.6,0.0,65,1
27.4,10.1,0.0,56,1
25.8,6.8,0.0,70,1
20.9,11.9,0.0,90,0
20.9,13.0,0.1,91,0
22.5,11.5,0.2,90,0
19.3,7.9,0.0,97,0
20.7,19.8,0.0,91,2
21.0,13.0,0.0,95,0
23.1,13.7,0.0,89,2
21.0,19.1,0.0,88,2
21.0,14.4,0.0,93,2
21.6,15.5,0.6,92,2
22.9,16.9,0.0,90,2
21.6,19.1,0.0,94,2
24.0,3.6,1.5,94,0
22.3,14.0,1.2,88,2
20.0,11.5,0.1,96,0
19.5,7.6,0.0,97,0
23.3,15.5,0.2,85,2
21.0,15.1,0.0,94,2
20.4,14.4,0.0,90,2
18.9,7.6,0.0,97,0
22.5,20.5,0.6,90,2
23.3,15.8,0.0,83,2
23.2,10.4,0.3,83,0
22.5,14.0,0.0,88,2
24.5,15.1,4.5,82,2
24.0,15.5,5.9,79,4
20.3,7.9,0.0,98,0
24.4,7.6,1.4,92,0
25.7,21.2,0.1,73,2
24.1,14.4,0.0,82,2
25.7,14.8,0.0,76,2
23.7,12.2,0.0,87,0
25.7,21.6,0.0,69,2
20.1,6.8,0.0,96,0
20.4,10.4,0.0,95,0
26.4,17.6,0.0,68,2
24.1,29.2,0.0,83,2
25.8,10.4,0.2,83,0
26.0,4.0,0.0,94,0
23.3,24.1,0.0,78,2
25.6,21.2,0.0,71,2
24.1,7.9,0.0,96,0
23.2,16.6,0.0,77,2
24.2,14.8,0.0,74,2
26.3,9.4,0.0,82,0
23.6,3.6,0.0,97,0
21.5,4.0,4.3,94,0
23.3,6.8,0.0,96,0
24.8,7.6,1.3,96,0
25.6,9.7,3.0,95,0
23.7,6.1,0.0,95,0
25.0,5.0,0.2,91,0
26.4,6.1,0.0,85,0
25.0,6.1,0.2,92,0
23.6,8.6,0.0,95,0
25.6,5.8,0.0,92,0
23.2,8.3,0.0,95,0
23.4,3.6,0.0,98,0
23.6,4.0,0.7,94,0
28.4,10.1,0.0,59,1
27.6,23.4,0.0,65,2
26.8,9.7,0.0,66,1
28.2,10.4,0.0,49,1
29.0,3.6,0.0,42,1
27.3,19.4,0.0,65,2
28.3,10.8,0.0,48,1
29.2,16.6,0.0,47,1
29.2,10.8,0.0,52,1
31.1,11.5,0.0,37,1
24.9,12.2,0.3,70,1
25.7,10.4,0.0,62,1
27.6,5.4,0.4,66,1
26.4,5.8,1.6,73,0
26.0,3.6,0.1,84,0
25.9,9.0,2.7,77,0
27.8,7.2,0.0,52,1
24.5,7.6,0.0,65,1
26.8,3.6,0.0,59,1
28.4,10.8,0.0,69,1
26.0,9.0,0.0,63,1
25.5,13.3,0.0,65,1
27.3,9.4,0.0,62,1
26.7,7.2,0.0,59,1
26.2,14.4,0.0,75,2
25.5,9.7,0.1,76,0
27.7,26.3,0.0,75,2
26.7,11.2,0.0,71,1
26.4,11.5,0.2,75,1
22.6,5.0,0.0,91,0
25.4,7.2,0.0,75,0
23.0,4.0,0.2,78,0
25.6,18.7,0.0,71,2
22.9,15.1,0.0,79,2
23.1,6.5,0.0,89,0
25.4,7.6,3.7,89,0
26.6,9.7,2.6,84,0
27.5,9.7,0.3,78,0
26.8,8.6,0.0,70,1
26.4,7.9,2.6,85,0
26.9,3.6,0.2,80,0
26.6,6.8,1.3,84,0
27.4,8.6,0.0,73,1
26.7,8.3,1.8,82,0
26.1,3.6,1.2,85,0
25.7,8.3,2.5,88,0
26.5,7.2,1.4,85,0
28.0,8.3,0.0,70,1
27.6,11.5,0.0,74,1
26.4,6.8,0.0,79,0
26.4,10.4,0.0,94,0
26.8,7.6,0.0,80,0
26.6,9.7,0.0,78,0
25.0,6.5,3.0,90,0
27.1,9.7,0.0,78,0
27.1,9.0,0.0,78,0
25.7,9.4,2.5,85,0
26.4,7.2,0.7,86,0
28.0,6.1,0.1,74,1
27.0,5.8,0.0,84,0
25.9,8.6,0.6,81,0
25.6,5.0,0.8,89,0
23.7,3.6,0.0,96,0
26.1,9.0,0.0,80,0
26.1,13.3,2.2,76,2
25.3,11.9,0.0,80,0
26.7,14.4,0.3,79,2
26.1,9.7,0.5,83,0
25.7,9.4,1.1,80,0
27.1,7.9,0.0,83,0
28.0,6.1,1.1,74,1
25.6,22.7,7.7,90,4
26.8,4.3,0.0,84,0
28.0,6.1,0.4,74,1
26.6,6.5,0.8,85,0
25.7,6.1,1.3,89,0
29.0,3.6,0.2,75,1
26.0,3.6,0.0,83,0
25.8,4.3,0.0,74,0
27.7,16.2,0.5,70,2
27.8,13.0,0.0,74,1
26.4,10.8,0.0,80,0
27.0,16.9,0.8,84,2
26.9,16.2,1.0,76,2
27.0,16.9,0.1,84,2
23.5,14.0,3.7,91,2
26.9,8.6,3.1,85,0
26.0,9.4,1.0,84,0
24.6,13.7,5.8,92,4
25.6,19.1,2.6,88,2
24.1,16.2,6.5,96,4
25.8,6.5,1.3,87,0
23.6,10.1,0.0,77,0
24.6,12.2,0.0,82,0
27.6,4.3,0.0,72,1
25.0,8.3,1.2,85,0
26.5,11.9,0.0,81,0
27.4,10.1,0.0,72,1
24.7,12.6,0.0,74,2
26.0,13.3,0.0,81,2
22.8,23.8,1.9,90,2
24.8,5.4,0.6,89,0
23.5,13.0,6.0,91,4
23.4,13.0,0.2,90,2
22.5,21.2,4.7,92,2
24.1,22.0,0.3,85,2
24.7,9.0,0.0,84,0
23.8,11.9,0.0,87,0
23.6,12.6,0.0,90,0
24.5,6.5,0.7,91,0
23.9,12.2,1.3,93,0
23.4,10.4,6.4,93,4
23.8,16.9,0.3,86,2
24.0,22.0,0.0,100,2
24.0,22.0,0.2,100,2
22.3,9.0,0.0,93,0
24.4,4.7,0.5,86,0
26.5,11.9,2.8,94,0
26.5,6.1,1.0,92,0
23.9,9.7,0.7,82,0
20.2,4.0,0.0,95,0
25.4,9.0,5.7,96,4
29.0,3.6,0.9,75,1
24.8,9.0,0.2,80,0
22.7,13.7,0.7,88,2
24.9,10.8,0.0,81,0
23.4,16.2,0.7,95,2
24.0,15.8,0.5,95,2
22.3,6.1,0.0,92,0
23.1,4.0,0.0,95,0
24.1,4.7,0.3,94,0
23.4,11.5,0.1,96,0
24.0,8.3,0.0,92,0
24.3,12.6,0.2,94,0
23.9,15.5,0.9,96,2
23.2,10.1,0.2,97,0
25.9,7.9,1.1,87,0
25.0,5.8,0.0,95,0
23.7,3.6,0.2,96,0
23.3,15.5,4.8,97,2
26.1,7.9,0.7,85,0
23.0,10.8,0.7,98,0
22.5,6.5,1.1,96,0
24.3,5.4,1.0,96,0
23.5,11.5,0.5,95,0
23.4,7.9,0.0,86,0
24.5,14.4,0.2,96,2
23.2,14.0,0.7,94,2
23.4,11.2,0.6,98,0
23.4,9.0,0.0,89,0
25.6,4.7,0.1,79,0
27.5,3.6,0.0,64,1
26.5,11.5,0.0,64,1
24.1,7.6,0.0,87,0
22.5,6.1,0.1,96,0
24.0,11.2,1.3,96,0
23.6,7.2,0.9,93,0
26.2,7.2,0.0,67,1
24.4,7.6,0.2,90,0
22.5,6.5,1.3,98,0
26.0,6.1,0.4,94,0
24.6,7.9,0.4,88,0
24.6,9.4,1.5,90,0
23.7,14.0,0.0,95,2
25.4,4.0,0.0,66,1
23.2,4.0,0.6,97,0
23.3,13.3,0.3,96,2
23.5,8.6,0.3,88,0
24.9,7.9,0.4,88,0
23.3,9.7,0.7,94,0
23.7,7.2,0.2,92,0
23.8,6.1,0.5,89,0
25.9,23.0,0.0,86,2
18.6,10.1,0.0,80,0
27.0,4.0,0.5,85,0
15.2,12.6,0.0,64,3
24.2,9.7,0.6,94,0
15.7,9.4,0.0,60,3
17.6,9.0,0.0,66,3
24.7,4.7,0.0,64,1
14.4,3.6,0.0,57,3
9.7,4.7,0.0,71,3
2.5,6.8,0.1,57,3
13.1,3.6,0.0,65,3
15.8,10.4,0.0,69,3
14.4,3.6,0.0,65,3
18.0,9.4,0.0,69,3
25.3,10.4,0.4,87,0
13.1,9.0,0.0,69,3
24.5,5.4,0.0,65,1
24.5,7.2,0.0,70,1
9.7,7.6,0.0,54,3
11.5,5.0,0.0,74,3
25.7,14.0,1.8,90,2
27.0,24.5,0.0,83,2
27.8,21.6,0.2,70,2
24.9,3.6,0.0,70,1
28.9,9.7,0.1,71,1
25.0,3.6,0.6,94,0
28.0,26.3,0.0,70,2
27.5,11.5,0.2,70,1
25.5,20.9,0.1,80,2
26.4,22.3,0.0,78,2
27.7,10.1,0.0,71,1
28.2,13.0,0.0,76,2
28.1,19.4,0.2,69,2
26.9,24.5,0.0,83,2
25.1,11.2,0.0,86,0
27.2,27.7,0.0,81,2
26.2,16.9,1.8,87,2
26.4,18.0,1.7,86,2
27.3,28.4,0.0,79,2
27.2,24.5,0.0,80,2
27.0,3.6,0.1,79,0
27.6,24.5,0.0,74,2
27.0,3.6,0.3,79,0
25.7,14.4,1.6,90,2
26.4,16.2,0.6,88,2
25.2,10.1,0.1,91,0
27.2,6.5,0.2,83,0
28.2,7.9,0.0,72,1
25.1,11.2,0.2,78,0
26.0,6.8,0.3,88,0
23.9,20.9,0.0,79,2
25.7,9.0,0.3,86,0
25.8,3.6,0.1,88,0
24.4,28.4,0.0,75,2
25.2,7.6,0.0,90,0
26.5,12.2,0.0,73,1
25.5,8.3,0.0,90,0
24.9,4.7,0.0,96,0
23.6,8.3,0.0,91,0
24.3,9.7,0.2,89,0
23.6,7.9,0.0,92,0
28.0,4.0,0.1,84,0
24.9,8.6,0.1,90,0
24.9,9.0,0.0,90,0
22.6,6.5,0.0,94,0
27.7,7.6,0.2,85,0
26.6,7.6,0.0,87,0
25.1,5.4,0.1,90,0
25.6,7.2,0.0,91,0
24.8,7.9,0.1,93,0
25.6,8.6,0.0,90,0
22.5,7.6,0.1,94,0
24.4,8.3,0.2,89,0
29.0,3.6,0.1,94,0
27.7,9.0,0.1,84,0
27.9,9.4,1.1,84,0
27.9,9.7,0.8,86,0
28.0,4.0,0.6,84,0
22.9,24.8,0.1,83,2
28.1,6.8,0.0,81,0
27.2,8.3,0.5,87,0
27.8,8.3,0.2,81,0
28.0,9.7,0.3,83,0
26.4,10.8,0.2,72,1
27.5,10.4,0.1,69,1
27.9,7.2,0.0,83,0
27.3,8.6,0.4,84,0
28.0,8.6,0.3,86,0
29.0,3.6,0.3,94,0
24.2,3.6,0.1,95,0
27.7,7.6,0.5,86,0
27.7,8.3,0.2,84,0
26.0,7.6,0.0,86,0
28.0,7.9,0.0,81,0
28.3,7.9,0.0,81,0
28.2,7.9,0.0,82,0
26.8,6.5,0.1,83,0
24.2,6.5,0.0,72,0
26.0,6.5,0.0,66,1
23.8,5.4,0.0,74,0
28.0,6.8,0.0,74,1
23.3,4.7,0.0,74,0
24.4,6.8,0.0,74,0
23.6,6.5,0.0,73,0
26.2,7.2,0.0,62,1
25.5,7.9,0.0,68,1
26.9,9.0,0.0,61,1
25.8,8.3,0.0,67,1
26.3,6.8,0.0,62,1
25.6,4.7,0.0,69,1
24.1,4.7,0.0,70,1
23.9,7.2,0.0,70,1
26.9,17.6,0.9,81,2
27.8,18.0,0.0,81,2
22.9,10.8,0.0,91,0
26.2,7.6,0.0,75,1
8.9,9.0,0.0,85,3
26.3,4.3,1.2,92,0
26.0,6.1,1.0,100,0
27.0,13.7,0.2,88,2
25.4,3.6,3.2,96,0
24.2,4.7,0.6,95,0
23.7,3.6,0.4,98,0
25.4,5.4,0.7,90,0
26.4,3.6,0.1,73,1
19.4,10.1,0.1,80,0
20.7,3.6,0.1,97,0
25.4,3.6,1.3,93,0
26.3,4.3,0.7,89,0
25.2,5.0,1.2,95,0
24.7,6.8,1.1,93,0
27.3,27.4,0.1,80,2
27.0,29.2,0.0,78,2
25.1,10.8,1.3,88,0
21.3,4.0,0.0,93,0
20.5,4.7,0.0,96,0
21.3,3.6,0.2,95,0
26.4,15.1,0.7,83,2
20.6,3.6,0.0,88,0
18.1,3.6,0.0,92,0
26.0,9.0,0.5,94,0
18.7,3.6,0.0,97,0
19.7,3.6,0.0,94,0
22.7,5.0,0.3,88,0
20.6,6.5,0.4,96,0
17.5,3.6,0.0,95,0
22.1,3.6,0.6,93,0
25.1,6.1,0.4,94,0
18.0,3.6,0.0,95,0
25.1,5.8,0.8,97,0
25.1,4.3,0.9,97,0
24.3,3.6,0.4,97,0
22.1,6.8,0.2,98,0
25.0,11.2,0.6,93,0
22.7,4.3,0.1,98,0
23.9,4.7,0.5,99,0
23.4,6.8,0.0,96,0
23.4,7.9,0.0,89,0
27.3,4.3,0.1,79,0
22.0,9.7,0.2,98,0
25.4,7.6,0.0,76,0
24.4,8.6,0.3,94,0
23.4,7.2,0.0,70,1
22.3,23.4,0.0,85,2
24.5,6.8,0.3,94,0
24.3,9.0,0.2,95,0
24.0,6.8,0.1,92,0
23.6,9.4,0.2,95,0
20.3,9.0,0.0,69,0
22.2,6.5,0.0,53,1
23.0,8.3,0.0,60,1
-0.9,4.7,0.1,84,3
23.8,9.0,0.0,70,1
22.8,7.6,0.0,72,0
16.2,7.9,0.0,78,3
18.1,11.2,0.0,76,0
10.3,7.2,0.0,69,3
7.0,7.6,0.0,77,3
23.2,8.6,0.1,89,0
25.0,8.6,1.0,88,0
22.2,3.6,1.2,97,0
25.6,13.3,0.9,87,2
25.0,6.8,1.7,94,0
25.3,12.6,1.6,89,2
25.0,3.6,0.2,100,0
17.7,11.9,0.2,90,0
23.0,6.1,2.9,94,0
23.8,3.6,1.3,96,0
25.0,6.8,11.8,94,4
24.0,22.0,10.6,83,4
23.0,6.1,7.6,94,4
27.1,30.6,1.5,81,2
26.0,6.1,0.5,100,0
25.6,13.3,0.0,95,2
26.2,12.6,0.0,88,2
26.0,9.0,0.6,94,0
27.4,8.6,0.1,85,0
19.5,8.6,0.1,79,0
26.0,6.8,0.9,93,0
25.6,9.4,0.0,95,0
25.6,12.2,0.0,94,0
25.2,9.0,0.0,95,0
24.4,6.5,0.2,96,0
26.8,4.3,1.2,92,0
23.7,7.2,0.0,70,1
23.4,4.0,0.0,73,0
23.8,6.8,0.0,76,0
23.8,7.6,0.0,78,0
24.8,8.6,0.0,71,1
25.7,9.0,0.0,68,1
23.8,7.2,0.0,75,0
24.6,7.9,0.0,77,0
26.2,9.7,0.0,65,1
24.5,8.3,0.0,76,0
24.1,6.5,0.0,78,0
26.0,8.6,0.0,67,1
27.7,10.1,0.0,57,1
24.2,7.6,0.0,77,0
21.3,12.6,0.1,92,0
21.3,12.6,0.0,91,0
23.6,17.6,0.1,84,2
18.9,9.4,0.0,93,0
20.7,23.8,0.0,89,2
21.0,15.5,0.0,96,2
24.0,20.5,0.0,78,2
21.0,15.1,0.1,94,2
21.1,20.5,0.0,91,2
22.9,15.5,0.3,88,2
24.0,21.2,0.3,85,2
21.3,22.3,0.0,93,2
25.0,6.1,0.1,100,0
22.5,19.1,0.0,84,2
19.4,16.6,0.0,92,2
19.6,8.3,0.0,97,0
23.4,20.9,0.0,80,2
20.5,13.3,0.0,91,0
20.2,14.0,0.0,95,2
21.9,24.5,0.0,88,2
23.0,16.6,0.1,89,2
22.9,23.0,0.0,82,2
22.4,17.3,0.3,90,2
24.6,18.4,0.1,81,2
22.7,20.2,0.5,87,2
21.0,9.4,0.0,97,0
25.0,25.9,0.0,81,2
23.7,19.8,0.2,84,2
24.8,10.4,0.3,91,0
23.6,16.2,0.3,89,2
25.8,24.1,0.2,73,2
19.6,8.3,0.0,96,0
21.0,13.3,0.0,93,0
21.5,13.0,0.0,92,0
24.8,7.9,0.1,87,0
24.5,27.7,0.0,85,2
26.1,13.0,0.5,84,2
27.0,3.6,0.1,94,0
23.4,24.1,0.2,88,2
24.8,24.8,0.0,82,2
23.6,3.6,0.1,95,0
23.4,18.0,0.0,82,2
23.5,25.6,0.2,80,2
29.0,13.0,0.6,84,2
29.0,13.0,0.9,84,2
25.3,3.6,1.5,94,0
21.2,7.6,0.0,97,0
24.3,6.5,0.6,95,0
26.0,6.1,0.4,100,0
26.0,6.1,0.3,100,0
25.0,5.4,0.2,94,0
26.3,7.2,0.1,91,0
24.6,6.8,0.7,95,0
26.0,6.1,0.1,100,0
25.9,3.6,0.0,88,0
27.3,5.8,0.7,83,0
25.8,3.6,0.0,89,0
24.2,9.7,0.4,96,0
26.2,6.8,0.1,90,0
23.9,10.1,0.3,96,0
23.9,3.6,0.1,95,0
24.4,6.8,0.1,93,0
26.0,4.7,0.0,63,1
32.3,10.8,0.0,38,1
24.7,5.4,0.0,75,0
28.9,10.1,0.0,54,1
27.4,11.2,0.0,65,1
30.4,18.7,0.0,51,1
28.9,10.8,0.0,52,1
29.0,11.9,0.0,62,1
27.5,3.6,0.0,60,1
30.3,12.6,0.0,53,1
26.1,5.8,0.0,76,0
24.8,4.3,0.0,82,0
27.0,3.6,0.0,79,0
25.2,7.6,0.0,80,0
29.9,14.0,0.0,48,1
23.3,3.6,0.0,85,0
24.1,4.7,0.0,85,0
26.6,5.8,0.0,62,1
25.2,6.8,0.0,76,0
23.7,3.6,0.0,85,0
26.0,9.0,0.0,84,0
26.0,3.6,0.0,79,0
26.3,10.8,0.1,79,0
27.6,24.5,0.0,72,2
25.6,14.0,0.1,78,2
27.1,21.2,0.1,77,2
26.0,9.0,0.3,84,0
24.0,22.0,1.3,83,2
22.4,7.6,0.0,95,0
26.0,3.6,0.1,79,0
24.8,16.6,0.1,81,2
23.5,9.7,0.2,85,0
23.7,8.3,0.1,92,0
26.2,9.4,0.0,56,1
26.3,8.6,0.0,58,1
27.1,7.2,0.0,56,1
26.3,5.0,0.4,76,0
26.2,3.6,0.0,57,1
25.5,5.0,0.5,80,0
25.6,4.3,0.0,59,1
26.4,7.2,0.0,62,1
26.7,4.0,0.0,61,1
25.0,9.0,0.0,63,1
26.7,9.4,0.0,56,1
26.8,5.4,0.0,61,1
27.3,10.8,0.0,56,1
25.2,7.2,0.6,84,0
25.7,10.4,0.5,95,0
26.3,8.6,0.0,65,1
26.6,5.8,0.0,64,1
26.1,3.6,0.0,68,1
28.0,8.6,0.0,57,1
28.1,8.6,0.1,57,1
25.9,7.6,0.3,87,0
26.8,9.7,0.1,87,0
25.1,7.6,0.0,71,1
27.5,7.6,0.0,78,0
25.6,6.8,0.4,89,0
27.7,8.3,0.3,84,0
24.2,5.0,0.7,95,0
26.8,3.6,0.8,84,0
25.3,6.5,0.4,86,0
24.9,5.0,1.0,88,0
25.6,7.2,0.5,85,0
27.0,7.2,0.7,85,0
26.4,6.1,0.5,83,0
27.6,6.1,0.1,82,0
26.0,3.6,0.9,89,0
24.7,13.7,1.7,92,2
27.1,10.1,0.2,77,1
26.0,3.6,0.6,89,0
23.1,5.8,0.0,73,0
28.2,8.3,0.0,77,1
25.1,9.7,0.9,88,0
23.7,9.4,0.0,70,1
28.0,6.1,0.6,84,0
24.0,8.6,0.0,78,0
26.2,9.7,0.0,63,1
27.7,8.6,0.0,59,1
26.9,28.8,0.0,80,2
26.0,9.0,0.1,84,0
28.0,13.0,0.5,84,2
27.4,28.4,0.2,80,2
28.0,13.0,0.1,84,2
24.4,14.0,0.5,88,2
26.5,7.2,0.4,86,0
27.0,7.6,0.6,85,0
25.4,9.0,2.2,91,0
24.2,14.4,0.2,96,2
27.8,8.6,0.1,80,0
24.2,7.2,0.4,86,0
24.0,16.6,0.1,88,2
24.0,22.0,5.5,83,4
24.1,14.0,0.2,89,2
25.7,3.6,0.0,64,1
24.5,7.6,0.1,86,0
27.6,3.6,0.1,64,1
26.3,4.3,0.0,80,0
22.5,6.5,1.1,95,0
25.0,5.8,0.1,76,0
24.2,7.6,0.6,94,0
23.6,12.2,0.4,94,0
23.4,11.5,0.7,93,0
23.1,13.3,0.4,93,2
24.9,13.3,0.1,83,2
24.4,8.6,0.8,91,0
23.6,14.8,0.7,92,2
23.5,11.5,0.7,94,0
24.2,8.6,0.5,94,0
24.7,5.4,0.1,89,0
24.0,10.8,0.2,91,0
24.5,13.0,0.1,87,2
23.0,19.1,0.0,100,2
23.0,19.1,0.1,100,2
23.3,17.3,0.0,85,2
24.2,5.0,0.1,82,0
26.0,9.7,0.7,94,0
25.3,5.4,1.2,93,0
18.7,3.6,0.0,94,0
25.4,8.6,0.8,96,0
26.2,10.1,0.2,76,0
23.1,11.9,0.2,89,0
21.9,7.6,0.5,93,0
23.3,15.8,3.6,97,2
23.8,14.4,1.2,96,2
22.6,5.0,0.5,98,0
23.9,7.2,0.2,98,0
23.5,11.9,2.4,97,0
23.8,4.3,0.5,95,0
24.5,4.7,0.2,92,0
24.9,7.9,0.6,90,0
22.9,18.7,2.1,98,2
25.1,8.3,0.0,89,0
25.0,3.6,0.7,97,0
23.8,6.5,0.5,98,0
23.4,13.7,4.3,98,2
25.1,8.6,0.0,91,0
22.8,18.0,0.3,98,2
23.1,18.7,0.3,95,2
24.5,9.4,0.2,96,0
23.4,10.1,0.3,96,0
23.4,6.8,0.5,96,0
24.8,8.6,0.6,94,0
23.1,13.3,3.9,97,2
22.9,18.4,6.5,98,4
23.3,9.0,1.5,96,0
25.6,6.1,0.9,88,0
27.8,6.5,0.3,81,0
28.0,11.2,0.2,77,1
24.0,14.0,0.4,93,2
22.2,5.0,0.3,97,0
24.2,7.9,0.2,96,0
22.8,3.6,0.2,96,0
27.2,6.1,0.1,83,0
24.4,5.8,0.2,94,0
22.9,17.6,0.2,97,2
27.0,6.1,0.7,94,0
23.7,7.6,0.0,92,0
24.4,14.8,1.6,94,2
23.5,11.2,2.7,98,0
27.3,3.6,0.0,75,1
22.7,3.6,0.2,97,0
23.0,19.8,4.3,98,2
24.4,3.6,0.1,93,0
25.8,9.4,0.2,90,0
23.3,13.0,0.1,96,0
23.2,3.6,0.0,94,0
23.3,6.1,0.1,94,0
23.9,14.8,1.2,96,2
26.7,24.5,0.0,84,2
15.9,8.3,0.0,70,3
16.4,13.7,0.0,59,3
24.3,8.3,0.8,96,0
16.8,10.1,0.0,58,3
19.6,9.0,0.0,58,1
27.0,11.9,0.8,85,0
25.5,6.1,0.0,45,1
14.6,3.6,0.0,56,3
10.2,4.7,0.0,60,3
3.8,5.0,0.0,39,3
13.3,3.6,0.0,50,3
16.3,11.9,0.0,53,3
14.6,3.6,0.0,50,3
18.8,10.4,0.0,53,1
27.3,9.4,1.4,84,0
14.5,9.4,0.0,58,3
25.0,5.8,0.0,47,1
25.3,6.8,0.0,48,1
10.7,9.7,0.0,52,3
12.3,6.1,0.0,57,3
26.0,16.6,2.0,89,2
27.3,28.4,0.0,85,2
28.2,23.0,0.4,73,2
24.0,6.1,0.0,91,0
27.5,14.0,0.3,79,2
26.0,6.8,0.2,89,0
27.4,22.0,0.0,76,2
27.2,12.2,0.2,79,2
26.2,22.7,0.0,80,2
25.9,22.3,0.0,83,2
27.2,6.1,0.3,78,0
28.2,10.1,0.0,72,1
27.6,17.3,0.6,76,2
27.3,28.8,0.0,85,2
26.0,14.8,0.0,85,2
27.1,34.9,0.0,85,2
26.5,18.7,1.8,86,2
26.7,19.4,1.3,85,2
27.0,32.8,0.0,83,2
27.2,29.5,0.0,83,2
27.0,6.1,0.7,89,0
27.1,28.1,0.0,78,2
27.0,6.1,0.3,89,0
26.0,16.6,2.2,89,2
27.0,9.0,0.0,83,0
25.6,7.2,0.2,89,0
27.4,22.0,0.1,83,2
28.9,18.7,0.0,57,2
25.5,20.5,0.0,69,2
26.5,17.6,0.2,87,2
24.1,20.5,0.0,78,2
26.6,7.2,0.1,81,0
25.6,10.8,0.0,88,0
24.2,28.1,0.0,74,2
26.0,7.6,0.1,85,0
26.3,17.3,0.0,67,2
25.4,10.8,0.7,94,0
25.3,4.0,1.4,93,0
23.2,6.8,0.5,96,0
23.5,5.0,0.0,93,0
23.2,5.0,1.0,97,0
23.9,8.6,0.1,93,0
24.8,9.4,0.9,93,0
24.8,10.4,0.7,92,0
22.4,6.5,0.1,97,0
26.4,10.4,0.1,91,0
25.4,9.0,0.1,92,0
25.3,9.0,1.0,92,0
24.9,10.1,0.1,97,0
24.8,4.7,1.2,95,0
25.0,10.4,0.7,93,0
22.7,5.8,0.1,97,0
23.7,7.2,0.0,94,0
26.2,11.2,0.2,94,0
26.2,10.8,0.8,92,0
26.4,11.2,0.3,91,0
26.5,11.9,0.5,87,0
22.4,24.8,0.8,96,2
26.9,13.3,0.1,87,2
25.9,11.5,0.4,92,0
26.9,17.3,0.2,88,2
25.8,11.5,0.9,93,0
26.7,14.0,0.1,86,2
26.7,13.7,0.2,88,2
26.1,13.0,0.1,87,2
26.8,13.7,0.0,88,2
26.1,14.4,0.0,90,2
23.1,3.6,0.1,93,0
26.7,15.1,0.1,87,2
26.3,14.4,0.5,90,2
26.0,7.6,0.0,92,0
25.8,11.5,0.6,92,0
26.1,11.5,0.5,92,0
26.2,13.7,0.2,90,2
25.8,9.4,0.2,92,0
26.1,13.7,0.2,91,2
26.2,14.0,1.3,89,2
25.3,7.2,0.0,69,1
28.7,7.2,0.0,60,1
27.1,9.0,0.0,64,1
26.0,9.0,0.0,69,1
28.3,7.9,0.0,60,1
26.6,8.3,0.0,71,1
28.3,9.4,0.0,66,1
28.5,9.4,0.0,57,1
29.6,10.8,0.0,53,1
29.2,9.7,0.0,56,1
28.4,9.4,0.0,67,1
28.7,4.3,0.0,61,1
25.5,8.6,0.0,66,1
25.5,6.5,0.0,63,1
26.4,19.1,1.2,84,2
27.7,16.6,0.0,80,2
22.9,6.1,0.6,98,0
25.8,8.6,0.0,75,1
9.9,7.9,0.0,90,3
26.7,4.3,0.0,89,0
25.9,5.0,1.2,93,0
26.5,3.6,0.1,89,0
24.9,3.6,10.5,96,4
24.8,3.6,2.0,97,0
23.5,4.0,1.8,98,0
25.2,4.7,2.4,96,0
26.5,4.7,1.0,89,0
20.0,7.6,0.0,76,0
21.1,3.6,0.0,96,0
25.7,5.8,0.5,93,0
26.4,4.3,0.3,90,0
25.0,6.1,2.2,97,0
24.6,8.3,1.8,95,0
26.1,24.5,0.0,80,2
26.0,25.2,0.1,78,2
24.5,17.6,3.5,92,2
22.3,3.6,0.1,99,0
20.9,3.6,0.5,99,0
20.1,3.6,0.5,100,0
25.8,15.5,1.1,86,2
20.1,3.6,0.4,100,0
17.4,3.6,0.1,99,0
27.0,6.1,0.8,89,0
20.4,3.6,0.1,99,0
21.3,3.6,0.3,98,0
23.9,5.8,2.4,97,0
21.3,5.0,1.8,99,0
17.0,3.6,0.0,99,0
23.6,4.7,0.9,97,0
21.5,5.0,0.6,99,0
18.3,3.6,0.1,99,0
24.6,6.8,0.1,98,0
24.2,4.0,1.7,98,0
24.6,5.4,0.0,97,0
22.1,13.0,0.0,96,0
24.4,10.4,0.2,95,0
22.8,6.8,0.1,96,0
23.4,5.0,0.1,97,0
23.6,7.2,0.5,96,0
23.3,4.3,0.4,94,0
25.4,15.1,0.1,90,2
22.3,18.4,0.0,95,2
27.0,5.8,0.1,81,0
24.1,9.0,0.2,96,0
24.3,6.5,0.0,63,1
22.4,27.7,0.1,87,2
24.1,9.0,0.0,95,0
24.0,7.6,0.3,96,0
24.4,7.2,0.4,97,0
23.8,5.4,0.1,96,0
21.2,6.5,0.0,69,0
20.1,3.6,0.0,79,0
21.1,4.3,0.2,85,0
-1.6,5.0,0.0,79,3
24.6,6.5,0.0,71,1
23.7,5.0,0.0,70,1
17.0,3.6,0.0,81,3
18.1,6.8,0.0,73,3
9.4,9.0,0.0,70,3
8.2,6.8,0.0,67,3
23.1,5.4,0.1,94,0
24.6,16.9,2.4,92,2
21.5,3.6,0.1,98,0
24.3,6.8,0.5,89,0
24.0,6.8,0.9,100,0
23.9,6.8,0.3,90,0
17.0,11.2,0.0,93,0
23.0,6.8,3.7,100,0
22.6,4.3,0.4,98,0
24.0,6.8,1.4,100,0
23.0,19.1,1.8,94,2
26.0,6.1,0.2,89,0
23.0,6.8,3.4,100,0
27.6,28.1,0.9,82,2
27.0,6.1,0.9,94,0
25.9,10.4,0.9,94,0
25.8,13.3,0.2,95,2
27.0,6.1,1.2,89,0
26.7,11.5,0.1,92,0
15.3,5.8,0.0,77,3
26.5,7.6,0.6,90,0
26.3,7.2,0.7,91,0
27.0,6.1,1.1,89,0
26.0,6.8,1.0,93,0
25.6,8.6,0.2,93,0
25.0,3.6,1.7,93,0
26.8,3.6,0.0,87,0
27.0,6.1,1.3,89,0
24.5,6.8,0.0,49,1
25.8,9.0,0.0,64,1
25.5,7.2,0.0,68,1
25.8,8.6,0.0,67,1
26.9,7.6,0.0,61,1
27.7,9.0,0.0,57,1
27.0,10.1,0.0,59,1
25.1,9.7,0.0,73,1
25.3,8.3,0.0,70,1
27.6,10.8,0.0,53,1
26.0,9.0,0.0,66,1
25.0,6.8,0.0,67,1
26.9,8.3,0.0,61,1
28.6,10.1,0.0,50,1
26.7,8.6,0.0,61,1
21.4,17.3,0.0,88,2
20.9,16.6,0.0,91,2
23.5,18.0,0.0,83,2
18.9,10.1,0.0,95,0
20.7,24.1,0.0,88,2
21.1,18.0,0.0,93,2
24.2,23.8,0.0,77,2
21.0,22.0,0.0,93,2
21.9,22.0,0.0,91,2
23.3,21.2,0.0,85,2
21.4,24.1,0.0,91,2
25.0,3.6,0.4,89,0
22.7,23.4,0.0,84,2
19.6,16.9,0.0,93,2
19.9,13.3,0.0,93,0
23.2,25.6,0.0,80,2
20.2,15.8,0.0,90,2
20.9,16.2,0.0,93,2
21.8,29.2,0.0,87,2
22.6,18.4,0.4,94,2
21.6,26.3,2.1,95,2
21.7,23.0,0.0,92,2
23.3,20.9,0.0,85,2
22.0,20.2,0.0,91,2
21.8,11.9,0.0,94,0
23.7,10.8,1.4,96,0
24.4,14.4,0.1,90,2
23.5,15.8,0.1,89,2
24.2,12.2,0.3,95,0
23.1,15.5,0.0,92,2
25.7,29.2,0.3,79,2
20.1,7.9,0.1,96,0
21.9,16.6,0.0,90,2
21.3,13.3,0.2,96,0
23.6,13.3,0.4,95,2
24.2,30.6,0.4,93,2
25.0,6.5,0.7,90,0
26.0,4.0,0.5,94,0
24.0,16.6,0.1,91,2
24.4,15.1,0.1,90,2
23.7,7.2,0.2,98,0
22.7,26.3,0.1,90,2
23.2,23.4,0.4,91,2
27.0,28.1,8.2,94,4
25.5,18.7,4.0,93,2
27.0,28.1,3.2,94,2
26.0,4.0,1.8,94,0
25.0,3.6,0.1,93,0
21.0,14.8,0.0,94,2
23.9,7.6,0.0,93,0
25.8,3.6,0.1,87,0
26.7,8.3,0.4,88,0
24.0,8.3,0.0,93,0
26.2,3.6,0.0,91,0
27.9,26.3,0.8,84,2
26.1,7.2,0.0,88,0
23.4,8.6,0.0,95,0
26.7,8.3,0.1,88,0
23.2,7.6,0.0,95,0
19.8,4.3,0.0,96,0
32.6,14.8,0.0,33,1
27.0,10.1,0.0,65,1
30.4,10.8,0.0,47,1
29.5,10.4,0.0,53,1
31.2,14.0,0.0,44,1
29.7,10.4,0.0,45,1
30.2,5.4,0.0,54,1
29.8,10.4,0.0,53,1
31.6,16.2,0.0,46,1
23.7,6.1,0.3,86,0
27.2,3.6,0.1,78,0
25.2,3.6,0.4,86,0
29.0,3.6,0.3,79,0
25.7,7.9,0.1,86,0
28.6,10.8,0.0,61,1
23.4,3.6,0.5,85,0
26.1,6.8,0.0,73,1
29.2,4.7,0.0,71,1
24.8,6.5,0.2,81,0
23.5,5.0,0.3,91,0
27.5,9.4,0.0,61,1
28.3,15.1,0.0,67,1
29.0,3.6,0.0,79,0
27.0,9.0,0.3,84,0
25.5,10.8,0.1,79,0
27.0,9.0,0.4,84,0
25.1,11.2,0.0,80,0
27.4,23.0,0.0,69,2
25.5,9.7,0.0,73,1
25.3,19.8,0.1,83,2
27.0,9.0,0.1,84,0
23.0,19.1,0.1,94,2
22.4,7.9,0.0,91,0
24.6,5.8,0.0,83,0
22.4,4.0,0.2,88,0
24.3,16.9,0.1,78,2
21.9,12.6,0.0,88,0
22.9,8.6,0.0,88,0
26.0,11.5,0.1,81,0
27.1,11.2,0.0,78,1
25.8,20.2,0.4,78,2
27.2,10.1,0.0,75,1
26.1,11.5,1.0,89,0
27.6,9.7,0.0,77,1
27.3,9.7,0.0,75,1
26.1,10.1,0.0,77,0
25.1,12.2,0.3,91,0
25.5,18.0,0.6,85,2
28.6,7.9,0.0,72,1
27.6,16.2,0.4,76,2
26.6,13.3,0.2,86,2
26.5,11.5,0.9,90,0
25.7,13.0,1.4,86,2
27.2,15.5,2.1,82,2
24.8,8.3,0.7,91,0
28.4,15.5,0.7,75,2
28.3,15.1,0.8,76,2
25.6,13.7,0.0,93,2
25.6,12.2,0.1,91,0
28.5,9.0,0.0,58,1
26.0,6.8,0.6,89,0
25.4,12.2,1.2,96,0
25.7,14.8,0.0,91,2
27.0,13.3,0.0,87,2
25.1,3.6,0.2,91,0
25.7,11.9,0.0,90,0
27.5,13.0,0.1,82,2
26.0,10.4,0.0,84,0
27.9,11.2,0.6,81,0
26.4,13.3,0.0,88,2
25.5,14.4,0.1,90,2
26.5,14.8,0.0,89,2
26.0,9.0,0.0,94,0
26.0,10.8,1.0,89,0
26.2,12.6,0.1,88,2
26.0,9.0,0.2,94,0
25.4,7.9,0.0,69,1
26.3,13.3,0.7,92,2
26.3,14.0,0.0,90,2
25.8,6.1,0.0,75,0
25.1,6.8,0.0,69,1
27.7,13.3,0.4,79,2
28.7,9.4,0.3,74,1
26.3,28.4,0.0,75,2
27.0,11.2,0.3,84,0
26.1,25.6,0.1,80,2
24.5,14.4,0.0,81,2
26.8,14.4,0.0,85,2
26.3,13.0,0.0,89,2
25.5,9.4,0.2,90,0
26.6,13.3,0.5,89,2
24.4,8.6,0.7,94,0
26.5,12.6,0.0,90,2
22.2,9.4,0.0,92,0
23.3,16.2,0.1,86,2
23.0,22.0,0.4,94,2
23.3,19.1,2.1,96,2
27.5,4.7,0.0,74,1
23.9,11.5,0.6,94,0
28.1,5.8,0.3,79,0
27.1,5.0,0.1,79,0
23.1,18.4,0.2,95,2
26.7,6.1,0.4,84,0
22.9,22.7,0.0,87,2
23.3,11.9,0.7,95,0
23.3,18.4,0.2,92,2
22.4,18.4,0.0,94,2
22.3,23.0,0.1,91,2
24.4,15.5,0.0,85,2
23.8,15.8,0.4,94,2
22.6,16.2,0.0,95,2
23.0,16.9,0.3,93,2
23.5,11.5,0.5,94,0
24.7,9.0,0.0,90,0
23.5,12.2,0.2,88,0
24.0,11.9,0.0,89,0
23.0,16.9,0.0,89,2
23.4,17.3,0.1,83,2
22.9,3.6,0.4,95,0
26.5,15.8,0.9,90,2
25.1,6.1,0.9,94,0
28.0,6.1,1.2,94,0
27.0,6.8,1.1,89,0
27.0,6.8,1.2,89,0
26.4,6.1,2.0,89,0
26.7,18.0,0.0,67,2
22.3,12.6,0.2,91,0
20.9,11.9,2.5,97,0
23.8,9.7,0.1,97,0
24.3,7.9,0.3,95,0
22.7,5.0,0.9,97,0
22.1,15.1,3.2,99,2
24.0,4.0,7.2,99,4
23.1,9.4,1.7,99,0
24.2,10.1,0.4,97,0
24.3,4.0,0.4,96,0
24.1,11.2,0.0,98,0
22.6,13.3,0.5,98,0
24.8,6.5,0.0,92,0
25.0,5.8,0.3,98,0
23.8,7.2,0.0,98,0
23.3,16.6,0.3,97,2
24.6,8.3,0.0,96,0
22.3,17.3,0.6,98,2
22.7,14.4,1.4,98,2
23.7,21.6,3.0,97,2
23.4,5.8,0.6,98,0
23.8,7.9,0.0,91,0
24.4,9.7,0.1,97,0
23.7,10.8,0.3,97,0
22.3,12.6,0.5,98,0
23.9,7.9,0.5,93,0
24.8,9.7,0.5,94,0
25.7,15.5,0.3,90,2
25.8,18.4,0.1,88,2
23.5,13.0,0.5,96,0
23.0,5.0,0.5,99,0
23.3,19.8,2.8,98,2
23.7,5.0,0.5,96,0
25.2,15.5,0.3,92,2
23.8,7.2,0.1,97,0
22.4,16.6,1.0,98,2
27.0,6.8,0.6,94,0
23.9,6.5,0.0,92,0
23.6,9.0,0.4,94,0
23.7,5.4,1.3,96,0
24.6,11.2,1.1,91,0
23.0,6.1,0.3,98,0
23.6,5.4,0.2,93,0
24.2,9.7,0.1,96,0
25.0,9.7,0.9,94,0
23.2,10.4,1.1,97,0
23.4,5.4,0.5,94,0
23.2,10.1,0.5,97,0
24.3,7.9,0.4,95,0
25.8,19.8,0.0,90,2
16.3,6.8,0.0,88,3
25.0,7.9,0.1,96,0
15.2,10.8,0.0,67,3
23.5,6.5,0.1,97,0
16.1,6.8,0.0,65,3
19.1,6.1,0.0,81,0
25.4,16.6,0.6,94,2
24.9,5.0,0.1,71,1
15.1,3.6,0.0,63,3
10.9,5.8,0.0,71,3
4.6,8.3,0.0,37,3
13.6,3.6,0.0,57,3
16.2,9.0,0.0,78,3
15.1,3.6,0.0,57,3
18.5,8.3,0.1,79,0
25.7,16.2,0.8,92,2
14.6,6.5,0.0,75,3
24.5,5.0,0.1,71,1
24.9,3.6,0.0,73,0
11.4,8.6,0.0,52,3
11.9,5.0,0.0,79,3
25.8,16.2,2.1,92,2
26.9,25.9,0.0,88,2
27.4,24.1,0.0,77,2
25.7,6.8,0.0,76,0
25.0,11.5,0.1,84,0
26.0,15.1,2.0,94,2
27.0,27.0,0.0,78,2
25.8,13.3,0.1,83,2
25.0,19.4,0.0,89,2
25.6,22.7,0.0,86,2
27.1,14.0,0.0,74,2
27.7,16.2,0.0,74,2
27.0,12.6,0.2,80,2
26.8,25.9,0.0,88,2
25.0,11.5,0.0,92,0
27.0,32.0,0.0,86,2
26.3,18.0,1.7,89,2
26.5,18.0,1.1,87,2
27.0,30.2,0.0,81,2
26.9,27.4,0.0,86,2
26.0,6.8,0.0,89,0
26.8,28.1,0.0,80,2
26.0,6.8,0.1,89,0
25.8,16.6,2.3,93,2
26.5,12.6,0.3,82,2
25.8,8.3,0.1,85,0
27.8,22.0,0.1,81,2
29.1,16.2,0.0,58,1
24.9,17.3,0.0,71,2
27.0,16.2,0.1,84,2
23.5,16.9,0.0,81,2
26.4,8.3,0.0,79,0
24.6,27.7,0.0,74,2
25.4,10.8,0.0,85,0
26.2,19.4,0.0,66,2
25.0,9.7,0.4,96,0
23.0,5.0,0.2,97,0
23.4,6.8,0.0,93,0
24.0,3.6,0.0,100,0
22.1,9.4,0.0,98,0
23.6,14.8,0.0,93,2
23.9,11.2,0.0,95,0
24.2,10.4,0.0,96,0
22.0,7.9,0.0,96,0
25.1,9.4,0.7,97,0
25.6,10.1,0.0,94,0
24.8,7.2,0.3,96,0
25.0,9.4,0.1,97,0
24.3,5.4,0.1,95,0
24.9,11.2,0.1,95,0
22.2,6.5,0.0,98,0
24.0,8.6,0.1,93,0
29.0,15.1,0.3,94,2
25.9,7.9,0.3,93,0
24.8,13.7,1.2,96,2
24.5,13.7,0.8,97,2
25.2,10.1,0.0,91,0
22.0,22.0,0.0,94,2
25.4,13.0,0.3,93,2
23.9,15.8,1.3,95,2
24.8,20.2,0.7,95,2
24.7,18.0,1.1,96,2
24.8,18.7,0.9,95,2
24.8,20.5,1.0,96,2
24.6,20.9,0.6,92,2
25.4,16.9,0.4,95,2
24.4,22.0,0.7,92,2
29.0,15.1,0.6,94,2
23.8,3.6,0.1,94,0
24.7,21.6,0.7,94,2
25.0,19.1,0.5,96,2
24.7,9.4,0.4,95,0
25.4,13.0,0.1,95,2
25.6,13.0,0.1,95,2
25.5,14.8,0.0,95,2
25.6,10.1,0.1,93,0
25.4,14.4,0.8,96,2
25.0,11.2,0.2,94,0
25.4,5.4,0.0,83,0
25.0,11.2,1.1,94,0
25.0,11.2,0.0,94,0
27.1,16.2,0.0,70,2
25.3,8.6,0.0,78,0
24.9,8.6,0.0,82,0
26.5,9.0,0.0,70,1
25.7,9.7,0.0,77,0
25.3,19.4,0.1,82,2
25.9,9.7,0.0,73,1
25.0,11.2,0.5,94,0
27.0,9.7,0.0,66,1
26.5,10.1,0.0,70,1
25.4,19.1,0.1,82,2
27.0,15.1,0.0,69,2
24.6,6.8,0.0,88,0
24.5,3.6,0.0,83,0
26.1,21.2,1.0,87,2
27.5,23.0,0.0,82,2
22.4,4.0,0.1,96,0
25.9,9.0,0.0,67,1
5.8,6.5,0.0,89,3
24.9,3.6,0.4,94,0
26.0,4.0,0.5,100,0
25.0,6.5,0.1,96,0
24.7,3.6,1.5,96,0
24.5,4.0,0.8,98,0
23.2,3.6,0.2,96,0
24.9,4.0,1.3,97,0
24.9,10.4,0.6,92,0
19.4,4.3,0.0,88,0
23.1,3.6,0.2,99,0
24.7,6.1,0.3,95,0
25.1,8.6,0.0,90,0
24.3,6.1,0.9,96,0
24.3,5.8,0.6,95,0
26.6,18.0,0.0,71,2
26.8,16.2,0.0,74,2
24.1,5.0,0.2,89,0
20.4,3.6,0.0,99,0
20.2,3.6,0.0,99,0
19.0,3.6,0.0,99,0
25.3,16.9,0.9,90,2
19.9,3.6,0.2,100,0
17.3,3.6,0.1,99,0
27.0,6.8,0.2,100,0
20.3,3.6,0.2,100,0
21.3,3.6,0.4,99,0
23.6,4.0,0.6,96,0
20.9,4.0,0.0,98,0
18.0,3.6,0.3,100,0
23.4,3.6,0.2,97,0
22.8,4.0,0.3,98,0
18.6,3.6,0.1,99,0
24.1,4.3,0.0,98,0
24.1,4.7,0.0,98,0
24.4,3.6,0.2,96,0
24.3,4.7,0.0,98,0
22.3,10.8,0.0,96,0
23.8,10.4,0.0,96,0
23.1,10.4,0.0,94,0
23.8,6.1,0.1,97,0
23.1,7.6,0.0,95,0
22.5,7.9,0.0,97,0
26.1,20.5,0.1,86,2
22.3,15.8,0.0,95,2
24.6,12.6,0.5,95,0
24.0,12.6,0.0,94,0
23.2,3.6,0.0,82,0
22.2,27.0,0.0,90,2
23.8,11.9,0.0,94,0
24.0,8.3,0.2,94,0
23.5,9.4,0.0,94,0
23.7,5.8,0.1,96,0
23.6,3.6,0.5,97,0
22.5,9.7,0.0,97,0
21.2,4.3,0.0,81,0
20.0,3.6,0.1,83,0
20.5,3.6,0.1,87,0
0.8,3.6,0.0,84,3
22.4,12.2,0.1,88,0
24.1,5.4,0.1,84,0
20.0,3.6,0.1,88,0
18.9,4.7,0.0,83,0
10.3,6.1,0.4,87,3
20.9,4.3,0.1,82,0
9.7,3.6,0.5,92,3
22.6,9.4,0.1,98,0
24.0,4.0,0.3,90,0
25.5,8.3,0.6,85,0
25.5,11.9,0.5,86,0
23.0,11.2,0.6,100,0
18.6,13.0,0.0,89,0
24.0,6.8,0.0,89,0
23.2,3.6,0.1,96,0
26.0,4.0,0.2,94,0
24.0,20.2,0.0,89,2
26.0,4.0,0.2,89,0
27.7,25.2,0.2,82,2
27.0,6.8,0.1,94,0
25.9,13.0,0.2,95,2
25.8,14.0,0.4,95,2
27.0,6.8,0.0,100,0
26.3,15.5,0.5,92,2
14.7,5.4,0.2,95,3
23.8,11.2,1.2,97,0
26.0,12.2,0.3,94,0
25.4,10.8,1.0,97,0
25.3,11.9,1.4,96,0
24.8,4.0,0.8,92,0
24.4,9.0,2.4,98,0
25.1,5.0,0.0,70,1
24.4,5.0,0.0,70,1
25.2,9.7,0.0,80,0
27.0,33.1,0.0,84,2
24.9,9.0,0.0,73,1
25.9,9.7,0.0,70,1
26.4,9.7,0.0,69,1
25.8,10.8,0.0,72,1
24.8,8.3,0.0,77,0
25.4,8.3,0.0,77,0
26.2,11.2,0.0,68,1
25.0,10.1,0.0,75,0
25.5,5.0,0.0,79,0
24.1,4.3,0.0,75,0
26.0,10.4,0.0,71,1
27.4,11.5,0.0,63,1
25.5,9.4,0.0,71,1
21.8,16.6,0.0,83,2
21.2,15.8,0.0,86,2
23.0,13.7,0.0,89,2
19.6,10.1,0.0,92,0
22.1,25.2,0.0,84,2
22.3,17.3,0.0,91,2
23.6,21.6,0.0,82,2
21.6,19.4,0.0,91,2
22.1,23.0,0.0,93,2
23.0,20.9,0.0,89,2
22.2,23.4,0.0,89,2
23.0,11.2,0.7,100,0
23.0,23.0,0.0,83,2
21.2,11.2,0.0,92,0
23.7,23.8,0.0,81,2
20.5,15.8,0.0,88,2
20.9,17.6,0.0,95,2
22.6,28.8,0.0,85,2
22.7,20.9,0.2,94,2
22.0,17.3,0.2,93,2
21.9,24.1,0.2,94,2
23.3,19.1,0.0,90,2
21.8,22.3,0.3,96,2
21.8,14.4,0.0,96,2
24.1,13.7,0.0,94,2
23.9,27.4,0.8,95,2
23.5,24.8,0.0,91,2
24.8,21.6,0.1,94,2
23.3,24.1,0.0,92,2
25.6,27.7,0.5,83,2
21.0,8.6,0.1,98,0
21.5,18.4,0.0,94,2
21.4,14.0,0.2,96,2
23.9,19.8,0.2,96,2
24.7,34.2,0.4,92,2
25.0,9.7,1.1,94,0
26.0,4.0,0.3,94,0
22.2,18.4,0.4,97,2
23.8,24.8,0.8,95,2
23.6,11.2,0.1,98,0
22.9,17.6,0.2,92,2
22.8,22.7,0.1,93,2
28.0,11.2,0.6,94,0
26.2,10.8,0.5,90,0
28.0,11.2,1.0,94,0
28.0,11.2,1.5,94,0
24.8,3.6,0.0,95,0
21.5,8.3,0.0,89,0
24.3,8.6,0.0,94,0
25.8,10.4,0.1,93,0
26.4,8.6,0.1,92,0
24.3,6.1,0.0,93,0
27.0,6.8,0.3,94,0
28.0,20.2,0.1,84,2
26.2,9.4,0.0,91,0
24.4,7.2,0.0,93,0
26.2,9.4,0.6,92,0
24.0,7.6,0.0,94,0
23.9,3.6,0.0,97,0
24.3,5.8,0.0,92,0
26.8,19.1,0.0,73,2
31.9,14.4,0.0,42,1
26.3,14.4,0.0,76,2
29.5,12.6,0.0,59,1
29.4,13.3,0.0,63,1
28.9,18.0,0.0,57,1
28.9,11.9,0.0,58,1
30.5,9.4,0.0,55,1
31.7,22.3,0.0,50,2
24.7,8.6,0.1,87,0
25.0,7.6,0.2,84,0
25.4,11.9,0.6,91,0
25.3,11.5,0.8,89,0
26.0,11.2,0.0,89,0
25.0,6.5,1.8,94,0
29.5,6.8,0.0,61,1
24.9,5.4,0.5,80,0
25.9,9.7,0.4,84,0
26.1,13.0,1.9,87,2
25.8,16.9,0.3,84,2
26.6,11.9,0.0,72,1
27.7,12.6,0.0,74,1
26.0,11.2,1.2,89,0
28.0,9.0,0.0,79,0
27.1,13.3,0.0,71,1
26.6,11.2,0.0,66,1
28.4,21.2,0.0,71,2
26.6,11.5,0.0,72,1
22.8,3.6,0.0,93,0
25.7,6.8,0.0,77,0
23.9,3.6,0.0,79,0
26.0,14.4,0.0,69,2
22.6,13.3,0.0,81,2
25.0,5.8,0.2,85,0
25.5,12.6,0.1,86,2
25.3,14.4,0.3,90,2
24.6,7.6,0.5,89,0
25.7,19.1,0.3,88,2
24.2,11.9,0.3,90,0
25.6,13.3,0.5,86,2
24.8,9.4,0.7,88,0
23.3,6.5,0.6,90,0
25.0,11.2,0.1,94,0
25.9,11.2,0.5,85,0
25.1,5.4,0.0,83,0
24.5,8.3,0.2,91,0
25.5,16.6,1.2,88,2
26.0,16.9,0.4,84,2
25.5,16.9,0.2,91,2
26.2,10.4,0.0,93,0
25.1,17.3,0.2,90,2
25.4,19.4,0.3,89,2
24.1,3.6,0.2,91,0
25.7,18.7,0.2,89,2
25.5,18.4,0.2,90,2
24.7,18.0,1.1,97,2
24.9,20.2,0.4,94,2
27.8,13.3,0.0,67,1
26.0,15.1,0.5,94,2
25.2,15.8,1.0,96,2
24.8,17.6,0.3,94,2
24.9,20.2,10.3,98,4
24.7,3.6,0.2,94,0
25.4,11.2,1.3,92,0
25.5,16.2,0.3,92,2
25.6,17.6,0.2,87,2
25.6,15.1,0.3,93,2
25.6,11.2,2.3,94,0
24.9,18.7,0.2,92,2
25.2,17.6,2.4,98,2
26.0,15.1,0.4,94,2
25.3,15.1,0.0,94,2
25.5,24.1,0.2,93,2
26.0,15.1,0.7,94,2
26.1,10.4,0.0,71,1
25.0,14.0,4.8,98,2
25.3,17.3,0.4,95,2
25.0,11.2,0.6,94,0
24.4,11.5,0.1,81,0
25.5,10.1,0.1,90,0
23.6,10.1,0.3,89,0
26.0,18.4,0.0,87,2
25.7,17.3,0.5,88,2
27.0,14.0,0.0,75,2
25.2,15.5,0.0,71,2
28.0,11.2,0.1,89,0
27.0,14.0,0.1,75,2
28.0,11.2,0.0,89,0
24.4,14.8,0.1,87,2
25.6,15.1,2.9,95,2
25.5,10.1,2.3,93,0
24.7,15.8,1.4,96,2
25.7,14.0,0.1,93,2
24.3,9.4,0.2,97,0
25.2,7.9,2.8,97,0
23.3,10.4,0.0,80,0
24.2,6.1,0.0,83,0
24.2,8.3,1.1,96,0
25.3,8.3,1.4,88,0
25.3,7.2,0.6,91,0
25.6,16.2,0.2,91,2
25.1,9.7,2.5,90,0
22.9,14.8,1.0,98,2
24.9,11.9,0.4,95,0
23.4,23.4,0.0,87,2
24.0,14.4,0.1,92,2
23.9,17.3,0.1,91,2
23.1,19.1,0.0,93,2
23.0,20.9,0.1,93,2
24.5,20.9,0.0,84,2
24.0,18.4,0.1,94,2
22.9,19.4,0.0,93,2
23.9,18.7,0.0,89,2
24.2,13.0,0.0,92,2
24.1,12.2,0.0,91,0
23.6,14.0,0.0,91,2
23.8,16.6,0.0,87,2
23.0,24.1,0.0,89,2
22.7,15.1,0.0,87,2
23.4,4.3,1.2,98,0
22.3,7.2,0.1,99,0
24.2,5.4,1.5,96,0
27.4,16.2,0.0,88,2
25.1,6.1,2.7,96,0
25.4,3.6,0.3,94,0
23.4,5.8,1.4,97,0
21.4,3.6,0.3,99,0
26.0,4.0,1.6,100,0
25.0,11.2,0.7,94,0
26.2,7.9,0.1,83,0
25.5,11.5,0.3,95,0
25.5,12.2,0.2,96,0
25.0,11.2,0.4,94,0
25.9,13.7,0.0,68,1
24.1,13.0,0.0,87,2
22.5,9.4,0.2,93,0
23.9,7.2,1.0,96,0
23.7,12.2,0.1,97,0
22.5,10.1,0.0,96,0
21.9,14.0,0.0,96,2
23.8,14.8,0.0,97,2
22.7,20.5,0.3,96,2
24.0,7.6,0.1,96,0
23.9,15.1,0.0,97,2
24.8,7.2,1.0,96,0
22.8,24.5,0.3,95,2
24.9,8.3,0.1,91,0
24.9,7.2,0.0,98,0
24.0,10.4,0.2,97,0
23.5,17.3,0.0,96,2
25.1,7.6,0.8,92,0
22.6,28.4,0.7,95,2
22.8,24.1,0.4,96,2
23.4,18.4,0.1,95,2
23.3,15.5,0.4,96,2
23.0,10.1,0.4,97,0
24.7,11.9,0.4,97,0
23.8,3.6,0.7,95,0
22.9,26.3,0.3,95,2
22.5,18.0,0.9,96,2
24.5,8.6,0.3,94,0
24.9,12.2,0.5,96,0
24.7,14.0,1.3,96,2
23.9,20.9,0.0,88,2
23.2,7.9,0.5,96,0
23.4,19.1,0.1,95,2
23.0,5.8,0.0,95,0
24.7,9.7,2.0,97,0
24.0,13.3,0.5,97,2
22.7,25.9,1.2,96,2
26.9,10.1,0.0,91,0
24.2,6.1,0.0,92,0
23.6,23.0,0.1,91,2
23.1,15.8,0.2,97,2
24.4,8.6,0.1,93,0
22.3,3.6,0.0,98,0
22.9,20.2,0.6,96,2
23.9,6.5,1.9,98,0
24.5,10.8,2.2,98,0
23.9,15.8,0.0,92,2
22.5,6.5,0.0,95,0
23.4,10.4,0.0,95,0
23.7,12.2,0.2,97,0
26.2,21.6,0.0,84,2
19.0,5.4,0.0,89,0
26.2,11.2,0.4,87,0
14.9,5.8,0.3,82,3
24.3,7.2,0.1,96,0
15.0,4.7,0.4,81,3
17.5,4.3,0.0,88,0
25.5,13.3,0.9,95,2
23.6,6.1,0.6,85,0
15.1,3.6,0.0,71,3
10.7,5.8,0.0,77,3
4.2,7.6,0.0,34,3
14.1,3.6,0.0,74,3
16.6,5.4,0.1,87,3
15.2,3.6,0.0,75,3
18.9,3.6,0.1,89,0
25.0,11.2,4.3,95,0
14.9,4.7,0.1,85,3
23.7,7.2,0.5,85,0
23.6,5.4,1.0,89,0
12.1,6.8,0.0,50,3
13.3,4.0,0.0,88,3
26.0,13.3,0.1,90,2
27.2,20.2,0.0,82,2
26.5,15.1,0.0,78,2
23.9,7.6,0.0,87,0
25.8,11.9,0.0,80,0
25.0,9.4,1.5,98,0
26.3,19.1,0.0,78,2
26.0,11.2,0.0,81,0
25.1,18.4,0.0,82,2
25.5,20.2,0.0,81,2
26.5,14.0,0.0,76,2
26.9,13.3,0.0,74,2
25.8,10.1,0.0,83,0
27.1,20.2,0.0,82,2
24.7,11.9,0.0,88,0
26.9,29.5,0.0,85,2
26.6,16.9,0.0,87,2
26.9,19.1,0.0,84,2
26.7,27.7,0.0,80,2
27.1,25.2,0.0,83,2
26.4,23.0,0.0,81,2
25.8,12.2,0.1,91,0
26.6,13.0,0.6,85,2
26.2,9.0,0.0,85,0
27.7,17.6,0.2,84,2
29.0,16.9,0.1,61,1
25.8,17.3,0.0,67,2
27.2,14.8,0.2,88,2
24.0,16.2,0.2,86,2
25.6,11.9,0.0,86,0
26.2,5.0,0.1,87,0
24.7,28.1,0.0,75,2
25.1,10.1,0.4,93,0
26.1,22.3,0.0,68,2
25.6,8.3,0.0,94,0
25.4,3.6,0.0,95,0
23.8,6.1,0.0,95,0
24.2,6.8,0.0,92,0
22.8,5.8,0.0,95,0
22.9,9.0,0.1,95,0
24.6,8.6,0.2,92,0
24.8,9.7,0.0,96,0
22.1,6.1,0.0,97,0
26.1,7.6,0.3,90,0
25.8,9.7,0.1,92,0
25.2,7.2,0.0,95,0
25.3,7.2,0.0,95,0
25.0,7.2,0.1,93,0
25.2,11.9,0.0,94,0
22.4,5.0,0.0,97,0
23.7,9.0,0.0,93,0
22.9,5.8,0.0,95,0
26.5,10.8,0.0,89,0
26.3,10.4,0.0,91,0
26.1,5.4,1.7,91,0
26.8,7.2,0.8,88,0
22.2,21.2,0.0,92,2
27.0,7.6,0.0,85,0
25.2,9.0,2.1,96,0
26.4,12.2,0.3,91,0
26.4,9.0,0.4,90,0
26.1,18.4,2.4,92,2
26.2,13.3,3.1,92,2
25.1,13.7,1.2,96,2
26.4,9.4,0.0,88,0
25.5,11.9,1.0,94,0
27.2,10.1,0.0,87,0
24.8,5.0,0.1,97,0
26.2,11.5,0.3,92,0
26.7,10.8,0.3,89,0
26.3,5.4,0.1,88,0
26.4,8.6,0.2,89,0
26.7,8.6,0.2,89,0
26.9,8.6,0.1,87,0
25.9,9.4,0.1,91,0
26.9,7.2,0.9,88,0
24.0,11.2,0.0,100,0
23.3,3.6,0.0,88,0
24.0,11.2,0.7,100,0
24.8,7.2,0.0,84,0
23.7,7.9,0.0,87,0
23.3,5.4,0.0,90,0
24.4,7.9,0.0,82,0
24.1,5.8,0.0,87,0
24.3,7.9,0.0,87,0
25.1,10.1,0.0,83,0
24.0,11.2,0.4,100,0
26.1,12.6,0.0,79,2
25.2,9.7,0.0,83,0
24.4,7.9,0.0,87,0
25.0,6.5,0.0,80,0
23.1,3.6,0.0,89,0
23.2,3.6,0.0,86,0
26.3,19.4,0.8,85,2
27.7,34.2,0.3,83,2
23.1,6.5,0.0,95,0
26.4,12.2,0.0,67,1
5.9,3.6,0.0,91,3
25.5,4.7,0.9,92,0
26.4,3.6,0.1,88,0
24.3,3.6,0.0,97,0
24.4,3.6,1.0,98,0
23.1,3.6,0.7,98,0
24.8,3.6,1.0,97,0
23.7,15.5,1.6,95,2
20.1,3.6,0.0,93,0
22.9,3.6,0.1,97,0
24.6,3.6,1.8,97,0
25.5,4.7,0.6,93,0
24.4,5.4,1.3,96,0
24.3,6.5,1.0,96,0
27.4,22.3,0.2,73,2
27.2,15.5,0.0,77,2
24.7,6.5,0.6,89,0
21.6,3.6,0.5,100,0
21.3,3.6,0.1,99,0
20.0,3.6,0.6,99,0
25.8,17.3,0.6,87,2
19.4,3.6,0.2,99,0
18.2,3.6,0.2,99,0
28.0,6.1,0.0,94,0
20.3,3.6,0.1,99,0
23.9,4.3,0.3,96,0
21.2,4.3,0.3,99,0
18.5,3.6,0.1,99,0
23.1,3.6,0.2,97,0
24.4,4.0,0.2,99,0
19.3,3.6,0.1,99,0
24.5,5.8,0.2,97,0
24.7,5.4,0.2,97,0
23.5,3.6,0.8,98,0
21.0,15.1,0.0,88,2
22.1,7.6,0.0,99,0
24.4,9.0,0.0,96,0
22.8,7.2,0.0,97,0
23.7,4.3,0.0,98,0
23.1,7.6,0.0,96,0
24.7,20.5,2.2,95,2
22.4,12.2,0.0,97,0
24.3,11.2,0.1,95,0
24.5,11.2,0.1,96,0
21.9,3.6,0.0,86,0
22.7,25.9,0.0,88,2
24.3,10.4,0.0,96,0
24.4,8.3,0.0,94,0
24.1,7.2,0.2,96,0
24.6,6.5,0.1,93,0
20.1,5.0,0.0,78,0
18.7,6.8,2.6,98,0
20.0,7.6,1.1,93,0
1.8,3.6,0.0,86,3
22.5,6.8,0.0,89,0
23.6,3.6,0.0,82,0
17.0,3.6,0.0,89,0
17.6,6.5,0.0,84,0
9.7,7.2,1.3,92,3
9.3,3.6,0.1,85,3
22.9,7.9,0.0,97,0
24.8,6.5,0.5,90,0
22.5,3.6,0.3,95,0
25.7,12.6,1.2,83,2
23.0,4.0,1.4,100,0
25.4,13.0,0.7,85,2
24.0,3.6,0.7,100,0
21.4,13.0,0.0,89,0
23.5,3.6,0.9,95,0
23.0,4.0,0.7,100,0
25.0,13.0,0.0,89,2
26.0,9.0,0.4,84,0
23.0,6.8,0.1,94,0
27.2,24.5,0.6,83,2
25.5,10.1,0.0,93,0
26.4,9.0,0.0,91,0
21.0,3.6,0.6,94,0
25.6,3.6,0.9,91,0
26.1,11.2,0.0,91,0
25.4,9.7,0.0,97,0
25.7,9.7,0.0,95,0
24.7,6.5,0.4,96,0
25.1,3.6,0.7,91,0
22.8,5.8,1.0,89,0
23.2,7.2,0.0,89,0
28.0,13.0,0.0,94,2
23.2,9.0,0.0,88,0
23.7,9.0,0.0,87,0
24.5,10.1,0.0,85,0
24.8,9.7,0.0,79,0
22.9,9.0,0.0,90,0
23.7,8.6,0.0,86,0
25.4,10.4,0.0,77,0
23.7,9.0,0.0,85,0
23.6,6.5,0.0,87,0
25.4,10.1,0.0,76,0
27.2,14.0,0.0,71,2
23.6,9.7,0.0,88,0
22.0,14.4,0.0,81,2
21.4,15.1,0.0,85,2
23.8,12.6,0.0,88,0
19.0,10.4,0.0,93,0
21.4,27.7,0.0,86,2
22.1,19.1,0.0,90,2
24.4,18.4,0.1,83,2
21.7,19.8,0.0,89,2
21.9,16.2,0.0,88,2
23.4,15.5,0.1,90,2
22.5,23.8,0.0,86,2
24.0,3.6,0.9,100,0
23.3,22.3,0.0,81,2
19.8,16.6,0.0,90,2
21.0,12.6,0.0,87,0
24.2,22.3,0.0,77,2
21.0,16.9,0.0,94,2
20.5,13.0,0.0,84,0
20.7,15.5,0.0,94,2
23.4,25.9,0.0,83,2
21.7,16.9,0.1,95,2
22.0,20.9,0.0,91,2
21.7,19.8,0.0,91,2
23.8,16.9,0.0,89,2
22.3,19.8,0.0,91,2
21.9,13.7,0.0,91,2
23.0,13.3,0.0,92,2
22.8,15.8,0.2,90,2
22.4,15.5,0.1,90,2
23.4,19.1,0.1,91,2
22.1,15.1,0.0,92,2
25.2,14.4,0.0,81,2
20.9,10.4,0.0,96,0
22.0,16.6,0.0,89,2
21.7,14.4,0.0,94,2
23.1,18.7,0.0,92,2
24.1,31.3,0.0,93,2
25.4,9.0,0.4,88,0
25.0,9.0,0.0,100,0
22.8,15.8,0.0,90,2
23.1,16.6,0.1,89,2
23.6,14.4,0.0,96,2
22.8,18.4,0.0,88,2
22.9,23.8,0.1,89,2
28.0,15.1,0.2,94,2
26.5,12.6,0.2,87,2
28.0,15.1,0.4,94,2
25.2,4.0,0.1,97,0
21.6,8.3,0.0,96,0
25.0,7.2,0.0,91,0
25.8,10.8,0.0,92,0
26.5,8.6,0.0,92,0
25.0,4.3,0.1,90,0
26.4,3.6,0.0,93,0
28.1,15.8,0.0,86,2
26.5,6.5,0.0,90,0
25.4,5.8,0.1,90,0
26.7,6.5,0.0,91,0
25.0,5.8,0.1,90,0
22.8,3.6,0.2,97,0
24.8,5.0,0.0,91,0
28.9,18.7,0.0,54,1
23.4,8.3,0.0,89,0
27.4,14.0,0.0,71,2
27.4,17.3,0.0,61,2
28.0,15.5,0.0,66,1
28.5,14.8,0.0,64,1
25.3,11.9,0.0,82,0
28.7,16.2,0.0,63,1
24.0,9.0,0.0,91,0
24.5,8.3,0.0,90,0
24.6,6.8,0.0,90,0
24.9,8.3,0.1,93,0
27.8,10.8,0.0,66,1
24.1,6.5,0.3,84,0
24.2,4.7,0.0,85,0
24.2,12.2,0.3,94,0
24.8,17.6,0.1,80,2
23.8,7.9,0.1,94,0
26.4,16.6,0.0,78,2
27.3,11.2,0.2,69,1
26.7,15.8,0.0,63,1
28.0,24.1,0.1,68,2
27.2,15.5,0.0,65,1
26.9,16.2,0.0,73,2
21.7,4.3,0.0,89,0
26.2,9.7,0.0,71,1
23.7,5.8,0.0,75,0
25.5,23.4,0.0,72,2
23.2,20.9,0.0,75,2
23.3,7.6,0.0,90,0
23.0,17.6,0.5,95,2
23.4,13.3,0.4,94,2
23.4,12.6,0.5,94,0
24.5,20.2,3.0,96,2
23.4,6.5,0.6,95,0
23.9,17.3,1.7,96,2
23.6,6.8,0.2,94,0
23.6,10.4,0.5,93,0
23.4,7.6,0.9,94,0
23.2,11.9,0.1,94,0
23.0,15.8,0.7,95,2
23.1,12.6,0.7,95,0
24.0,10.4,0.5,93,0
23.7,11.5,0.5,93,0
24.4,13.3,0.8,95,2
26.4,8.3,0.0,94,0
23.5,12.6,1.7,97,0
24.0,11.5,1.1,95,0
23.2,9.7,0.3,93,0
24.0,14.4,0.4,94,2
24.0,13.3,0.1,93,2
24.9,9.7,2.2,97,0
24.8,14.4,1.8,97,2
25.0,9.0,0.0,84,0
24.8,10.4,1.9,98,0
24.9,13.3,3.0,98,2
26.6,11.5,0.0,89,0
25.0,4.0,0.0,97,0
25.9,10.1,0.0,89,0
25.1,13.0,1.4,97,2
25.0,15.5,0.0,82,2
25.3,11.2,3.7,96,0
26.1,8.6,0.0,90,0
24.7,18.4,2.7,98,2
26.1,9.4,0.2,92,0
24.6,10.1,2.0,98,0
25.9,10.1,1.4,91,0
25.6,13.7,2.1,94,2
23.9,4.0,0.0,86,0
26.2,10.8,0.0,92,0
25.1,7.2,1.7,97,0
24.0,11.2,0.3,100,0
23.9,7.2,0.0,87,0
24.0,3.6,0.0,85,0
24.2,15.5,2.1,96,2
24.3,11.9,0.2,91,0
26.9,16.2,0.1,78,2
28.0,19.1,0.2,84,2
27.0,21.2,0.3,77,2
28.0,19.1,0.0,84,2
25.4,18.0,0.1,79,2
26.5,10.1,0.1,89,0
25.9,8.3,0.2,90,0
24.3,10.8,2.3,98,0
25.8,14.4,2.2,93,2
24.0,11.9,0.4,97,0
26.4,7.9,0.0,90,0
23.5,13.7,0.0,74,2
24.5,14.0,0.0,79,2
24.6,10.4,0.3,95,0
24.4,6.1,0.0,92,0
24.5,9.7,0.6,96,0
24.7,11.9,0.3,96,0
24.0,8.6,0.0,93,0
23.2,24.1,0.4,96,2
24.3,9.4,0.1,97,0
23.2,19.4,0.0,80,2
23.6,9.7,0.1,94,0
23.1,14.8,0.0,89,2
21.7,14.0,0.0,92,2
21.9,18.7,0.0,88,2
24.3,11.5,0.0,85,0
22.4,10.1,0.0,91,0
21.7,14.0,0.0,93,2
22.6,14.4,0.0,92,2
23.6,12.6,0.0,92,0
23.7,11.2,0.0,93,0
23.2,12.6,0.0,90,0
23.4,11.2,0.0,90,0
23.0,15.1,0.0,94,2
23.5,14.0,0.1,90,2
24.0,3.6,0.3,94,0
27.0,10.4,0.0,90,0
24.7,5.4,1.7,96,0
20.7,3.6,0.5,98,0
24.0,11.2,0.1,100,0
25.6,10.8,0.0,93,0
24.0,11.2,0.2,100,0
26.4,16.6,0.0,65,2
23.6,15.1,0.1,87,2
20.1,11.9,0.0,95,0
23.3,15.8,0.0,97,2
23.3,22.7,0.0,84,2
22.9,20.2,0.0,86,2
21.2,6.8,0.0,95,0
23.0,13.3,0.0,96,2
22.4,20.2,0.0,89,2
23.4,12.6,0.0,96,0
23.4,18.0,0.0,92,2
24.4,15.1,0.2,97,2
22.6,23.0,0.0,94,2
25.1,9.4,0.0,95,0
25.6,7.9,0.0,98,0
24.2,7.2,0.0,96,0
23.8,22.7,0.0,91,2
24.9,9.4,0.0,95,0
22.6,25.6,0.0,94,2
22.7,24.1,0.0,96,2
24.0,20.9,0.0,90,2
22.7,19.4,0.0,95,2
23.0,19.8,0.0,83,2
24.4,11.5,0.0,97,0
22.9,15.1,0.0,98,2
23.0,24.5,0.0,93,2
22.6,25.2,0.0,89,2
25.2,10.4,0.0,93,0
24.5,11.9,0.1,96,0
24.1,13.7,0.3,96,2
23.9,18.0,0.0,88,2
22.5,11.5,0.0,93,0
23.8,18.4,0.0,90,2
23.2,9.7,0.0,97,0
24.2,11.9,0.1,97,0
23.6,12.2,0.0,95,0
22.7,25.6,0.0,95,2
24.5,8.3,0.0,95,0
24.1,21.2,0.0,88,2
22.9,23.0,0.0,83,2
24.2,6.5,0.0,91,0
22.8,4.3,0.0,98,0
22.9,24.8,0.0,92,2
24.1,12.6,0.1,98,0
24.6,9.7,0.0,98,0
24.6,19.1,0.0,86,2
22.9,6.5,0.0,95,0
23.7,8.3,0.0,96,0
23.3,22.3,0.0,84,2
25.9,19.8,0.0,92,2
17.6,5.0,0.0,91,0
26.2,10.1,0.2,90,0
15.2,4.3,0.0,91,3
24.6,4.3,0.0,96,0
15.1,5.0,0.0,86,3
18.7,4.0,0.0,90,0
24.4,14.8,1.9,97,2
24.1,5.4,0.2,87,0
16.2,3.6,0.0,75,3
12.2,6.1,0.0,82,3
4.4,7.9,0.0,29,3
13.4,3.6,0.0,77,3
16.0,3.6,0.2,95,3
16.4,3.6,0.0,78,3
19.3,5.0,0.1,92,0
24.7,12.6,1.6,97,0
15.4,3.6,0.0,85,3
24.3,6.1,0.1,87,0
23.9,3.6,0.2,91,0
13.0,5.8,0.0,43,3
14.0,3.6,0.1,94,3
26.1,18.4,0.1,91,2
26.8,23.4,0.1,88,2
26.6,19.8,0.0,83,2
23.7,9.0,0.0,89,0
26.5,15.8,0.0,78,2
25.0,3.6,1.4,100,0
26.6,20.5,0.0,77,2
26.4,14.8,0.0,77,2
24.7,20.5,0.0,92,2
25.5,28.8,0.0,87,2
26.1,18.7,0.0,78,2
26.6,16.9,0.0,73,2
26.6,18.4,0.0,83,2
26.7,23.4,0.1,88,2
24.6,12.2,0.0,96,0
27.0,27.0,0.0,88,2
26.6,21.2,0.1,88,2
26.8,22.7,0.1,87,2
26.8,29.2,0.0,84,2
26.9,24.5,0.0,88,2
27.0,15.1,0.0,84,2
26.2,30.6,0.0,82,2
26.1,17.6,0.1,91,2
25.5,25.6,0.2,89,2
25.3,18.0,0.1,90,2
27.8,8.6,0.4,84,0
27.1,17.6,0.5,72,2
25.3,19.4,0.0,68,2
26.7,9.7,1.2,90,0
24.0,18.7,0.1,82,2
25.2,23.4,0.1,89,2
26.6,3.6,0.7,87,0
24.9,30.2,0.0,75,2
25.1,24.1,0.1,90,2
26.1,21.2,0.1,71,2
26.1,7.9,0.0,93,0
25.1,4.3,0.0,93,0
24.1,5.0,0.0,97,0
24.9,5.0,0.0,90,0
23.2,7.6,0.0,97,0
23.4,7.6,0.0,95,0
25.3,8.3,0.0,90,0
25.4,8.6,0.0,92,0
22.6,5.4,0.0,99,0
27.2,8.6,0.0,84,0
26.0,9.7,0.7,92,0
25.9,7.9,0.0,90,0
26.0,7.2,0.0,92,0
25.5,4.3,0.0,90,0
25.7,10.4,0.0,93,0
23.0,4.0,0.0,99,0
24.3,9.0,0.0,92,0
23.5,7.6,0.0,96,0
30.0,6.1,0.0,94,0
27.0,10.4,0.2,89,0
28.4,6.5,0.0,79,0
27.8,8.3,0.0,82,0
21.9,17.6,0.0,91,2
28.1,6.1,0.0,81,0
28.6,4.3,0.0,77,1
28.4,6.1,0.1,80,0
28.2,10.4,0.1,82,0
27.7,7.2,0.0,80,0
27.8,7.2,0.0,81,0
28.9,8.6,0.0,76,1
27.6,9.0,0.0,80,0
28.3,7.6,0.2,81,0
24.0,4.0,0.0,97,0
28.6,7.2,0.1,80,0
28.4,7.6,0.0,80,0
27.4,6.1,0.0,80,0
27.5,6.5,0.8,85,0
27.8,6.5,0.8,85,0
28.1,6.1,0.9,83,0
26.4,7.9,0.9,89,0
28.2,9.0,0.0,80,0
25.0,9.0,0.0,94,0
22.5,4.3,0.0,90,0
25.0,9.0,0.1,94,0
23.7,9.4,0.0,92,0
22.6,10.4,0.0,93,0
22.1,8.6,0.0,93,0
22.8,9.0,0.0,95,0
22.2,7.9,0.0,96,0
23.6,7.2,0.0,93,0
23.3,12.6,0.0,93,0
24.2,13.3,0.0,89,2
23.8,10.8,0.0,91,0
23.7,7.2,0.0,93,0
23.4,7.6,0.0,93,0
22.2,4.3,0.0,90,0
22.4,3.6,0.0,93,0
26.2,18.7,1.2,86,2
27.9,29.2,0.3,80,2
23.2,4.0,0.0,96,0
26.6,13.3,0.0,67,1
5.5,4.7,0.0,91,3
26.3,5.0,0.6,90,0
28.0,6.8,1.7,89,0
27.1,10.1,0.5,86,0
25.1,3.6,8.3,97,4
24.5,4.3,1.6,99,0
24.7,3.6,3.5,99,0
25.3,3.6,0.8,96,0
23.1,19.4,0.8,94,2
20.6,6.1,0.0,91,0
20.9,3.6,0.2,97,0
25.0,5.4,1.0,96,0
25.3,3.6,0.3,95,0
25.0,10.8,0.8,96,0
24.5,14.0,1.8,97,2
26.8,18.4,0.1,72,2
27.7,17.3,0.0,73,2
24.3,6.5,0.8,90,0
22.1,3.6,0.6,100,0
21.5,3.6,0.4,100,0
20.1,3.6,0.3,100,0
25.6,15.1,1.1,89,2
20.3,3.6,4.4,100,0
18.1,3.6,1.0,98,0
20.2,3.6,1.2,100,0
21.3,3.6,1.2,99,0
23.4,5.4,1.4,97,0
21.6,3.6,1.8,99,0
19.0,3.6,1.1,100,0
23.4,9.7,6.2,99,4
22.3,3.6,2.0,100,0
18.9,3.6,1.3,100,0
24.5,6.1,2.4,99,0
24.6,6.8,2.3,99,0
23.1,9.4,0.1,94,0
24.8,8.3,0.0,95,0
23.4,9.0,0.0,96,0
24.1,9.0,0.5,98,0
23.9,11.2,0.0,97,0
23.4,5.8,0.0,97,0
24.9,7.6,0.4,91,0
22.6,12.2,0.0,96,0
24.6,10.1,0.0,91,0
24.5,11.9,0.0,94,0
21.1,3.6,0.0,93,0
22.2,24.8,0.0,88,2
24.5,11.2,0.0,96,0
24.8,8.6,0.0,97,0
24.5,5.0,0.0,97,0
24.7,4.0,0.0,94,0
20.0,4.3,0.0,91,0
18.0,7.9,0.8,93,0
19.2,8.6,0.4,93,0
2.4,3.6,0.0,79,3
22.4,5.0,0.1,85,0
22.8,4.3,0.0,82,0
16.4,6.5,0.1,90,3
17.1,3.6,0.0,91,0
9.8,4.3,0.2,85,3
7.7,6.8,0.0,75,3
23.4,4.0,0.0,97,0
24.6,7.2,0.7,90,0
23.0,3.6,0.0,95,0
25.6,11.5,0.6,84,0
24.0,6.1,0.8,100,0
25.1,10.8,0.5,87,0
24.0,6.1,1.1,94,0
20.4,14.0,0.0,89,2
23.0,15.1,0.2,94,2
23.3,3.6,0.1,95,0
24.0,6.1,0.3,100,0
24.0,19.1,0.0,94,2
26.0,11.2,0.3,89,0
27.4,23.4,0.1,82,2
27.0,6.1,0.1,94,0
26.3,9.7,0.0,93,0
27.1,10.8,0.0,88,0
22.1,4.7,0.4,93,0
26.7,6.1,0.7,87,0
26.2,11.2,0.0,90,0
25.9,10.4,0.0,95,0
25.9,8.6,0.0,92,0
25.3,6.8,0.0,90,0
26.7,3.6,0.2,86,0
23.1,4.0,0.2,91,0
22.0,6.5,0.0,92,0
22.2,9.7,0.0,92,0
22.6,9.4,0.0,92,0
23.0,12.2,0.0,92,0
23.4,9.7,0.0,90,0
22.4,9.7,0.0,90,0
23.5,9.0,0.0,86,0
23.5,10.8,0.0,90,0
22.7,10.4,0.0,93,0
24.1,6.8,0.0,83,0
23.8,9.0,0.0,89,0
24.9,14.8,0.0,82,2
22.6,10.4,0.0,92,0
22.1,18.4,0.0,80,2
21.4,16.9,0.0,84,2
23.6,16.9,0.0,84,2
19.0,10.1,0.0,92,0
21.9,28.8,0.0,81,2
22.2,20.5,0.0,87,2
24.2,22.3,0.0,80,2
21.9,24.1,0.0,84,2
22.4,17.3,0.5,91,2
23.2,17.3,0.0,87,2
22.2,25.9,0.0,85,2
24.0,6.1,1.3,94,0
22.6,21.6,0.0,85,2
19.8,19.1,0.0,90,2
21.1,14.0,0.0,87,2
23.6,23.4,0.0,81,2
20.7,15.8,0.0,86,2
21.3,19.8,0.0,88,2
22.8,28.4,0.0,84,2
22.1,18.0,0.0,92,2
21.8,17.6,0.0,90,2
21.8,19.8,0.0,91,2
23.3,17.3,0.0,86,2
22.2,19.1,0.0,88,2
21.6,11.9,0.0,93,0
24.0,13.0,0.4,92,2
23.7,18.7,0.0,89,2
23.1,14.4,0.0,91,2
24.6,19.1,0.0,83,2
23.2,16.2,0.0,93,2
25.2,9.4,0.0,81,0
20.5,9.0,0.0,94,0
20.8,14.8,0.0,94,2
21.6,14.0,0.0,91,2
23.7,23.0,0.0,87,2
24.5,30.2,0.0,91,2
25.5,13.3,1.5,88,2
26.0,9.0,0.2,89,0
23.4,15.5,0.0,90,2
23.9,19.1,0.0,89,2
24.5,12.6,0.0,94,0
22.6,17.3,0.0,87,2
22.5,19.4,0.0,88,2
28.0,9.0,0.4,94,0
25.9,13.3,0.6,89,2
28.0,9.0,0.7,94,0
26.0,9.0,0.0,89,0
23.4,3.6,0.0,97,0
21.7,10.4,0.0,98,0
26.0,10.8,0.0,89,0
26.5,8.3,0.0,92,0
25.1,5.0,0.0,94,0
26.3,3.6,0.1,96,0
28.0,15.5,0.1,87,2
26.5,4.3,0.2,91,0
25.4,7.6,0.0,94,0
26.6,4.0,0.0,91,0
25.1,6.5,0.0,94,0
24.6,4.7,0.0,94,0
25.0,5.8,0.0,92,0
24.3,9.7,0.0,88,0
26.9,28.1,0.0,63,2
23.8,8.3,0.0,90,0
25.5,15.5,0.0,82,2
27.8,18.4,0.0,56,2
25.8,23.8,0.0,70,2
25.8,17.3,0.0,79,2
27.8,22.0,0.0,65,2
25.1,11.5,0.0,84,0
29.6,13.7,0.0,57,1
24.7,5.0,0.0,80,0
25.2,6.1,0.0,86,0
24.8,5.0,0.0,88,0
24.9,7.2,0.0,90,0
26.6,23.4,0.0,73,2
23.0,8.3,0.0,79,0
25.4,13.7,0.0,69,1
24.1,10.8,0.1,96,0
24.2,14.0,0.0,84,2
23.9,11.5,0.0,74,0
25.6,16.6,0.0,78,2
28.0,19.1,0.5,74,2
26.6,12.2,0.0,72,1
28.0,19.1,0.1,74,2
27.6,20.9,0.0,59,2
27.9,21.2,0.0,69,2
26.6,13.0,0.0,70,1
26.9,14.8,0.2,68,2
28.0,19.1,0.0,74,2
22.2,4.3,0.0,87,0
25.6,7.2,0.0,73,1
24.8,5.0,0.0,76,0
25.5,24.5,0.0,71,2
23.6,21.6,0.0,73,2
23.6,7.2,0.0,85,0
22.8,9.0,0.1,91,0
22.6,11.5,1.0,95,0
23.2,17.3,1.7,96,2
23.5,15.5,1.1,95,2
22.7,11.2,0.1,93,0
23.1,20.2,2.0,96,2
22.3,6.1,0.0,93,0
23.3,11.9,0.5,97,0
22.8,11.2,0.5,97,0
22.7,6.8,0.0,90,0
22.9,10.1,0.1,92,0
22.9,17.3,1.3,96,2
23.7,10.1,0.2,96,0
23.5,14.0,0.6,97,2
23.4,21.2,4.4,97,2
26.8,8.3,0.0,93,0
22.9,20.9,1.4,96,2
23.2,22.3,2.2,96,2
22.3,13.0,1.5,96,0
24.0,15.1,0.5,96,2
24.0,14.4,0.3,95,2
25.4,7.9,1.6,94,0
26.0,11.5,0.1,90,0
23.2,10.4,0.0,93,0
25.0,3.6,1.3,100,0
27.0,9.4,0.1,85,0
25.0,9.7,1.3,96,0
28.0,8.3,0.0,80,0
25.0,3.6,0.0,97,0
26.7,10.1,0.0,85,0
24.0,13.0,2.1,97,0
24.8,11.2,0.0,84,0
24.5,12.6,1.9,98,0
27.5,7.6,0.0,80,0
24.6,11.2,1.2,95,0
27.1,9.4,0.0,82,0
25.0,3.6,1.2,100,0
25.3,10.4,0.7,95,0
26.9,8.6,0.0,85,0
22.0,7.2,0.0,91,0
27.6,8.6,0.0,81,0
24.7,15.5,2.0,98,2
22.2,4.7,0.0,92,0
22.7,3.6,0.0,92,0
23.8,13.3,3.4,98,2
24.2,11.9,0.0,95,0
27.3,15.8,0.0,76,2
29.0,11.2,0.3,84,0
27.1,16.9,0.1,70,2
29.0,11.2,0.0,84,0
25.1,16.9,0.1,82,2
26.9,8.6,0.0,88,0
27.4,6.1,0.0,79,0
24.4,9.7,0.0,98,0
26.1,7.9,1.0,94,0
24.0,11.5,0.0,97,0
27.7,7.9,0.0,80,0
23.7,15.1,0.0,75,2
25.0,13.0,0.0,76,2
24.4,12.2,0.0,85,0
23.9,5.8,0.0,94,0
24.3,8.6,0.0,95,0
24.5,11.5,0.1,95,0
25.1,11.2,0.0,91,0
23.0,23.8,0.0,96,2
24.1,11.5,0.1,96,0
22.8,16.9,6.9,95,4
24.0,14.8,1.8,95,2
23.8,19.8,4.0,93,2
22.5,11.5,1.1,96,0
22.9,15.5,4.4,94,2
23.7,17.3,2.2,94,2
23.5,13.3,0.0,91,2
23.2,15.5,0.8,93,2
23.5,19.1,2.3,94,2
24.0,18.7,2.8,95,2
23.8,23.0,3.8,95,2
23.5,21.2,6.4,95,4
23.5,19.4,1.8,95,2
23.0,19.1,3.4,89,2
23.0,19.1,1.5,89,2
23.3,13.0,0.3,88,2
24.3,3.6,0.7,97,0
27.3,10.1,0.0,90,0
24.7,10.4,1.1,97,0
21.3,3.6,1.0,99,0
25.8,10.4,0.0,91,0
26.1,18.7,0.0,65,2
23.4,14.4,0.0,89,2
27.1,13.0,0.0,91,2
23.4,18.4,0.0,89,2
23.0,16.2,0.0,87,2
23.0,16.6,0.0,84,2
22.3,6.5,0.0,90,0
22.8,12.2,0.0,95,0
22.3,16.2,0.0,88,2
22.7,9.7,0.0,96,0
22.4,12.2,0.0,96,0
24.9,10.4,0.0,95,0
23.0,13.0,0.0,94,0
25.0,9.0,0.0,95,0
25.5,5.4,0.0,97,0
22.8,8.3,0.0,94,0
23.2,24.1,0.0,92,2
25.3,6.8,0.0,94,0
22.6,23.8,0.0,93,2
24.1,18.7,0.0,90,2
22.7,18.7,0.0,93,2
22.8,19.4,0.0,81,2
24.9,11.2,0.0,93,0
23.0,13.0,0.0,92,0
22.9,27.0,0.0,86,2
25.5,7.6,0.0,91,0
25.4,5.8,0.0,95,0
25.2,7.9,0.0,93,0
23.3,19.4,0.0,88,2
22.3,7.6,0.0,93,0
23.8,15.5,0.0,89,2
22.8,9.0,0.0,96,0
25.2,5.4,0.0,96,0
23.4,13.0,0.0,95,0
26.0,3.6,0.0,100,0
24.3,7.6,0.0,97,0
23.7,20.9,0.0,90,2
22.5,16.6,0.0,85,2
24.5,5.0,0.0,92,0
22.3,3.6,0.0,97,0
23.4,24.5,0.0,88,2
24.3,7.9,0.0,95,0
25.5,8.3,0.0,94,0
23.4,16.9,0.0,86,2
23.1,6.1,0.0,94,0
23.5,5.4,0.0,97,0
25.2,15.1,0.0,89,2
16.8,6.1,0.0,90,0
26.5,9.0,0.0,90,0
16.5,5.4,0.0,87,3
24.5,3.6,0.0,94,0
16.7,3.6,0.0,84,3
19.6,4.3,0.0,87,0
25.5,9.7,0.0,94,0
26.0,3.6,0.0,72,1
16.6,3.6,0.0,79,3
12.7,5.4,0.0,84,3
5.3,6.5,0.0,28,3
14.2,3.6,0.0,77,3
17.0,3.6,0.0,87,0
17.0,3.6,0.0,77,3
19.4,3.6,0.0,91,0
15.0,4.3,0.0,84,3
25.6,4.0,0.0,72,1
25.5,4.3,0.0,77,0
13.3,6.5,0.0,39,3
13.8,3.6,0.0,94,3
25.3,12.2,0.0,90,0
26.6,19.4,0.0,84,2
26.3,20.5,0.0,77,2
25.1,10.1,0.0,81,0
27.7,16.9,0.0,72,2
26.1,25.2,0.0,75,2
26.5,16.2,0.0,70,2
24.0,14.0,0.0,90,2
25.1,18.7,0.0,86,2
26.1,18.7,0.0,77,2
26.4,19.1,0.0,74,2
26.2,16.9,0.0,77,2
26.5,19.8,0.0,84,2
23.6,8.3,0.0,95,0
26.9,23.4,0.0,85,2
26.0,15.1,0.0,87,2
26.3,16.2,0.0,84,2
26.2,21.2,0.0,82,2
26.7,19.8,0.0,84,2
26.0,15.1,0.0,84,2
25.8,22.0,0.0,82,2
25.5,13.0,0.0,90,2
25.9,11.9,0.0,82,0
27.3,6.5,0.0,80,0
26.7,20.5,0.0,73,2
26.0,16.2,0.0,61,1
25.6,13.7,0.0,87,2
24.3,22.3,0.0,78,2
25.5,4.7,0.0,86,0
24.4,29.5,0.0,76,2
25.8,20.9,0.0,70,2
26.0,6.5,0.0,89,0
25.4,4.7,0.0,87,0
26.8,3.6,0.0,78,0
23.9,6.1,0.0,90,0
25.0,9.7,0.0,83,0
25.7,8.3,0.0,84,0
25.4,8.6,0.0,90,0
23.5,4.0,0.0,90,0
28.5,6.1,0.0,78,1
26.7,9.4,0.0,86,0
25.7,7.6,0.0,89,0
26.1,6.5,0.0,90,0
25.4,4.0,0.0,89,0
23.5,3.6,0.0,90,0
24.1,6.8,0.0,94,0
30.0,6.1,0.0,89,0
28.0,10.1,0.0,80,0
28.6,3.6,0.0,77,1
28.3,6.1,0.0,80,0
28.9,6.8,0.0,72,1
21.6,20.2,0.0,86,2
29.1,6.5,0.0,74,1
28.2,9.4,0.0,81,0
29.4,8.3,0.0,74,1
29.5,7.2,0.0,75,1
28.5,11.2,0.0,77,1
28.4,9.7,0.0,79,1
28.7,8.6,0.0,78,1
29.7,7.6,0.0,71,1
23.6,3.6,0.0,96,0
29.5,8.6,0.0,74,1
28.6,4.7,0.0,74,1
29.0,6.8,0.0,76,1
29.2,6.8,0.0,76,1
29.3,7.2,0.0,75,1
27.4,7.9,0.0,81,0
29.4,7.2,0.0,75,1
28.3,3.6,0.0,78,0
24.7,4.0,0.0,87,0
26.0,7.6,0.0,81,0
24.7,7.2,0.0,81,0
25.4,5.8,0.0,83,0
24.7,5.8,0.0,81,0
25.0,5.4,0.0,88,0
26.0,11.9,0.0,78,0
27.0,11.2,0.0,72,1
26.5,9.4,0.0,78,0
25.1,5.4,0.0,88,0
25.9,6.1,0.0,81,0
24.7,3.6,0.0,86,0
23.5,3.6,0.0,87,0
26.0,16.2,0.0,85,2
27.7,29.5,0.0,81,2
23.9,3.6,0.0,90,0
26.3,14.0,0.0,66,1
11.4,5.0,0.0,91,3
26.1,4.0,0.0,88,0
27.0,3.6,3.6,94,0
26.9,7.2,0.0,85,0
24.9,3.6,0.0,98,0
24.5,3.6,0.0,97,0
24.6,3.6,0.0,99,0
25.1,3.6,0.0,96,0
24.5,8.6,0.0,87,0
20.5,7.6,0.0,86,0
21.2,3.6,0.0,97,0
25.4,3.6,0.0,93,0
25.9,4.0,0.0,90,0
25.4,4.0,0.0,95,0
24.7,5.4,3.6,97,0
25.4,26.6,0.0,86,2
27.2,25.2,0.0,72,2
24.6,4.3,0.0,88,0
22.1,3.6,0.0,100,0
21.8,3.6,0.0,99,0
20.4,3.6,0.0,100,0
25.5,13.3,0.0,87,2
20.3,3.6,0.0,100,0
17.7,3.6,0.0,98,0
20.5,3.6,0.0,98,0
23.1,5.4,0.0,97,0
20.1,4.7,0.0,99,0
18.1,3.6,0.0,100,0
23.3,3.6,0.0,98,0
26.8,4.7,0.0,99,0
18.8,3.6,0.0,100,0
24.6,5.8,0.0,99,0
24.6,6.5,0.0,99,0
24.3,3.6,0.0,99,0
22.0,12.2,0.0,97,0
24.7,8.3,0.0,95,0
22.6,10.1,0.0,98,0
23.0,4.0,0.0,98,0
23.2,12.6,0.0,96,0
23.6,5.0,0.0,93,0
25.0,7.2,0.0,93,0
22.4,16.6,0.0,96,2
24.7,7.6,0.0,93,0
24.5,12.6,0.0,93,0
22.9,3.6,0.0,87,0
21.9,22.7,0.0,86,2
24.4,11.2,0.0,94,0
24.5,10.8,0.0,97,0
24.9,3.6,0.0,92,0
24.1,4.3,0.0,95,0
20.4,6.5,0.0,89,0
19.3,6.8,0.0,79,0
20.9,7.6,0.0,81,0
1.3,4.0,0.0,80,3
23.8,3.6,0.0,83,0
23.8,5.8,0.0,87,0
17.2,5.8,0.0,93,0
18.3,6.8,0.0,91,0
9.5,5.8,0.0,85,3
8.9,4.0,0.0,83,3
23.2,6.1,0.0,97,0
24.8,6.8,0.0,88,0
21.7,3.6,0.0,98,0
25.6,16.6,0.0,85,2
24.0,6.1,0.0,100,0
25.3,18.4,0.0,88,2
24.0,6.1,0.0,94,0
21.8,12.6,0.0,91,0
22.0,9.0,0.0,94,0
23.6,4.7,0.0,93,0
23.0,16.9,0.0,94,2
26.0,9.0,3.6,89,0
27.5,20.5,0.0,80,2
26.5,8.6,0.0,89,0
26.5,9.0,0.0,87,0
27.7,8.6,0.0,84,0
19.8,5.0,0.0,91,0
27.2,3.6,0.0,83,0
26.5,6.1,0.0,93,0
25.8,7.9,0.0,95,0
25.9,6.1,0.0,94,0
25.2,5.8,0.0,92,0
26.4,6.8,0.0,87,0
24.7,5.0,0.0,77,0
24.4,6.8,0.0,83,0
24.6,9.4,0.0,78,0
24.8,10.1,0.0,79,0
25.9,9.4,0.0,71,1
24.7,9.0,0.0,79,0
25.6,9.7,0.0,77,0
26.1,9.7,0.0,70,1
26.4,9.4,0.0,71,1
27.7,11.5,0.0,64,1
25.0,10.1,0.0,76,0
21.1,16.6,0.0,86,2
23.6,19.1,0.0,83,2
19.2,10.4,0.0,94,0
20.7,27.7,0.0,90,2
20.8,16.9,0.0,95,2
24.3,22.7,0.0,78,2
21.6,22.7,0.0,85,2
22.0,18.4,0.0,92,2
23.5,19.8,0.0,84,2
21.5,23.4,0.0,89,2
22.2,20.2,0.0,84,2
19.6,17.6,0.0,92,2
20.1,11.5,0.0,94,0
23.3,21.6,0.0,80,2
19.8,15.8,0.0,90,2
20.7,19.1,0.0,89,2
21.7,25.9,0.0,88,2
22.5,16.2,0.0,90,2
21.7,15.5,0.0,85,2
21.8,18.4,0.0,92,2
23.3,18.0,0.0,83,2
22.2,22.7,0.0,86,2
20.7,9.7,0.0,97,0
23.8,9.4,0.0,90,0
23.8,22.3,0.0,90,2
23.4,20.9,0.0,82,2
24.7,19.8,0.0,86,2
23.0,18.4,0.0,88,2
24.5,13.7,0.0,77,2
19.2,8.3,0.0,97,0
20.8,13.3,0.0,96,0
20.8,10.1,0.0,95,0
24.1,22.0,0.0,87,2
23.6,28.1,0.0,90,2
25.5,11.2,0.0,86,0
23.0,17.6,0.0,90,2
23.6,21.6,0.0,89,2
23.6,6.5,0.0,92,0
22.3,13.7,0.0,90,2
22.4,21.2,0.0,81,2
26.4,14.4,0.0,85,2
23.4,6.5,0.0,95,0
20.7,10.8,0.0,98,0
24.3,6.8,0.0,96,0
26.1,3.6,0.0,89,0
26.7,4.7,0.0,91,0
24.5,6.1,0.0,95,0
26.6,6.1,0.0,89,0
27.9,9.4,0.0,87,0
26.7,7.6,0.0,89,0
25.4,6.1,0.0,90,0
27.0,6.1,0.0,90,0
24.8,5.8,0.0,92,0
24.3,8.3,0.0,95,0
25.8,9.7,0.0,79,0
25.7,34.2,0.0,73,2
25.3,7.2,0.0,82,0
28.2,11.9,0.0,66,1
28.3,20.5,0.0,56,2
25.3,25.9,0.0,75,2
28.5,13.0,0.0,62,1
27.0,24.1,0.0,66,2
26.8,14.0,0.0,74,2
31.0,14.0,0.0,43,1
24.7,9.4,0.0,68,1
26.6,8.3,3.6,81,0
25.4,10.8,0.0,76,0
27.0,3.6,0.0,84,0
25.5,13.3,0.0,72,2
26.1,25.2,0.0,72,2
23.1,15.1,0.0,81,2
25.3,19.8,0.0,65,2
25.3,5.0,0.0,93,0
23.8,23.0,0.0,84,2
23.8,13.7,0.0,75,2
25.3,18.7,0.0,80,2
29.0,22.0,0.0,70,2
26.6,14.4,0.0,62,1
26.9,21.6,0.0,71,2
26.1,12.6,0.0,73,1
25.3,20.9,0.0,87,2
22.0,6.1,0.0,89,0
25.4,6.5,0.0,72,1
23.7,4.3,0.0,75,0
26.0,22.3,0.0,70,2
22.8,20.9,0.0,76,2
23.3,8.3,0.0,87,0
24.4,3.6,0.0,85,0
24.5,6.1,0.0,82,0
24.1,8.3,0.0,87,0
24.2,7.2,3.6,96,0
24.6,6.8,0.0,83,0
23.7,12.2,0.0,95,0
24.7,5.0,0.0,79,0
24.6,7.6,0.0,90,0
24.5,7.9,0.0,86,0
24.3,3.6,0.0,85,0
24.5,3.6,0.0,85,0
24.2,5.4,0.0,82,0
24.5,8.3,0.0,91,0
23.6,13.0,0.0,94,0
26.5,3.6,0.0,91,0
23.7,9.4,0.0,93,0
23.7,9.4,0.0,94,0
24.1,3.6,0.0,84,0
24.9,8.6,0.0,92,0
25.1,8.3,0.0,91,0
25.7,10.8,3.6,95,0
26.8,4.0,0.0,87,0
25.7,10.1,0.0,80,0
25.0,6.8,3.6,100,0
28.5,6.5,0.0,79,0
25.4,7.2,3.6,97,0
29.8,7.9,0.0,71,1
25.4,3.6,0.0,94,0
26.4,7.6,0.0,88,0
24.8,10.8,0.0,92,0
25.0,12.6,0.0,81,2
25.8,9.0,0.0,94,0
26.9,9.0,0.0,88,0
25.1,4.7,0.0,96,0
26.7,6.5,0.0,90,0
26.4,9.0,0.0,93,0
27.9,11.9,0.0,81,2
24.5,3.6,0.0,86,0
29.3,9.0,0.0,75,1
25.6,14.4,0.0,94,2
24.7,5.8,0.0,87,0
24.6,10.1,0.0,92,0
25.4,6.5,0.0,91,0
26.4,26.3,0.0,76,2
28.0,15.1,0.0,84,2
25.6,27.4,0.0,86,2
24.4,20.2,0.0,91,2
27.0,6.5,0.0,89,0
27.0,8.3,0.0,87,0
27.1,6.8,0.0,91,0
24.6,11.5,0.0,93,0
29.6,5.4,0.0,73,1
23.3,14.0,0.0,73,2
24.7,15.8,0.0,76,2
24.9,19.8,0.0,73,2
24.4,3.6,0.0,92,0
24.5,6.1,0.0,89,0
25.3,9.7,0.0,89,0
22.9,23.8,0.0,93,2
23.2,11.5,0.0,90,0
24.4,5.4,0.0,91,0
24.6,12.2,0.0,83,0
22.3,10.4,0.0,96,0
23.1,13.3,0.0,89,2
24.8,9.0,0.0,84,0
23.3,8.6,0.0,86,0
22.8,11.5,0.0,91,0
23.9,11.9,0.0,86,0
24.9,8.6,0.0,87,0
24.9,10.1,0.0,85,0
24.1,10.1,0.0,88,0
23.0,19.1,0.0,83,2
23.4,18.7,0.0,86,2
23.5,4.0,0.0,97,0
27.0,4.0,0.0,90,0
25.2,5.0,0.0,95,0
20.3,3.6,0.0,98,0
26.5,6.5,0.0,94,0
26.5,16.2,0.0,60,1
22.8,13.7,0.0,92,2
26.1,11.5,0.0,94,0
23.0,21.6,0.0,89,2
23.3,14.4,0.0,82,2
22.2,17.6,0.0,83,2
21.2,7.2,0.0,95,0
22.8,15.5,0.0,86,2
22.5,7.9,0.0,95,0
23.1,10.1,0.0,90,0
24.1,10.4,0.0,92,0
22.5,20.9,0.0,89,2
25.3,7.9,0.0,90,0
24.4,6.8,0.0,98,0
23.8,8.3,0.0,95,0
22.6,18.0,0.0,93,2
25.2,6.8,0.0,90,0
22.2,22.0,0.0,88,2
22.5,22.7,0.0,92,2
23.2,15.5,0.0,86,2
22.2,16.6,0.0,91,2
22.7,20.5,0.0,86,2
24.3,13.0,0.0,92,2
22.7,16.6,0.0,91,2
22.3,21.6,0.0,89,2
22.5,25.6,0.0,89,2
24.5,10.8,0.0,90,0
26.6,9.4,0.0,90,0
27.5,9.0,0.0,87,0
23.9,19.8,0.0,86,2
21.9,9.7,0.0,89,0
22.9,14.4,0.0,84,2
22.3,7.6,0.0,97,0
26.6,6.8,3.6,89,0
22.9,9.4,0.0,93,0
22.3,22.3,0.0,91,2
24.5,7.6,0.0,93,0
23.8,22.3,0.0,86,2
22.7,15.1,0.0,80,2
24.9,5.0,3.6,91,0
22.0,4.3,0.0,96,0
23.1,22.7,0.0,86,2
24.2,11.2,0.0,95,0
25.5,7.9,0.0,91,0
22.6,12.6,0.0,82,0
23.1,6.8,0.0,96,0
25.5,17.3,0.0,94,2
21.0,3.6,0.0,92,0
27.1,5.8,0.0,85,0
17.0,7.6,0.0,83,3
16.5,3.6,0.0,92,0
25.0,7.9,0.0,92,0
17.4,4.3,0.0,84,0
19.3,4.3,0.0,89,0
28.1,5.0,0.0,83,0
26.5,3.6,0.0,70,1
16.8,3.6,0.0,81,3
12.6,5.4,0.0,84,3
5.9,6.8,0.0,25,3
16.8,3.6,0.0,77,3
16.8,7.6,0.0,87,0
17.2,3.6,0.0,78,3
19.8,7.2,0.0,88,0
27.6,6.1,0.0,85,0
15.8,6.1,0.0,86,3
26.4,3.6,0.0,75,0
13.9,7.9,0.0,62,3
14.3,3.6,0.0,92,3
26.5,21.6,0.0,90,2
26.9,15.8,0.0,71,2
27.3,12.2,0.0,60,1
28.3,14.0,0.0,73,2
27.3,16.2,0.0,66,2
27.0,13.0,0.0,70,1
24.5,13.3,0.0,85,2
25.7,15.1,0.0,80,2
26.1,14.0,0.0,77,2
26.7,15.5,0.0,71,2
26.4,15.5,0.0,80,2
26.4,21.6,0.0,90,2
23.9,6.8,0.0,96,0
27.2,19.8,0.0,83,2
25.7,14.0,0.0,89,2
26.1,15.1,0.0,87,2
26.8,18.4,0.0,80,2
26.7,20.9,0.0,89,2
27.0,13.0,0.0,84,2
26.8,15.5,0.0,73,2
25.2,11.5,0.0,91,0
25.3,13.0,0.0,88,2
24.4,9.4,0.0,93,0
25.6,20.2,0.0,90,2
27.2,11.5,0.0,68,1
25.7,13.0,0.0,69,1
24.9,15.8,0.0,93,2
24.8,19.8,0.0,75,2
26.0,6.8,0.0,83,0
24.3,9.4,0.0,94,0
24.7,27.7,0.0,70,2
24.2,15.1,0.0,91,2
26.6,19.1,0.0,66,2
26.7,6.8,0.0,86,0
25.6,4.7,0.0,93,0
23.9,7.2,0.0,93,0
25.0,4.3,0.0,88,0
24.1,7.2,0.0,92,0
25.6,9.4,0.0,85,0
25.9,6.5,0.0,88,0
23.5,4.3,0.0,91,0
27.5,6.8,0.0,85,0
27.2,7.2,0.0,83,0
26.5,5.0,0.0,85,0
26.6,6.8,0.0,87,0
25.5,4.7,0.0,88,0
26.6,7.6,0.0,86,0
23.5,6.1,0.0,92,0
24.1,3.6,0.0,92,0
31.0,9.0,0.0,94,0
28.4,6.8,0.0,79,0
27.8,8.3,0.0,83,0
27.6,6.8,0.0,84,0
21.6,14.8,0.0,89,2
29.2,8.6,0.0,75,1
27.1,7.9,0.0,87,0
29.2,12.6,0.0,77,1
28.2,9.4,0.0,79,0
29.1,10.8,0.0,76,1
29.8,9.7,0.0,71,1
27.8,13.0,0.0,82,2
29.8,5.8,0.0,70,1
28.1,9.7,0.0,80,0
23.0,4.7,0.0,97,0
28.5,10.1,0.0,78,1
28.7,12.2,0.0,78,1
29.0,5.0,0.0,74,1
28.5,7.2,0.0,79,0
28.6,7.2,0.0,79,0
28.7,9.0,0.0,78,1
27.0,7.6,0.0,82,0
28.0,7.6,0.0,83,0
28.0,6.1,0.0,89,0
25.8,7.9,0.0,83,0
28.6,10.1,0.0,70,1
27.2,8.6,0.0,71,1
26.4,8.3,0.0,78,0
27.7,8.6,0.0,72,1
26.9,8.6,0.0,77,0
27.4,6.8,0.0,79,0
28.4,11.2,0.0,67,1
29.6,13.0,0.0,60,1
29.1,11.5,0.0,66,1
27.5,6.8,0.0,79,0
28.1,9.0,0.0,74,1
26.1,8.6,0.0,81,0
25.0,8.3,0.0,85,0
25.7,10.4,0.0,84,0
27.8,28.4,0.0,85,2
26.4,10.4,0.0,66,1
11.8,5.0,0.0,91,3
27.0,3.6,0.0,87,0
27.1,6.5,0.0,87,0
24.7,3.6,0.0,98,0
25.0,3.6,0.0,96,0
23.9,3.6,0.0,99,0
25.0,3.6,0.0,95,0
26.1,9.7,0.0,90,0
20.4,6.8,0.0,89,0
22.0,3.6,0.0,96,0
26.1,3.6,0.0,90,0
25.2,4.7,0.0,94,0
25.6,5.4,0.0,91,0
26.7,14.8,0.0,79,2
26.7,14.4,0.0,81,2
24.1,4.7,3.6,92,0
21.3,3.6,0.0,99,0
20.7,3.6,0.0,99,0
25.3,8.3,0.0,85,0
19.3,3.6,0.0,99,0
16.4,3.6,0.0,99,0
19.7,3.6,0.0,99,0
19.8,3.6,0.0,98,0
23.0,4.0,0.0,92,0
21.5,4.7,0.0,98,0
18.3,3.6,0.0,100,0
23.6,3.6,0.0,91,0
25.0,5.0,0.0,98,0
19.2,3.6,0.0,100,0
24.8,5.4,0.0,97,0
21.0,11.2,0.0,88,0
21.7,11.9,3.6,98,0
24.6,9.7,0.0,92,0
23.0,7.2,0.0,97,0
22.8,3.6,7.2,99,4
23.8,11.2,0.0,96,0
23.8,4.7,0.0,92,0
26.7,10.4,0.0,82,0
22.2,12.6,0.0,97,0
26.1,5.4,3.6,88,0
24.6,10.4,0.0,91,0
24.4,7.9,0.0,85,0
21.8,20.9,0.0,86,2
24.1,12.2,0.0,94,0
25.0,7.6,0.0,93,0
24.7,7.6,0.0,94,0
24.6,12.6,0.0,90,0
21.5,3.6,0.0,91,0
20.5,5.0,0.0,86,0
22.1,6.1,0.0,84,0
1.7,3.6,0.0,82,3
24.4,5.8,0.0,87,0
24.0,3.6,0.0,88,0
18.1,3.6,0.0,95,0
22.0,4.3,0.0,93,0
11.0,3.6,0.0,94,3
9.7,3.6,0.0,86,3
23.1,7.2,0.0,96,0
24.3,5.0,0.0,91,0
22.6,3.6,0.0,97,0
25.5,7.6,0.0,86,0
26.0,4.0,0.0,89,0
25.5,12.2,0.0,87,0
18.6,13.0,0.0,90,0
25.0,4.0,0.0,89,0
23.4,3.6,0.0,96,0
28.0,6.1,0.0,84,0
27.1,22.0,0.0,82,2
26.4,10.1,0.0,91,0
26.8,9.7,3.6,89,0
27.8,7.6,0.0,85,0
18.7,6.1,0.0,88,0
27.4,3.6,3.6,86,0
26.0,8.3,0.0,91,0
26.0,9.0,0.0,92,0
26.0,6.8,0.0,92,0
25.5,4.7,0.0,91,0
26.4,8.6,0.0,77,0
30.0,6.8,0.0,89,0
26.6,9.0,0.0,76,1
27.2,9.7,0.0,72,1
27.7,10.4,0.0,68,1
27.6,11.2,0.0,68,1
26.4,9.4,0.0,77,0
27.1,9.4,0.0,73,1
27.9,11.2,0.0,66,1
27.0,10.1,0.0,72,1
27.9,11.2,0.0,67,1
29.0,11.5,0.0,62,1
27.1,10.1,0.0,72,1
20.9,13.7,0.0,86,2
20.2,13.3,0.0,91,0
24.3,17.3,0.0,80,2
18.4,8.3,0.0,94,0
20.4,22.3,0.0,92,2
21.0,14.0,0.0,96,2
24.9,20.9,0.0,72,2
20.6,16.6,0.0,94,2
21.4,14.4,0.0,89,2
23.5,15.1,0.0,84,2
21.3,19.1,0.0,91,2
22.3,19.1,0.0,83,2
19.7,16.9,0.0,88,2
20.5,12.2,0.0,90,0
23.8,19.4,0.0,75,2
21.0,13.0,0.0,94,0
20.2,12.2,0.0,86,0
20.2,12.6,0.0,92,0
22.3,23.0,0.0,84,2
21.7,13.7,0.0,87,2
21.7,18.0,0.0,86,2
21.6,16.2,0.0,89,2
23.5,11.9,0.0,81,0
22.1,15.8,0.0,84,2
20.0,7.9,0.0,98,0
24.1,12.2,0.0,89,0
23.2,20.2,0.0,83,2
23.0,14.8,0.0,84,2
24.4,19.8,0.0,79,2
22.1,13.0,0.0,86,2
23.8,6.5,0.0,79,0
19.1,8.3,0.0,95,0
20.0,11.5,0.0,95,0
20.1,10.1,0.0,95,0
22.7,18.0,0.0,88,2
23.2,23.0,0.0,90,2
25.3,3.6,0.0,85,0
22.9,14.8,0.0,85,2
23.1,19.1,0.0,83,2
23.5,5.4,0.0,93,0
22.3,14.4,0.0,82,2
22.3,17.6,0.0,82,2
26.2,13.0,0.0,85,2
24.8,3.6,0.0,96,0
20.4,18.7,0.0,98,2
24.9,4.3,0.0,93,0
25.3,6.1,0.0,91,0
26.2,9.7,0.0,90,0
24.8,3.6,0.0,94,0
25.6,4.3,0.0,90,0
27.4,6.5,0.0,83,0
25.8,4.3,0.0,89,0
25.7,3.6,0.0,90,0
26.5,9.4,0.0,87,0
25.1,3.6,0.0,92,0
23.8,5.4,0.0,95,0
28.7,13.0,0.0,62,1
25.5,34.2,0.0,73,2
26.5,10.8,0.0,62,1
30.6,15.5,0.0,55,1
28.0,21.6,0.0,56,2
24.8,27.4,0.0,79,2
29.9,12.2,0.0,56,1
26.9,26.3,0.0,64,2
28.9,15.8,0.0,53,1
31.4,20.5,0.0,43,1
24.2,5.8,0.0,74,0
26.0,12.6,0.0,76,2
24.9,9.4,0.0,76,0
28.0,9.0,0.0,84,0
24.8,13.0,0.0,75,2
26.3,24.8,0.0,72,2
22.9,12.2,0.0,81,0
26.0,19.8,0.0,64,2
26.8,9.0,0.0,85,0
23.9,17.6,0.0,81,2
25.4,20.2,0.0,82,2
28.0,9.0,3.6,84,0
29.0,11.2,0.0,70,1
27.2,4.7,0.0,81,0
25.9,14.0,0.0,70,2
28.3,18.0,0.0,69,2
26.3,9.0,0.0,71,1
26.6,10.8,0.0,77,1
22.1,4.7,0.0,94,0
25.9,10.1,0.0,71,1
23.5,4.7,0.0,75,0
25.8,19.8,0.0,74,2
22.7,18.7,0.0,78,2
22.8,6.1,0.0,93,0
25.6,9.4,0.0,84,0
26.2,10.1,0.0,86,0
26.3,10.4,0.0,88,0
26.8,9.0,0.0,84,0
26.5,6.5,0.0,86,0
25.9,10.1,0.0,92,0
26.6,6.5,0.0,82,0
26.6,9.4,0.0,88,0
26.6,9.7,0.0,87,0
25.6,9.0,0.0,84,0
25.7,9.4,0.0,84,0
26.1,10.1,0.0,86,0
26.8,9.4,0.0,86,0
26.5,10.4,0.0,89,0
26.4,10.8,0.0,91,0
26.6,10.8,0.0,92,0
25.7,10.4,0.0,91,0
26.4,10.8,0.0,90,0
25.6,9.4,0.0,87,0
26.8,11.2,0.0,90,0
26.8,10.4,0.0,89,0
27.6,10.8,0.0,82,0
28.3,10.8,0.0,69,1
28.7,3.6,0.0,80,0
30.0,7.6,0.0,70,1
24.3,3.6,0.0,93,0
27.3,4.7,0.0,84,0
27.7,9.7,0.0,86,0
25.9,12.6,0.0,76,2
28.2,4.3,0.0,84,0
27.8,3.6,0.0,84,0
26.4,11.2,0.0,87,0
27.9,4.3,0.0,83,0
25.8,10.8,0.0,89,0
25.9,7.2,0.0,80,0
29.4,6.1,0.0,76,1
27.1,6.8,0.0,87,0
25.8,6.8,0.0,83,0
25.6,7.6,0.0,84,0
27.1,11.2,0.0,88,0
27.0,9.7,0.0,86,0
26.8,14.4,0.0,81,2
27.0,19.1,0.0,89,2
27.2,11.9,0.0,80,2
25.0,18.0,0.0,86,2
27.6,3.6,0.0,85,0
27.7,3.6,0.0,84,0
25.3,7.9,0.0,91,0
26.8,8.6,0.0,89,0
24.0,13.3,0.0,92,2
29.5,3.6,0.0,75,1
23.1,10.1,0.0,79,0
24.1,11.5,0.0,84,0
24.6,18.7,0.0,82,2
26.4,3.6,0.0,84,0
24.4,12.6,0.0,86,2
26.8,8.6,0.0,88,0
24.9,14.0,0.0,85,2
22.7,22.7,0.0,92,2
25.9,6.1,3.6,90,0
22.9,16.2,0.0,89,2
22.8,5.8,3.6,97,0
24.3,13.3,0.0,84,2
22.7,13.0,0.0,87,2
23.6,16.6,0.0,83,2
23.7,11.2,0.0,84,0
23.0,13.3,0.0,87,2
23.9,13.3,0.0,85,2
23.2,6.8,3.6,94,0
24.4,9.0,0.0,90,0
24.2,10.4,0.0,86,0
24.5,9.7,0.0,85,0
23.9,15.1,0.0,82,2
24.7,4.0,0.0,91,0
26.5,11.2,0.0,93,0
26.0,5.0,0.0,93,0
20.0,3.6,0.0,99,0
26.5,14.0,0.0,65,1
23.6,14.0,0.0,89,2
19.5,10.1,0.0,91,0
25.6,4.0,0.0,88,0
26.0,9.0,3.6,94,0
22.0,8.6,0.0,95,0
22.9,6.5,0.0,97,0
23.2,9.4,3.6,99,0
24.8,7.6,0.0,96,0
27.6,3.6,0.0,83,0
24.0,11.2,0.0,89,0
27.5,11.5,0.0,84,0
21.5,14.8,0.0,91,2
23.9,13.7,3.6,98,2
23.9,11.2,3.6,95,0
27.5,9.4,0.0,84,0
27.4,4.3,0.0,83,0
23.8,9.7,0.0,93,0
24.0,15.1,0.0,95,2
25.0,3.6,0.0,90,0
24.1,18.4,0.0,93,2
27.0,6.1,0.0,81,0
25.9,5.8,0.0,88,0
23.8,15.5,0.0,95,2
28.3,9.4,0.0,80,0
30.0,3.6,0.0,100,0
31.0,6.8,0.0,67,1
25.7,10.1,0.0,84,0
23.1,10.1,0.0,95,0
24.0,19.4,0.0,94,2
24.8,6.8,3.6,94,0
25.8,6.5,0.0,90,0
26.0,11.2,0.0,88,0
25.2,13.0,0.0,86,2
29.4,3.6,0.0,74,1
23.5,13.3,0.0,97,2
24.0,16.2,0.0,95,2
26.3,3.6,0.0,85,0
28.9,3.6,0.0,76,1
23.9,10.8,0.0,90,0
24.2,7.2,3.6,95,0
25.1,11.5,0.0,92,0
26.3,17.3,0.0,87,2
20.1,5.0,0.0,93,0
28.8,8.6,0.0,81,0
18.5,7.9,0.0,85,0
26.9,9.7,3.6,84,0
19.5,5.0,0.0,82,0
22.8,5.4,0.0,89,0
30.3,10.8,0.0,74,1
31.0,6.8,0.0,58,1
20.7,7.6,0.0,71,0
16.1,9.0,0.0,70,3
30.3,5.4,0.0,61,1
12.5,6.8,0.0,19,3
19.5,3.6,0.0,60,1
19.8,3.6,0.0,85,0
21.8,3.6,0.0,61,1
22.5,3.6,0.0,86,0
31.6,7.9,0.0,69,1
17.2,3.6,0.0,81,3
30.6,6.1,0.0,60,1
28.8,7.6,0.0,70,1
13.2,14.8,0.0,32,3
16.1,3.6,0.0,91,3
26.2,14.0,0.0,86,2
27.1,15.5,0.0,87,2
30.7,18.4,0.0,60,2
31.2,13.3,0.0,59,1
29.6,18.0,0.0,73,2
30.0,6.8,0.0,84,0
32.4,10.4,0.0,47,1
28.8,16.2,0.0,68,2
27.5,20.5,0.0,70,2
29.6,18.4,0.0,56,1
28.9,9.4,0.0,61,1
29.4,6.5,0.0,58,1
27.2,17.6,0.0,77,2
27.0,15.8,0.0,87,2
25.7,10.8,0.0,82,0
28.2,14.8,0.0,75,2
26.7,16.2,0.0,84,2
27.0,17.3,0.0,82,2
28.9,20.9,0.0,66,2
27.8,16.2,0.0,79,2
31.0,6.8,0.0,63,1
30.3,22.7,0.0,53,2
26.3,14.4,0.0,87,2
25.7,14.4,0.0,74,2
26.7,15.5,0.0,78,2
32.0,3.6,0.0,47,1
30.0,15.1,0.0,50,1
26.1,11.9,0.0,84,0
28.8,14.4,0.0,54,1
25.1,7.9,0.0,85,0
29.7,35.6,0.0,51,2
31.4,18.0,0.0,45,1
26.6,21.6,0.0,90,2
25.8,13.7,0.0,95,2
25.4,16.2,0.0,88,2
25.3,10.1,0.0,92,0
24.0,20.2,0.0,94,2
24.6,15.8,0.0,94,2
31.0,9.0,0.0,75,1
25.7,18.7,0.0,91,2
25.8,25.6,0.0,92,2
23.9,15.1,0.0,94,2
28.5,18.0,0.0,81,2
27.7,19.4,0.0,85,2
26.7,22.7,0.0,89,2
26.2,19.4,0.0,93,2
25.1,22.0,0.0,93,2
26.4,22.7,0.0,89,2
23.7,16.9,0.0,95,2
26.1,12.2,0.0,87,0
32.0,11.2,0.0,84,1
28.7,17.6,0.0,81,2
28.8,20.5,3.6,80,2
28.9,18.7,3.6,80,2
24.6,21.2,0.0,79,2
29.0,19.8,0.0,79,2
29.1,15.8,0.0,77,2
30.3,19.1,0.0,72,2
29.6,19.8,0.0,75,2
29.6,13.7,0.0,75,2
30.0,15.1,0.0,72,2
29.7,15.5,0.0,75,2
30.1,16.6,0.0,72,2
29.8,18.4,0.0,74,2
29.9,19.1,0.0,74,2
30.1,19.1,0.0,73,2
27.2,14.8,0.0,86,2
29.1,19.8,0.0,79,2
29.5,19.8,0.0,77,2
27.2,19.8,0.0,85,2
29.5,19.8,0.0,76,2
28.9,18.0,0.0,80,2
33.0,6.8,0.0,67,1
29.9,7.9,0.0,69,1
32.7,16.2,0.0,57,1
31.6,9.7,0.0,55,1
30.7,9.7,0.0,59,1
32.2,11.5,0.0,55,1
30.9,10.4,0.0,61,1
31.2,7.9,0.0,64,1
33.4,9.4,0.0,48,1
33.9,11.9,0.0,47,1
33.4,13.7,0.0,51,1
31.1,7.9,0.0,64,1
32.6,10.4,0.0,58,1
30.2,9.4,0.0,67,1
28.7,8.3,0.0,68,1
26.2,10.8,0.0,85,0
32.0,3.6,0.0,84,0
24.3,16.6,0.0,92,2
31.0,14.8,0.0,46,1
14.5,3.6,0.0,94,3
27.7,10.8,0.0,84,0
27.9,14.0,0.0,84,2
25.7,5.4,0.0,93,0
27.9,3.6,3.6,84,0
24.6,5.4,0.0,95,0
31.0,3.6,0.0,84,0
30.6,3.6,0.0,69,1
21.3,4.0,0.0,94,0
27.6,3.6,0.0,87,0
27.3,12.2,0.0,87,2
27.6,6.1,0.0,89,0
31.0,3.6,3.6,84,0
26.7,34.9,0.0,82,2
27.7,31.0,0.0,81,2
25.1,3.6,0.0,86,0
21.1,4.0,0.0,99,0
21.4,4.0,0.0,99,0
20.5,4.0,0.0,99,0
25.9,9.0,0.0,87,0
19.4,3.6,0.0,93,0
21.3,3.6,0.0,97,0
20.9,5.8,0.0,98,0
19.5,3.6,0.0,98,0
18.6,5.4,0.0,98,0
17.1,3.6,0.0,98,0
25.0,7.6,0.0,95,0
25.1,5.0,0.0,95,0
23.0,19.1,0.0,89,2
21.5,17.3,0.0,97,2
25.3,16.6,3.6,94,2
23.0,19.4,14.4,98,4
22.3,7.2,0.0,98,0
23.8,23.4,3.6,96,2
24.4,16.2,0.0,91,2
28.9,9.4,0.0,83,0
21.7,21.6,3.6,96,2
29.7,3.6,0.0,75,1
24.4,20.2,3.6,96,2
29.2,8.3,0.0,69,1
25.2,32.0,0.0,70,2
24.5,19.8,3.6,97,2
26.7,4.3,0.0,86,0
26.2,9.0,0.0,87,0
24.7,9.7,0.0,95,0
23.9,15.8,0.0,98,2
24.0,6.5,0.0,90,0
22.3,3.6,0.0,92,0
24.4,3.6,0.0,88,0
8.7,3.6,0.0,87,3
27.8,6.1,0.0,75,1
26.0,7.9,0.0,84,0
20.0,3.6,0.0,95,0
20.5,5.0,0.0,93,0
12.6,3.6,0.0,90,3
12.0,3.6,0.0,91,3
24.8,16.9,0.0,87,2
25.2,5.8,0.0,86,0
22.9,3.6,0.0,95,0
26.2,13.7,0.0,84,2
25.7,12.6,0.0,86,2
25.0,6.1,0.0,94,0
17.7,13.7,0.0,88,0
24.0,4.0,0.0,89,0
25.0,19.1,0.0,83,2
27.6,23.4,0.0,80,2
26.9,18.7,0.0,89,2
27.2,20.2,0.0,88,2
28.5,18.4,0.0,82,2
27.7,11.2,0.0,84,0
26.7,15.5,0.0,91,2
26.3,15.5,0.0,93,2
26.4,19.4,0.0,93,2
25.8,22.0,0.0,93,2
27.5,5.4,3.6,89,0
29.5,7.6,0.0,69,1
30.9,10.1,0.0,61,1
32.0,3.6,0.0,89,0
31.4,10.4,0.0,58,1
32.2,12.6,0.0,54,1
33.8,11.5,0.0,46,1
32.6,13.0,0.0,50,1
31.0,7.9,0.0,61,1
31.3,10.1,0.0,63,1
33.8,12.6,0.0,44,1
32.4,11.9,0.0,54,1
29.7,7.9,0.0,67,1
33.5,14.4,0.0,47,1
36.3,12.2,0.0,35,1
32.7,12.6,0.0,52,1
22.7,21.2,0.0,82,2
22.1,19.1,0.0,86,2
27.9,10.8,0.0,62,1
19.7,10.4,0.0,94,0
22.3,25.9,0.0,84,2
22.2,19.1,0.0,90,2
30.0,23.8,0.0,48,2
22.3,19.8,0.0,87,2
24.0,10.1,0.0,78,0
27.5,13.3,0.0,65,1
24.2,25.6,0.0,77,2
25.7,27.7,0.0,66,2
20.4,20.9,0.0,90,2
20.4,14.0,0.0,95,2
27.6,32.0,0.0,60,2
22.1,20.9,0.0,81,2
20.3,11.2,0.0,96,0
25.8,32.4,0.0,71,2
24.1,20.2,0.0,87,2
24.7,23.4,0.0,72,2
24.7,12.6,0.0,72,1
25.5,15.5,0.0,70,2
21.3,9.0,0.0,95,0
23.8,10.1,0.0,96,0
25.1,13.0,0.0,88,2
25.1,11.9,0.0,81,0
24.9,9.7,0.0,93,0
26.9,16.2,0.0,68,2
20.3,7.6,0.0,93,0
22.8,17.3,0.0,86,2
22.3,11.5,0.0,88,0
24.6,12.2,0.0,90,0
25.4,22.3,0.0,82,2
26.1,9.0,0.0,84,0
22.5,22.3,0.0,95,2
25.0,14.8,0.0,88,2
24.0,14.0,0.0,97,2
25.5,19.1,0.0,69,2
24.3,18.4,0.0,83,2
25.0,11.2,0.0,100,0
26.9,11.5,0.0,81,0
25.5,4.3,0.0,95,0
20.1,17.3,0.0,98,2
25.0,3.6,3.6,96,0
25.6,11.5,0.0,92,0
27.3,17.6,0.0,87,2
26.1,3.6,0.0,91,0
28.2,27.7,0.0,84,2
26.7,5.0,0.0,87,0
26.7,12.2,0.0,90,0
22.0,10.4,0.0,92,0
23.9,20.2,3.6,96,2
32.0,16.6,0.0,56,1
34.3,28.8,0.0,39,2
30.6,16.6,0.0,62,1
35.6,17.3,0.0,41,1
35.1,19.1,0.0,38,1
33.3,17.3,0.0,44,1
36.3,8.6,0.0,33,1
28.0,9.0,0.0,94,0
33.3,20.5,0.0,52,1
38.3,4.7,0.0,29,1
26.3,12.2,0.0,80,2
30.1,14.0,0.0,71,1
30.0,3.6,0.0,67,1
29.1,3.6,0.0,69,1
29.7,21.2,0.0,62,2
25.0,10.1,0.0,87,0
30.6,6.5,0.0,59,1
32.0,3.6,0.0,64,1
25.7,13.0,0.0,82,2
26.5,12.6,0.0,82,2
26.7,9.7,0.0,76,1
31.0,16.9,0.0,55,1
27.5,14.4,0.0,70,2
29.9,28.8,0.0,64,2
26.4,25.9,0.0,84,2
24.0,6.8,0.0,87,0
25.4,6.5,0.0,70,1
25.7,20.5,0.0,65,2
24.1,7.6,0.0,91,0
30.0,4.7,0.0,71,1
30.6,6.1,0.0,68,1
29.0,6.8,0.0,100,0
30.0,8.3,0.0,73,1
30.5,9.0,0.0,66,1
29.9,7.2,0.0,75,1
30.9,7.9,0.0,64,1
31.5,7.6,0.0,63,1
30.9,8.6,0.0,65,1
30.1,4.0,0.0,68,1
30.0,6.5,0.0,73,1
31.7,7.2,0.0,63,1
31.5,7.9,0.0,66,1
29.9,8.6,0.0,74,1
27.0,16.6,0.0,89,2
30.3,5.0,0.0,70,1
30.8,9.7,0.0,68,1
31.1,7.9,0.0,68,1
31.1,8.6,0.0,67,1
28.5,10.8,0.0,84,0
28.7,10.4,0.0,83,0
33.0,10.1,0.0,50,1
29.6,11.2,0.0,77,1
28.7,10.8,0.0,84,0
30.4,18.4,0.0,71,2
24.9,4.7,0.0,94,0
28.6,12.2,0.0,81,2
30.4,10.4,0.0,72,1
27.4,13.0,0.0,76,2
31.2,9.7,0.0,71,1
28.9,12.6,0.0,81,2
29.1,10.4,0.0,80,1
29.4,12.6,0.0,79,2
29.5,9.4,0.0,80,1
29.4,11.2,0.0,76,1
30.1,7.9,0.0,65,1
29.4,11.5,0.0,77,1
28.7,10.1,0.0,83,0
30.1,6.1,0.0,65,1
29.5,9.4,0.0,71,1
31.2,4.7,0.0,68,1
31.9,7.6,0.0,62,1
26.3,37.4,0.0,89,2
28.0,15.1,0.0,89,2
26.6,34.9,0.0,84,2
25.2,17.3,0.0,82,2
29.3,11.2,0.0,79,1
29.0,12.6,0.0,81,2
28.8,3.6,0.0,76,1
29.8,10.4,0.0,79,1
27.5,6.5,0.0,82,0
29.5,12.6,0.0,77,1
24.8,9.7,0.0,71,1
25.7,18.7,0.0,75,2
26.6,3.6,3.6,84,0
29.7,4.7,0.0,71,1
27.9,10.8,0.0,83,0
30.7,9.0,0.0,69,1
29.8,7.9,0.0,75,1
29.5,3.6,0.0,76,1
24.1,10.8,0.0,86,0
23.6,12.2,0.0,92,0
23.9,7.2,0.0,92,0
23.7,5.4,0.0,91,0
23.2,9.7,0.0,90,0
25.1,9.7,0.0,82,0
23.6,9.0,0.0,90,0
23.4,7.2,0.0,94,0
23.8,6.8,0.0,93,0
24.7,5.0,0.0,90,0
24.2,7.9,0.0,89,0
24.7,8.3,0.0,85,0
25.0,3.6,0.0,83,0
26.9,5.8,0.0,65,1
27.7,22.0,0.0,86,2
27.4,5.8,0.0,88,0
26.5,16.2,0.0,92,2
31.0,14.0,0.0,49,1
24.3,5.0,0.7,93,0
23.1,10.4,0.1,98,0
21.9,17.3,0.3,97,2
22.0,12.2,1.4,98,0
22.8,7.6,0.2,98,0
22.2,11.9,1.6,99,0
23.3,7.2,1.1,98,0
23.3,5.8,0.7,98,0
25.5,10.4,0.0,91,0
22.4,19.1,0.4,97,2
25.5,18.4,0.0,90,2
22.8,8.3,0.2,97,0
23.1,13.7,0.9,98,2
22.8,16.9,0.0,95,2
25.4,13.3,0.0,91,2
22.1,19.8,1.1,96,2
22.3,15.8,0.1,97,2
23.4,15.5,1.0,96,2
22.8,9.0,1.7,97,0
25.7,9.0,0.6,91,0
24.0,3.6,0.4,93,0
22.1,20.2,0.5,97,2
22.9,12.6,0.7,98,0
25.6,6.1,1.0,89,0
27.9,9.7,0.2,82,0
28.0,9.4,0.0,82,0
23.0,13.0,0.9,94,0
22.3,16.6,0.6,97,2
23.2,18.0,0.9,94,2
22.9,8.3,0.5,98,0
27.5,10.1,0.1,83,0
24.4,8.6,0.4,95,0
22.1,18.7,1.1,97,2
27.0,4.0,0.0,94,0
24.4,16.6,0.0,93,2
23.7,16.6,0.3,92,2
22.3,13.0,0.8,98,0
27.4,4.0,0.0,81,0
22.4,10.1,1.7,99,0
22.8,14.4,1.3,98,2
25.0,6.8,0.3,91,0
23.1,8.3,0.2,94,0
23.2,6.8,0.4,98,0
23.9,15.5,0.0,94,2
25.2,13.7,0.0,91,2
17.8,5.8,0.0,86,0
26.3,13.3,0.0,88,2
17.1,8.3,0.0,80,3
24.6,6.1,1.4,95,0
17.7,4.7,0.0,78,0
19.1,6.1,0.0,85,0
27.7,10.4,0.0,84,0
25.7,6.1,0.2,80,0
19.7,3.6,0.0,73,0
13.8,6.1,0.0,79,3
6.8,7.2,0.0,43,3
15.5,3.6,0.1,82,3
16.5,9.0,0.0,87,3
17.8,3.6,0.1,83,0
20.1,6.1,0.0,86,0
28.0,11.9,0.3,82,2
16.5,4.7,0.0,83,3
25.2,6.1,0.1,79,0
25.6,5.8,2.5,77,0
12.6,10.1,0.0,66,3
14.2,3.6,0.0,91,3
25.4,14.8,0.1,91,2
26.5,15.5,0.0,84,2
27.2,19.4,0.0,76,2
28.0,9.7,0.0,71,1
27.9,15.8,0.0,77,2
27.6,21.6,0.0,69,2
27.8,15.8,0.0,69,2
24.8,16.2,0.0,88,2
25.6,15.8,0.0,82,2
27.2,8.6,0.4,72,1
27.5,10.1,0.2,72,1
26.6,15.8,0.0,81,2
26.4,15.8,0.0,84,2
24.0,8.6,0.0,95,0
27.1,16.6,0.0,82,2
25.9,18.0,0.2,88,2
26.2,19.4,0.4,87,2
26.9,18.0,0.0,78,2
26.8,15.1,0.0,85,2
29.0,9.0,0.5,70,1
27.2,19.4,0.0,74,2
29.0,9.0,0.0,70,1
25.3,14.0,0.1,91,2
26.4,9.0,0.0,82,0
25.0,12.2,0.0,84,0
26.0,14.0,0.0,82,2
29.2,18.7,0.0,57,2
25.3,16.6,0.0,73,2
25.1,8.3,0.0,86,0
24.7,20.9,0.0,74,2
25.4,5.4,0.0,84,0
24.1,6.1,0.0,87,0
24.5,27.4,0.0,74,2
23.9,7.9,0.8,94,0
26.6,18.7,0.0,65,2
25.3,19.8,0.0,95,2
25.0,11.2,0.1,98,0
23.7,15.1,0.0,96,2
24.7,15.5,0.0,93,2
24.0,20.2,0.1,94,2
29.0,9.0,0.0,79,1
25.0,19.4,0.0,93,2
24.6,20.2,0.1,96,2
22.7,13.7,0.3,96,2
25.4,16.2,0.0,92,2
25.9,19.8,0.0,91,2
25.0,19.1,0.1,96,2
25.0,18.4,0.0,96,2
24.6,16.9,0.1,97,2
25.0,19.4,0.0,94,2
22.3,15.5,0.2,96,2
24.6,19.8,0.0,94,2
30.0,20.2,0.0,94,2
26.3,19.1,0.0,90,2
26.4,16.2,0.0,89,2
26.2,13.3,0.0,91,2
22.6,17.3,0.0,84,2
26.6,20.2,0.0,88,2
26.0,17.3,0.0,90,2
27.1,20.2,0.0,85,2
13.0,6.1,0.0,80,3
26.7,20.2,0.0,88,2
27.1,18.0,0.0,84,2
27.3,19.8,0.0,83,2
27.0,19.8,0.0,85,2
27.2,20.5,0.0,83,2
26.9,20.5,0.0,86,2
27.0,20.2,0.0,86,2
26.9,19.8,0.0,86,2
26.0,17.6,0.0,89,2
26.2,18.7,0.0,90,2
26.4,18.7,0.0,89,2
26.6,19.4,0.0,89,2
26.0,18.0,0.0,91,2
26.3,16.2,0.0,89,2
26.2,8.3,0.0,87,0
29.8,9.0,0.0,66,1
27.7,7.6,0.1,75,1
29.0,9.4,0.0,69,1
27.4,9.0,0.0,77,1
29.1,7.6,0.0,68,1
28.0,9.4,0.0,74,1
28.6,8.3,0.0,72,1
29.5,10.8,0.0,66,1
31.2,12.2,0.0,60,1
30.0,10.1,0.0,66,1
29.6,8.6,0.0,67,1
26.3,10.1,0.6,84,0
25.2,8.6,0.0,83,0
26.1,4.7,0.3,82,0
26.0,22.3,0.2,82,2
22.9,22.3,0.0,96,2
25.8,6.5,0.0,70,1
5.4,5.4,0.0,92,3
25.7,3.6,0.0,89,0
25.5,5.0,0.0,93,0
25.0,3.6,0.0,92,0
24.0,3.6,0.1,98,0
23.4,3.6,0.0,94,0
24.5,3.6,0.0,96,0
27.2,10.4,0.0,85,0
20.0,4.3,0.0,93,0
20.2,3.6,0.0,97,0
25.0,6.1,1.2,95,0
25.7,6.1,0.0,92,0
24.6,7.6,0.1,95,0
24.5,8.3,0.0,94,0
27.6,20.5,0.3,72,2
26.1,15.8,0.0,84,2
24.3,3.6,0.1,89,0
19.9,4.3,0.0,98,0
20.0,3.6,0.0,97,0
25.7,3.6,0.2,84,0
19.5,3.6,0.0,99,0
16.7,3.6,0.0,98,0
27.0,9.0,1.7,94,0
19.7,3.6,0.0,100,0
20.1,3.6,0.0,99,0
22.3,5.0,0.3,95,0
22.1,3.6,0.0,97,0
17.3,3.6,0.0,99,0
23.9,4.3,0.0,93,0
28.3,4.3,0.0,98,0
24.0,4.7,0.0,95,0
24.4,3.6,0.0,94,0
20.0,19.1,0.0,94,2
21.5,14.4,0.4,97,2
23.9,5.4,1.8,99,0
22.6,16.6,2.4,98,2
22.4,4.7,0.2,99,0
23.1,20.2,8.6,98,4
23.4,14.8,0.1,96,2
27.0,11.9,0.0,85,0
21.4,20.2,0.0,98,2
27.3,9.0,0.3,83,0
23.6,17.3,13.0,99,4
24.8,8.6,0.0,83,0
22.0,21.2,0.0,85,2
23.6,11.5,26.1,99,4
24.1,6.5,6.2,99,4
24.6,12.2,0.3,93,0
23.9,10.8,0.4,98,0
23.3,5.8,0.0,89,0
20.7,4.0,0.0,89,0
22.4,5.0,0.1,90,0
1.5,3.6,0.0,90,3
24.7,5.4,3.1,88,0
24.0,5.8,0.3,90,0
19.9,4.0,0.4,95,0
22.0,5.4,0.0,91,0
10.9,4.7,1.1,90,3
10.5,3.6,0.5,88,3
23.5,14.4,0.3,94,2
24.2,3.6,0.1,91,0
22.1,3.6,0.0,96,0
24.8,5.4,0.1,86,0
25.0,4.0,0.1,100,0
24.8,3.6,0.0,85,0
20.2,12.2,0.0,88,0
23.0,6.1,0.0,94,0
27.6,22.0,0.4,79,2
27.0,4.0,1.5,94,0
25.5,16.2,0.0,94,2
25.6,17.3,0.0,94,2
27.0,9.0,1.3,94,0
26.2,15.1,0.0,91,2
16.4,3.6,0.2,98,0
25.8,8.3,0.1,91,0
25.5,9.7,0.1,97,0
27.0,9.0,1.2,94,0
25.2,15.8,0.0,97,2
25.1,18.0,0.0,97,2
24.6,17.3,0.1,98,2
26.5,3.6,0.0,89,0
25.6,6.1,2.4,78,0
25.8,9.7,2.3,86,0
30.0,3.6,0.1,94,0
27.3,9.7,0.7,74,1
27.9,10.1,0.0,73,1
28.8,10.4,0.0,68,1
28.7,11.2,0.0,66,1
26.5,10.4,0.0,80,0
27.5,10.8,0.1,74,1
29.4,10.8,0.0,63,1
28.3,11.2,0.0,67,1
26.0,8.6,0.1,84,0
28.8,10.4,0.0,63,1
30.9,10.1,0.0,55,1
28.3,10.1,0.0,70,1
21.1,12.6,0.0,89,0
21.1,13.0,0.0,89,0
23.7,18.4,0.0,75,2
19.0,9.0,0.0,94,0
21.0,24.1,0.0,87,2
20.9,13.3,0.0,94,0
24.6,20.5,0.0,74,2
21.4,20.2,0.0,86,2
22.1,12.2,0.3,92,0
24.0,19.4,0.0,77,2
21.8,23.4,0.0,85,2
24.0,6.1,0.6,100,0
21.9,17.6,0.0,86,2
19.9,15.5,0.0,94,2
20.1,10.4,0.0,94,0
23.2,23.0,0.0,80,2
21.0,22.0,0.0,94,2
20.2,15.8,0.0,89,2
20.6,13.7,0.0,87,2
22.4,28.1,0.0,85,2
22.6,13.3,0.8,94,2
22.3,15.1,0.1,87,2
24.4,14.0,0.0,74,2
22.7,17.6,0.0,80,2
21.0,9.7,0.0,93,0
23.4,13.7,5.5,99,4
23.6,19.1,0.8,94,2
23.7,13.3,1.3,88,2
23.8,18.0,1.0,96,2
22.8,15.8,1.3,95,2
25.2,11.2,0.0,75,1
19.1,7.2,0.0,98,0
20.3,11.2,0.0,95,0
23.0,16.2,6.4,99,4
23.8,26.3,0.0,91,2
25.3,3.6,0.0,84,0
25.0,11.2,2.9,100,0
23.2,16.2,0.0,95,2
23.6,19.4,0.5,93,2
22.9,16.6,1.2,98,2
23.3,11.5,0.0,84,0
26.0,6.8,0.3,94,0
25.9,11.9,0.1,85,0
26.0,9.0,0.1,94,0
25.0,11.2,1.7,100,0
27.0,6.1,1.5,94,0
25.0,4.7,0.1,94,0
19.8,14.0,0.0,97,2
23.6,20.5,0.1,97,2
27.0,6.1,0.2,94,0
26.3,4.7,0.0,91,0
23.9,20.5,0.2,96,2
25.5,6.1,0.0,90,0
27.2,14.8,0.6,87,2
25.9,7.9,0.0,86,0
24.0,22.0,0.3,96,2
25.8,4.0,0.0,94,0
23.6,20.2,0.5,97,2
21.7,5.0,0.0,95,0
23.5,17.6,0.0,92,2
29.0,9.7,0.0,68,1
29.1,28.4,0.1,60,2
27.4,9.7,0.0,72,1
31.8,12.2,0.0,56,1
27.9,22.0,0.0,66,2
28.6,20.9,0.0,61,2
31.5,11.5,0.0,55,1
27.5,13.0,0.0,70,1
30.0,14.8,0.0,63,1
32.7,26.6,0.0,43,2
24.3,7.9,0.5,87,0
27.2,4.7,2.6,83,0
25.6,7.2,0.0,86,0
26.0,3.6,1.6,89,0
25.7,8.3,0.0,87,0
25.7,10.1,0.1,82,0
22.9,4.7,0.9,92,0
25.0,9.7,0.4,84,0
28.8,8.6,0.0,77,1
24.0,7.9,0.6,90,0
23.5,6.1,0.7,96,0
25.3,9.0,0.0,82,0
27.0,7.6,0.0,75,1
25.7,10.4,0.0,73,1
28.1,21.6,0.0,68,2
26.6,10.8,0.0,68,1
26.9,14.0,0.0,75,2
22.9,4.7,0.0,92,0
26.0,7.9,0.0,73,1
23.0,3.6,0.0,82,0
25.1,19.8,0.0,74,2
23.0,16.6,0.0,79,2
26.3,7.6,0.0,88,0
27.5,7.6,0.0,82,0
27.1,11.9,0.0,85,0
27.7,9.4,0.0,79,0
27.1,10.8,0.0,87,0
27.9,8.3,0.0,78,1
28.4,9.0,0.0,79,1
27.9,9.0,0.0,81,0
26.5,9.0,0.0,86,0
30.0,3.6,0.0,84,0
26.5,8.3,0.0,88,0
28.8,9.4,0.0,78,1
28.3,9.7,0.0,80,0
25.4,11.5,3.0,96,0
26.9,9.7,1.1,87,0
27.7,9.7,0.0,83,0
27.0,6.1,0.2,100,0
28.1,10.1,0.0,80,0
26.9,15.5,0.0,84,2
27.3,17.3,0.0,83,2
29.3,10.1,0.0,68,1
28.0,13.0,0.0,89,2
27.6,19.8,0.0,82,2
26.8,14.8,0.0,86,2
27.3,21.2,0.0,82,2
26.8,18.7,0.0,85,2
27.5,10.1,0.0,84,0
24.6,11.9,0.7,90,0
28.1,11.2,0.0,83,0
27.6,20.5,0.0,81,2
27.0,14.4,0.0,85,2
27.5,18.0,0.0,82,2
27.1,13.0,0.0,86,2
27.1,8.6,0.0,79,0
27.4,20.2,0.0,82,2
26.9,14.8,0.0,86,2
26.9,7.9,0.2,83,0
27.1,19.4,0.0,84,2
26.3,9.0,0.0,84,0
27.7,9.4,0.0,83,0
28.8,9.0,0.0,78,1
26.0,15.1,0.0,83,2
27.3,16.6,0.6,78,2
24.9,14.0,0.0,83,2
27.5,15.8,0.0,81,2
27.5,20.5,0.0,81,2
26.7,8.6,0.0,85,0
27.4,15.5,0.0,85,2
25.4,9.0,0.5,91,0
27.4,19.8,0.0,82,2
22.1,10.4,0.0,80,0
24.2,12.6,0.0,81,2
24.7,9.4,0.0,92,0
27.7,4.3,0.0,79,0
28.1,8.3,0.1,81,0
26.8,4.3,1.4,84,0
22.7,15.8,0.0,97,2
27.3,10.4,0.0,82,0
23.0,15.8,0.0,86,2
23.2,10.4,3.1,98,0
23.6,15.5,0.4,91,2
22.5,14.0,1.5,97,2
22.7,14.0,0.1,93,2
23.8,10.8,0.0,84,0
23.2,10.1,1.8,98,0
22.6,16.6,2.3,96,2
23.2,15.1,0.4,95,2
23.4,14.8,1.7,96,2
24.4,10.1,0.8,90,0
24.0,14.8,0.2,88,2
23.9,11.9,0.0,85,0
23.0,22.0,0.0,89,2
23.0,22.0,0.1,89,2
24.2,18.0,0.0,77,2
22.9,3.6,0.1,87,0
26.7,18.0,2.9,90,2
25.1,7.2,0.1,94,0
26.0,13.0,2.0,94,2
26.0,13.0,1.3,94,2
25.2,10.4,0.0,98,0
26.0,14.0,0.0,71,2
23.8,14.0,0.0,87,2
21.8,9.4,0.0,94,0
23.8,23.4,0.0,96,2
23.2,23.0,0.2,95,2
21.3,26.6,0.1,98,2
21.5,30.6,27.4,98,4
23.4,11.5,0.3,97,0
23.2,22.0,0.1,96,2
23.4,23.8,0.0,93,2
23.5,22.0,0.0,95,2
24.0,11.2,0.0,96,0
21.0,15.1,1.6,94,2
23.9,10.8,0.0,92,0
24.6,9.4,0.0,96,0
23.2,15.1,0.1,96,2
22.5,26.3,13.5,98,4
23.8,9.0,0.0,94,0
24.0,11.5,0.0,96,0
21.0,15.1,3.0,94,2
22.3,24.5,6.5,99,4
23.1,29.2,7.6,98,4
22.7,26.6,0.0,97,2
23.4,10.4,2.5,98,0
24.5,18.0,0.0,96,2
24.1,23.4,0.0,95,2
21.0,15.1,1.4,94,2
23.4,14.4,9.7,96,4
26.9,19.1,0.0,85,2
28.0,20.2,0.0,79,2
27.6,18.4,0.0,80,2
22.8,23.0,4.2,98,2
21.7,24.8,0.1,98,2
22.8,36.4,14.8,96,4
23.5,9.4,0.0,89,0
27.1,18.7,0.0,82,2
23.6,20.9,0.0,94,2
21.0,15.1,3.5,94,2
23.5,9.0,0.0,93,0
23.3,29.2,4.0,96,2
22.9,21.2,0.0,96,2
27.2,10.8,0.0,83,0
22.2,16.6,0.1,96,2
23.3,21.6,3.5,97,2
25.0,23.0,0.2,94,2
25.6,17.3,0.1,93,2
21.8,31.7,8.9,97,4
23.0,10.8,0.0,91,0
22.9,15.8,0.0,93,2
25.8,15.1,0.0,87,2
21.2,3.6,0.2,87,0
25.7,7.2,0.0,88,0
16.0,7.6,0.9,85,3
23.6,6.1,0.0,97,0
16.2,4.7,1.3,84,3
18.6,3.6,0.0,84,0
27.2,16.9,0.0,82,2
16.8,3.6,0.1,84,3
11.8,5.8,0.0,79,3
6.5,8.3,0.0,48,3
14.4,3.6,0.0,79,3
15.7,7.2,0.7,87,3
17.1,3.6,0.0,80,3
19.3,5.4,0.6,87,0
27.2,18.4,0.0,83,2
14.4,6.5,0.0,79,3
24.1,3.6,0.0,86,0
24.1,6.1,0.1,88,0
12.3,9.4,0.0,64,3
13.8,3.6,0.4,90,3
24.8,18.0,0.8,93,2
26.8,15.8,0.0,85,2
27.4,22.0,0.1,73,2
23.7,6.5,0.0,95,0
26.8,12.6,0.5,86,2
28.0,19.1,0.0,89,2
27.7,23.4,0.1,67,2
25.7,15.1,0.7,82,2
25.2,17.3,0.0,85,2
26.5,18.0,0.0,76,2
27.2,11.2,0.0,72,1
28.1,16.2,0.0,69,2
25.9,17.6,0.5,85,2
26.7,16.2,0.0,85,2
24.4,7.9,0.0,93,0
25.2,20.2,0.9,91,2
25.4,21.6,0.9,90,2
27.3,20.5,0.0,77,2
27.2,19.4,0.0,85,2
28.0,16.9,0.2,70,2
25.1,16.9,1.1,91,2
27.4,7.6,0.0,83,0
24.7,4.7,0.0,92,0
26.8,14.8,0.0,80,2
28.9,15.8,0.0,59,1
25.5,18.4,0.0,73,2
26.2,9.4,0.0,84,0
24.6,20.5,0.0,76,2
25.9,6.8,0.1,85,0
25.5,5.4,0.0,80,0
24.9,29.5,0.0,74,2
24.9,3.6,0.0,88,0
26.2,13.7,0.0,69,1
24.8,9.7,0.0,98,0
24.8,4.3,3.1,98,0
23.5,6.5,0.0,94,0
24.3,4.3,0.0,91,0
24.0,6.1,0.2,94,0
23.0,12.6,0.0,98,0
24.2,13.7,0.0,96,2
24.1,10.1,0.0,99,0
22.4,6.1,0.3,95,0
25.8,8.6,0.0,92,0
25.3,8.6,0.0,94,0
24.6,7.9,0.0,97,0
24.7,9.0,0.0,98,0
24.6,8.6,0.0,98,0
24.4,10.1,0.0,97,0
22.2,6.5,0.1,95,0
23.3,8.3,0.0,94,0
24.0,6.1,0.1,94,0
30.0,15.1,0.0,94,2
26.3,9.4,0.0,89,0
26.6,10.4,0.0,88,0
26.6,8.6,0.0,86,0
22.2,27.7,0.4,86,2
26.4,12.6,0.0,89,2
26.2,11.2,0.0,88,0
27.2,15.1,0.0,85,2
26.8,11.2,0.0,86,0
26.3,16.9,0.3,89,2
27.5,17.6,0.0,82,2
26.4,14.0,0.0,89,2
26.6,14.0,0.0,89,2
26.7,12.6,0.0,86,2
23.8,3.6,0.9,93,0
27.1,12.6,0.0,85,2
26.8,13.7,0.0,86,2
25.5,9.7,0.0,92,0
26.2,10.8,0.0,89,0
26.4,11.2,0.0,89,0
26.6,12.2,0.0,87,0
25.7,11.2,0.0,91,0
26.5,12.2,0.0,87,0
26.5,10.4,0.0,88,0
25.4,6.1,0.0,89,0
28.8,13.0,0.0,74,1
25.4,9.0,4.3,93,0
28.0,6.8,0.6,94,0
25.4,7.9,3.1,90,0
27.2,10.1,1.6,83,0
26.0,9.0,2.3,88,0
27.7,8.3,0.0,80,0
27.4,10.8,0.0,82,0
28.6,11.2,0.0,75,1
28.7,11.2,0.0,75,1
27.8,8.3,0.0,80,0
28.2,8.6,0.6,79,0
25.5,8.6,0.0,90,0
24.6,6.8,0.0,86,0
26.2,14.0,0.6,85,2
27.0,15.8,1.9,84,2
22.1,4.7,0.0,98,0
26.0,7.2,0.0,72,1
4.4,7.6,0.0,86,3
25.9,5.0,0.0,90,0
26.0,8.3,0.0,89,0
24.4,3.6,0.0,98,0
25.3,3.6,0.0,94,0
24.9,5.0,1.4,96,0
25.9,11.2,0.0,91,0
19.6,6.1,0.0,89,0
20.2,4.3,0.4,98,0
25.6,3.6,0.0,94,0
26.0,6.1,0.0,90,0
24.8,6.1,0.4,95,0
24.3,7.6,1.6,95,0
27.3,22.7,0.0,80,2
26.9,16.2,0.0,85,2
24.5,3.6,0.1,89,0
22.0,3.6,0.2,99,0
21.1,3.6,0.0,98,0
21.5,3.6,0.0,99,0
25.8,11.9,0.7,87,0
19.4,3.6,0.0,97,0
17.2,3.6,0.0,98,0
20.0,3.6,0.0,98,0
23.7,5.4,0.0,96,0
21.5,4.3,0.0,96,0
23.3,3.6,0.2,96,0
28.2,4.7,0.1,95,0
18.2,3.6,0.0,99,0
25.6,3.6,0.0,92,0
24.9,3.6,0.0,95,0
22.0,15.1,0.0,88,2
21.0,8.3,0.0,96,0
23.5,11.9,0.0,95,0
21.7,6.8,0.0,97,0
22.7,3.6,0.0,96,0
22.4,8.3,0.0,95,0
22.1,7.9,0.0,98,0
27.3,18.4,0.0,81,2
21.1,10.1,0.0,97,0
27.2,15.8,0.0,82,2
23.2,11.5,0.0,94,0
24.0,6.5,0.0,86,0
22.4,27.4,0.0,84,2
23.5,3.6,0.0,95,0
23.7,5.4,0.0,97,0
23.7,4.3,0.0,95,0
22.9,5.0,0.0,88,0
20.2,3.6,0.0,91,0
21.7,5.0,0.0,91,0
0.2,3.6,0.8,94,3
24.6,6.1,0.5,88,0
24.5,4.7,0.2,88,0
20.6,3.6,0.1,94,0
21.2,5.4,0.0,90,0
10.8,4.0,0.4,88,3
10.3,4.3,0.0,85,3
22.5,9.4,0.0,97,0
24.4,3.6,0.2,89,0
22.5,3.6,0.1,95,0
25.2,5.0,0.7,87,0
25.0,6.1,1.1,94,0
25.6,8.3,0.4,84,0
26.0,3.6,1.7,94,0
19.7,10.1,0.0,89,0
23.0,4.0,0.1,100,0
23.6,3.6,0.0,95,0
25.0,6.1,0.4,94,0
24.0,19.1,0.1,89,2
28.0,3.6,0.3,74,1
23.0,4.0,0.3,100,0
26.4,22.0,1.0,84,2
27.0,4.0,0.6,94,0
25.7,11.2,0.0,95,0
25.7,9.7,0.0,94,0
26.2,9.0,0.0,91,0
25.8,5.0,0.0,90,0
26.2,8.3,0.0,92,0
25.4,10.4,0.0,96,0
25.3,9.0,0.0,97,0
24.4,7.6,0.0,99,0
25.8,3.6,0.0,90,0
23.3,6.5,0.0,89,0
24.8,11.2,0.4,91,0
24.4,9.4,2.1,94,0
25.2,10.8,0.3,92,0
26.2,10.8,0.0,88,0
25.9,8.3,1.0,87,0
24.5,8.3,1.4,94,0
24.4,5.4,0.1,92,0
26.5,10.1,0.0,82,0
24.6,7.2,1.6,92,0
24.8,5.0,0.0,89,0
25.6,9.0,0.7,85,0
29.0,10.4,0.0,69,1
25.2,9.7,0.1,93,0
21.6,16.6,0.0,85,2
20.9,14.0,0.0,89,2
23.7,17.3,0.0,77,2
18.7,8.6,0.2,96,0
21.8,24.5,0.0,86,2
22.0,20.5,0.0,89,2
24.6,21.2,0.0,76,2
21.5,25.2,0.0,88,2
21.9,17.6,0.0,89,2
23.9,23.4,0.0,78,2
21.9,27.0,0.0,87,2
26.0,3.6,1.8,94,0
22.8,23.4,0.0,83,2
19.3,17.3,0.0,93,2
20.8,13.7,0.2,95,2
23.4,24.5,0.0,81,2
20.8,16.2,0.0,88,2
20.8,18.4,0.0,90,2
22.4,29.9,0.0,87,2
22.1,23.8,0.0,85,2
22.8,25.6,0.0,82,2
22.2,21.6,0.0,84,2
24.2,23.0,0.0,77,2
23.0,20.2,0.0,81,2
21.0,13.0,0.0,96,0
23.3,7.9,0.0,94,0
22.3,34.2,1.6,93,2
23.9,22.0,0.0,80,2
23.5,21.2,0.0,89,2
23.1,14.8,0.0,86,2
23.3,24.1,3.9,89,2
20.7,11.5,0.0,91,0
21.7,13.3,0.0,91,2
22.2,31.0,0.4,95,2
23.0,34.9,2.6,95,2
25.7,13.3,0.8,87,2
22.2,28.4,3.1,95,2
22.0,34.9,3.1,94,2
22.9,18.4,0.0,96,2
23.1,25.2,0.0,82,2
22.8,28.1,0.1,80,2
28.0,16.9,2.0,89,2
26.6,18.7,0.5,84,2
28.0,16.9,1.0,89,2
23.8,4.7,0.0,94,0
20.0,7.6,0.0,93,0
27.0,4.0,0.1,94,0
25.1,5.8,0.0,93,0
26.6,5.0,0.0,89,0
26.6,5.4,0.0,88,0
28.0,13.7,0.0,84,2
26.9,5.8,0.0,84,0
24.8,6.1,0.1,91,0
26.5,4.3,0.0,90,0
24.3,6.5,0.1,92,0
23.1,3.6,0.0,93,0
28.8,11.9,0.2,68,1
30.0,23.0,0.0,60,2
27.2,11.2,0.0,74,1
30.3,8.6,0.0,61,1
28.4,6.5,0.7,68,1
28.3,15.8,0.0,67,2
29.7,9.0,0.2,63,1
28.4,7.2,2.5,65,1
29.6,13.0,0.1,65,1
32.1,11.2,0.0,53,1
23.8,13.3,1.6,92,2
27.9,15.1,0.0,78,2
26.3,9.0,0.4,87,0
25.8,12.6,2.3,92,2
27.0,6.1,0.4,75,1
22.9,8.3,1.3,92,0
25.9,3.6,0.6,84,0
28.3,11.9,0.0,79,1
23.3,10.8,1.9,93,0
23.6,10.4,1.8,96,0
27.8,10.1,0.1,70,1
27.2,15.8,0.0,72,2
25.8,9.4,0.0,78,0
27.3,27.7,0.0,79,2
26.8,7.9,0.0,71,1
26.7,16.6,0.0,82,2
22.9,5.4,0.2,95,0
26.5,6.1,0.0,73,1
23.1,3.6,0.0,83,0
25.5,20.9,0.0,74,2
23.6,19.1,0.0,77,2
25.6,10.1,0.0,89,0
26.3,10.8,0.0,88,0
27.1,12.6,0.0,83,2
27.1,15.1,0.0,82,2
26.0,9.4,0.0,90,0
26.4,13.0,0.0,89,2
26.0,8.6,0.0,91,0
27.4,12.6,0.0,83,2
26.6,10.1,0.0,87,0
25.8,9.0,0.0,89,0
26.4,11.5,0.0,87,0
28.0,13.0,0.0,80,2
27.8,15.1,0.0,80,2
27.0,15.5,0.0,84,2
25.9,9.0,0.0,93,0
26.6,13.7,0.0,86,2
27.3,15.5,0.0,82,2
25.4,9.7,0.0,91,0
28.2,18.0,0.0,77,2
28.3,18.4,0.0,77,2
25.3,13.3,3.4,92,2
26.6,17.6,0.2,86,2
27.2,10.1,0.3,83,0
27.2,16.9,0.2,83,2
26.6,16.2,0.0,85,2
27.5,16.6,0.0,82,2
25.1,5.8,0.0,92,0
25.7,7.6,0.0,91,0
24.1,9.4,0.7,97,0
27.5,18.0,0.0,80,2
26.0,8.3,0.0,93,0
26.8,16.6,0.1,83,2
26.9,15.1,0.0,85,2
25.5,12.6,0.0,92,0
25.7,16.2,0.3,92,2
25.4,6.8,0.0,89,0
27.3,15.8,0.0,83,2
26.0,14.4,3.0,86,2
25.3,8.6,4.3,92,0
25.9,12.2,0.0,91,0
25.4,6.5,0.0,88,0
27.4,17.3,0.0,82,2
28.6,16.9,0.0,75,2
27.4,15.5,0.0,81,2
27.1,24.1,0.0,82,2
24.5,13.0,0.0,90,2
25.8,8.6,0.0,93,0
25.9,8.3,0.0,92,0
25.5,17.3,0.1,93,2
25.8,12.2,0.0,94,0
24.2,18.4,0.0,96,2
26.9,13.3,0.0,86,2
24.1,10.8,0.0,80,0
24.5,11.2,0.0,84,0
25.4,22.3,2.6,90,2
27.1,6.8,0.0,84,0
25.7,21.2,2.4,91,2
28.2,18.7,0.0,78,2
27.4,16.6,0.0,80,2
22.6,25.2,6.7,99,4
27.3,17.6,0.0,81,2
22.9,13.7,0.0,85,2
24.0,9.0,0.0,90,0
23.4,9.0,0.1,91,0
22.7,13.7,0.0,92,2
22.8,11.9,0.2,91,0
23.8,12.6,0.0,81,2
23.9,17.3,0.0,85,2
22.4,11.9,0.0,91,0
23.7,10.4,0.0,88,0
23.9,9.4,0.2,90,0
23.1,7.2,0.0,89,0
23.5,11.5,0.0,83,0
24.0,19.1,0.0,83,2
24.0,18.0,0.0,79,2
23.2,4.0,0.1,97,0
26.6,9.0,0.6,89,0
26.0,3.6,0.0,91,0
19.9,3.6,0.0,98,0
25.8,14.8,0.0,72,2
23.5,13.3,0.0,89,2
23.4,17.3,2.9,98,2
20.7,26.3,0.2,95,2
20.7,27.4,0.1,96,2
18.9,10.4,0.0,98,0
19.9,15.8,0.3,96,2
21.3,21.6,0.6,96,2
20.2,28.4,0.1,98,2
21.7,14.8,0.0,92,2
21.9,17.3,0.0,93,2
23.3,11.9,0.0,93,0
22.0,31.0,1.8,94,2
24.1,9.7,0.0,88,0
23.0,5.4,0.0,98,0
21.0,6.1,0.0,96,0
20.4,34.6,0.1,95,2
23.9,10.1,0.0,88,0
23.1,11.9,0.0,93,0
22.0,31.0,3.6,94,2
21.9,29.5,1.5,98,2
21.8,21.2,0.5,94,2
21.2,20.9,0.0,91,2
22.7,11.9,0.2,96,0
23.1,20.9,0.0,86,2
20.8,27.0,0.1,94,2
22.0,31.0,3.3,94,2
22.8,8.3,0.2,96,0
24.0,23.0,0.0,85,2
25.3,15.1,0.0,86,2
26.1,13.0,0.0,85,2
22.4,29.5,12.8,98,4
19.3,12.6,0.0,96,0
21.5,18.0,0.3,94,2
21.6,7.9,0.0,94,0
24.5,17.3,0.0,87,2
22.0,10.8,0.0,93,0
22.0,31.0,4.0,94,2
26.0,4.0,2.1,94,0
23.9,8.3,0.0,91,0
21.9,33.1,2.0,94,2
20.2,27.7,0.1,97,2
26.0,19.1,0.0,94,2
20.6,9.4,0.0,98,0
22.3,22.0,0.4,98,2
22.6,21.2,0.0,89,2
23.6,14.0,0.0,87,2
21.2,24.5,0.4,95,2
20.9,6.5,0.0,94,0
22.5,9.4,0.0,93,0
20.7,27.0,0.1,96,2
26.5,16.9,0.0,85,2
20.6,5.4,0.0,90,0
15.9,8.6,0.0,71,3
23.4,6.8,0.0,95,0
16.4,5.8,0.9,72,3
17.6,5.0,1.1,84,0
26.3,11.2,0.0,84,0
25.0,5.0,0.0,77,0
15.5,3.6,0.0,83,3
11.4,4.3,0.0,83,3
6.6,6.5,0.1,53,3
13.0,3.6,0.2,85,3
15.6,8.3,0.0,77,3
16.6,3.6,0.2,85,3
18.9,7.6,0.0,74,0
25.7,12.6,0.0,85,2
14.3,5.4,0.0,84,3
24.8,5.0,0.0,77,0
25.0,4.7,0.0,78,0
11.9,9.4,0.0,65,3
12.8,3.6,0.0,82,3
24.2,15.5,1.1,93,2
27.2,21.2,0.0,85,2
25.7,21.2,1.4,88,2
24.0,4.0,0.0,93,0
24.6,28.1,6.3,94,4
26.5,31.0,0.0,81,2
24.1,24.8,6.8,94,4
25.4,16.6,0.0,87,2
26.3,20.2,0.1,82,2
24.8,22.0,0.1,89,2
25.8,20.9,0.1,87,2
24.0,22.0,6.9,96,4
27.1,21.2,0.0,85,2
24.7,8.6,0.1,92,0
27.4,26.3,0.0,84,2
24.9,18.0,1.1,90,2
25.3,19.1,1.0,88,2
27.4,23.8,0.0,81,2
27.3,22.3,0.0,83,2
25.0,15.1,0.9,89,2
27.2,26.3,0.0,80,2
25.0,15.1,3.5,89,2
24.5,15.8,1.0,92,2
26.5,11.9,0.0,83,0
25.3,7.9,0.0,88,0
27.1,7.6,0.1,80,0
28.7,15.8,0.0,63,1
26.4,9.7,0.0,83,0
23.9,14.8,0.0,79,2
26.7,6.8,0.0,80,0
25.6,5.8,0.0,84,0
24.5,23.4,0.0,77,2
25.2,8.6,0.0,87,0
25.9,14.8,0.0,72,2
25.6,8.3,0.0,90,0
25.2,5.8,0.0,94,0
24.5,4.0,0.0,92,0
24.4,5.0,0.0,90,0
23.8,5.4,0.0,90,0
28.0,3.6,1.6,94,0
25.6,7.2,0.1,86,0
25.5,11.5,0.0,89,0
22.7,5.4,0.0,93,0
27.6,6.8,0.0,80,0
26.3,9.0,0.0,82,0
25.5,8.6,0.0,91,0
25.6,6.1,0.0,92,0
26.0,9.0,0.5,87,0
25.9,10.1,0.0,87,0
22.9,6.5,0.0,94,0
23.5,7.6,0.0,91,0
24.0,3.6,0.4,94,0
28.3,9.4,0.0,76,1
28.4,9.0,0.0,76,1
27.6,7.2,0.0,77,1
21.3,8.6,0.0,88,0
27.4,9.4,0.0,81,0
27.1,8.6,0.0,80,0
28.9,9.0,0.1,77,1
28.6,9.4,0.1,77,1
26.9,10.4,0.2,85,0
27.7,9.4,1.1,81,0
27.4,11.2,0.7,81,0
26.6,9.0,0.0,88,0
27.1,10.4,1.1,83,0
23.9,7.2,0.1,93,0
28.1,9.0,0.9,80,0
29.1,8.6,0.1,75,1
25.9,4.7,1.1,88,0
28.3,9.0,0.0,76,1
28.5,9.0,0.0,76,1
28.6,9.4,0.0,76,1
26.6,10.1,0.0,81,0
28.1,8.6,0.0,77,1
26.0,11.2,0.0,100,0
26.0,10.1,0.0,84,0
26.7,13.7,0.0,85,2
28.5,13.3,0.0,75,2
27.2,14.4,0.0,81,2
26.1,13.0,0.0,87,2
27.8,15.8,0.0,79,2
26.6,12.6,0.0,85,2
26.6,11.9,0.0,85,0
28.4,13.3,0.0,76,2
28.0,10.8,0.0,77,1
28.6,14.4,0.0,77,2
26.6,11.9,0.0,86,0
27.7,11.9,0.0,80,2
26.4,9.7,0.0,82,0
26.0,5.4,0.0,75,0
25.8,16.6,1.5,87,2
27.3,28.8,0.1,81,2
22.8,6.5,0.0,95,0
25.4,7.9,0.0,78,0
3.7,7.9,0.0,86,3
26.4,3.6,0.0,87,0
24.8,4.7,0.0,98,0
25.6,4.7,0.6,95,0
25.9,9.7,1.4,90,0
19.2,10.1,0.0,80,0
22.6,5.4,0.2,96,0
25.3,3.6,0.0,95,0
25.8,3.6,0.0,91,0
24.7,4.0,0.5,95,0
24.5,7.6,0.7,95,0
26.0,20.9,0.1,86,2
26.3,16.6,0.3,86,2
24.2,5.8,0.0,91,0
22.2,3.6,0.0,99,0
18.8,3.6,0.0,99,0
25.3,13.0,1.2,89,2
19.1,4.0,0.0,96,0
15.7,3.6,0.0,96,3
19.1,3.6,0.0,99,0
19.7,3.6,0.0,97,0
23.9,4.7,0.0,95,0
20.8,5.4,0.0,98,0
26.4,5.4,0.0,98,0
25.0,4.3,0.0,93,0
24.4,3.6,0.0,97,0
21.2,5.4,0.0,93,0
23.3,7.9,0.0,96,0
21.8,5.4,0.0,97,0
23.0,3.6,0.0,94,0
22.1,8.3,0.0,94,0
26.1,11.2,1.1,89,0
21.1,7.6,0.0,95,0
24.1,19.4,0.0,88,2
22.6,11.5,0.0,93,0
25.3,5.0,0.0,75,0
21.9,24.8,0.0,87,2
22.8,10.1,0.0,94,0
23.6,9.4,0.0,93,0
23.4,4.0,0.0,96,0
23.7,6.8,0.0,94,0
21.4,4.7,0.0,84,0
19.8,7.2,0.2,92,0
21.5,8.3,1.0,95,0
0.0,3.6,0.0,84,3
25.7,5.4,0.0,86,0
24.5,5.0,0.0,88,0
18.1,4.3,0.5,95,0
18.2,5.0,0.2,88,0
10.6,3.6,0.1,90,3
9.4,3.6,0.0,86,3
22.2,3.6,0.0,96,0
24.2,5.0,0.1,92,0
25.3,4.3,0.1,86,0
24.0,6.1,0.1,100,0
24.6,3.6,0.7,91,0
25.0,6.8,0.2,94,0
19.6,10.8,0.0,88,0
25.0,13.0,0.0,94,2
25.0,6.8,0.4,94,0
27.2,15.1,0.0,81,2
26.0,4.0,1.3,94,0
27.2,5.4,0.0,85,0
27.8,4.7,0.0,79,0
22.4,5.0,0.0,94,0
26.6,3.6,0.0,87,0
26.0,7.2,0.0,94,0
25.5,6.5,0.0,92,0
25.4,7.9,0.0,91,0
25.0,9.0,0.0,93,0
26.4,3.6,0.0,86,0
24.3,5.0,0.0,78,0
26.7,10.8,0.0,82,0
28.0,3.6,1.2,94,0
26.2,11.2,0.0,85,0
26.9,12.2,0.0,82,2
26.8,11.2,0.0,83,0
28.0,3.6,1.8,94,0
26.0,9.7,0.0,84,0
25.7,9.7,0.0,87,0
25.8,8.3,0.0,87,0
26.4,9.4,0.0,81,0
25.8,9.4,0.0,86,0
25.6,6.1,0.0,85,0
26.5,9.0,0.0,81,0
27.5,9.7,0.0,76,1
21.4,14.8,0.0,87,2
20.6,13.7,0.1,91,2
23.2,14.8,0.0,79,2
18.9,7.2,0.0,96,0
20.6,20.5,0.0,91,2
22.0,18.4,0.0,90,2
24.0,16.2,0.0,79,2
21.7,24.1,0.0,87,2
20.8,15.1,0.0,90,2
22.9,17.6,0.0,82,2
22.0,25.9,0.0,87,2
22.3,19.8,0.0,85,2
19.4,15.1,0.0,96,2
20.5,10.4,0.0,93,0
23.5,20.2,0.0,81,2
20.5,12.2,0.0,91,0
20.9,18.4,0.0,90,2
22.4,24.5,0.0,87,2
21.4,10.1,0.0,87,0
22.0,22.0,0.0,87,2
20.5,14.8,0.0,90,2
23.1,19.8,0.0,82,2
21.4,15.8,0.0,88,2
21.6,15.1,0.0,91,2
22.2,4.7,0.0,91,0
22.3,11.5,0.0,84,0
23.2,10.1,0.0,80,0
21.8,8.3,0.0,88,0
23.3,19.1,0.0,84,2
21.9,14.8,0.8,87,2
20.8,13.7,0.0,90,2
21.6,22.0,0.0,86,2
22.0,13.7,0.0,89,2
20.7,5.8,0.0,90,0
20.4,32.8,0.1,88,2
25.4,16.2,0.8,88,2
22.3,13.0,0.0,89,0
22.5,12.2,0.0,85,0
22.6,15.8,0.0,80,2
22.0,13.0,0.0,85,2
28.0,16.9,1.6,89,2
26.0,19.1,1.3,87,2
28.0,16.9,1.2,89,2
22.9,5.4,0.0,93,0
20.3,4.0,0.0,96,0
24.1,9.0,0.0,92,0
26.0,4.0,2.3,94,0
26.0,4.0,2.2,94,0
26.4,8.6,0.0,92,0
24.6,5.0,0.0,92,0
26.3,6.1,0.1,87,0
27.0,8.6,1.4,86,0
26.3,7.6,0.3,86,0
24.8,8.3,0.0,89,0
25.9,5.0,2.1,92,0
24.3,8.6,0.0,91,0
23.2,5.8,0.0,94,0
27.1,18.0,0.0,80,2
28.4,9.7,1.0,64,1
25.9,15.5,0.0,83,2
28.8,10.4,0.0,72,1
27.5,13.7,0.0,77,2
28.2,14.0,0.0,73,2
28.5,9.7,0.0,72,1
27.4,9.7,1.8,77,0
28.3,18.0,0.0,74,2
30.4,15.8,0.0,62,1
23.3,16.9,0.2,94,2
24.2,23.4,0.0,87,2
23.1,20.9,0.3,93,2
23.1,21.2,0.1,94,2
25.5,5.4,1.0,88,0
22.9,14.0,1.0,94,2
24.9,20.5,0.0,90,2
26.1,10.4,0.0,87,0
23.5,23.0,1.7,97,2
23.4,13.3,0.6,94,2
26.4,15.5,0.0,81,2
24.6,13.7,0.1,92,2
27.0,9.0,0.0,89,0
25.0,9.7,0.0,88,0
26.0,7.9,0.0,75,1
27.4,9.0,0.1,76,1
26.5,7.6,0.7,73,1
25.5,16.9,0.0,87,2
25.0,13.0,0.1,94,2
22.2,4.7,0.1,96,0
26.1,3.6,0.0,79,0
23.3,3.6,0.0,82,0
25.5,14.8,0.0,76,2
23.5,16.2,0.1,77,2
23.1,5.4,0.2,94,0
25.3,10.8,0.1,92,0
25.6,11.2,0.0,91,0
26.1,10.4,0.0,89,0
26.4,9.0,0.1,86,0
26.3,10.8,0.0,87,0
26.0,9.0,0.3,90,0
26.4,11.5,0.0,86,0
26.2,10.4,0.5,88,0
25.3,11.2,0.6,93,0
25.6,10.8,0.2,92,0
26.2,10.4,0.0,88,0
26.2,10.4,0.0,89,0
26.3,8.6,0.0,87,0
26.0,7.2,0.0,93,0
25.9,10.1,0.0,91,0
26.3,9.4,0.0,88,0
25.1,10.4,0.1,94,0
26.2,9.4,0.0,88,0
26.1,9.7,0.0,88,0
25.5,4.0,4.1,92,0
26.3,9.0,0.2,88,0
28.4,14.4,0.0,77,2
28.0,6.8,2.1,89,0
26.3,9.4,1.7,89,0
26.0,8.3,0.2,89,0
27.1,9.4,0.0,86,0
25.4,7.2,0.4,90,0
26.5,9.0,2.4,83,0
26.3,11.5,0.0,85,0
23.5,32.4,8.4,97,4
26.3,13.0,0.0,84,2
26.1,7.9,2.0,88,0
25.9,9.0,0.6,90,0
26.3,6.5,0.1,88,0
28.0,6.8,0.5,89,0
24.7,10.8,0.0,88,0
27.3,10.1,0.0,84,0
26.1,11.2,0.0,87,0
26.6,9.7,1.2,88,0
25.9,6.1,0.5,89,0
25.4,10.4,0.9,93,0
27.0,6.1,0.0,82,0
25.6,9.7,0.0,86,0
26.4,10.1,0.0,85,0
26.3,16.6,0.0,86,2
25.0,19.1,0.6,94,2
26.1,21.6,0.1,86,2
25.0,19.1,0.0,94,2
24.5,12.6,0.2,89,0
26.6,7.2,0.1,85,0
26.2,7.9,1.6,87,0
23.5,14.0,0.0,86,2
25.8,9.0,0.0,84,0
22.8,21.2,0.0,86,2
26.3,9.0,2.4,91,0
23.9,9.4,0.0,81,0
24.0,6.1,0.1,86,0
23.5,9.4,0.0,95,0
25.5,12.6,0.0,91,0
22.8,24.8,0.0,90,2
25.4,12.6,0.0,86,2
23.9,23.8,0.0,87,2
22.1,29.2,1.6,98,2
22.4,10.1,0.0,84,0
23.0,5.0,0.0,89,0
22.5,8.3,0.0,86,0
21.2,9.0,0.0,90,0
21.6,10.8,0.0,88,0
24.7,10.1,0.0,79,0
23.1,4.7,0.0,86,0
21.9,7.2,0.0,84,0
21.6,6.8,0.0,89,0
22.9,6.1,0.0,89,0
24.8,9.7,0.0,83,0
23.5,7.9,0.0,84,0
24.0,10.4,0.0,81,0
22.0,11.2,0.0,83,0
23.4,11.9,0.0,81,0
23.2,4.3,1.5,97,0
26.7,9.4,0.7,91,0
19.3,3.6,0.0,97,0
25.7,6.8,0.0,95,0
25.8,7.2,0.0,76,0
23.8,11.9,0.2,90,0
22.1,18.7,2.6,96,2
21.0,19.8,0.5,94,2
21.2,9.7,0.03,92,0
20.3,3.6,0.0,93,0
21.7,4.0,0.05,89,0
21.7,4.7,0.0,94,0
20.6,17.3,0.0,95,2
21.7,3.6,0.0,94,0
21.1,4.7,0.0,95,0
22.7,13.0,0.0,90,0
20.9,19.1,0.0,96,2
24.2,9.7,0.0,88,0
23.5,3.6,0.0,96,0
22.5,3.6,0.0,95,0
21.7,15.1,0.01,95,2
23.9,10.8,0.0,87,0
22.0,19.1,0.0,94,2
21.9,24.1,0.09,97,2
22.0,11.2,0.0,93,0
20.4,10.1,0.0,91,0
22.3,28.4,0.32,97,2
22.8,18.0,0.03,90,2
20.8,20.5,1.14,95,2
21.0,16.9,0.0,97,2
22.3,29.2,0.05,97,2
23.5,22.7,0.0,89,2
24.1,11.9,0.0,87,0
25.1,13.0,0.0,86,2
23.1,25.6,0.04,95,2
21.1,4.3,0.0,94,0
21.9,12.6,0.0,93,0
21.9,6.1,0.0,96,0
23.5,13.3,0.0,87,2
21.3,8.3,0.0,94,0
21.2,18.7,0.05,95,2
23.7,9.7,0.0,88,0
21.8,3.6,0.09,96,0
21.0,14.4,0.0,92,2
23.4,15.5,0.0,88,2
21.6,3.6,0.0,97,0
21.0,20.9,0.0,93,2
22.5,17.6,0.07,92,2
23.4,17.3,0.0,88,2
21.6,5.4,0.0,94,0
21.6,5.0,0.0,91,0
22.8,5.4,0.0,90,0
21.2,9.7,0.04,92,0
25.8,20.2,0.4,89,2
20.2,5.4,0.25,87,0
26.4,9.4,0.0,82,0
16.2,4.0,0.0,80,3
24.1,6.5,0.0,87,0
16.7,3.6,0.0,79,3
19.7,4.3,0.0,82,0
25.4,11.5,0.0,84,0
15.1,3.6,0.0,77,3
10.5,3.6,0.05,89,3
5.7,9.0,0.04,60,3
12.1,3.6,0.08,86,3
16.6,9.0,0.0,78,3
15.7,3.6,0.06,85,3
18.8,7.2,0.0,77,0
24.8,13.0,0.0,83,2
13.7,5.8,0.0,82,3
24.1,3.6,0.0,71,0
24.5,5.8,0.02,83,0
11.2,8.6,0.0,62,3
12.6,3.6,0.0,84,3
25.4,20.5,0.49,91,2
26.8,24.5,1.72,87,2
26.5,22.7,0.37,85,2
24.7,4.3,0.01,91,0
26.1,17.3,0.14,89,2
24.8,24.8,1.21,86,2
25.2,16.2,0.01,90,2
25.3,18.4,0.0,90,2
26.0,15.8,0.61,86,2
24.0,32.8,8.4,97,4
24.8,33.1,9.93,97,4
25.4,21.6,1.78,91,2
26.8,24.5,1.71,87,2
25.3,13.0,0.08,93,2
27.5,31.7,0.0,86,2
26.0,23.8,0.58,89,2
26.2,25.2,0.59,88,2
27.6,24.5,0.0,79,2
27.4,22.3,0.0,87,2
25.0,9.0,1.46,100,0
26.2,17.6,0.86,83,2
25.0,9.0,0.02,100,0
25.5,20.2,0.27,91,2
27.7,9.4,0.02,80,0
29.5,20.5,0.0,57,2
24.1,11.2,0.0,83,0
26.5,11.2,0.0,84,0
24.4,17.3,0.0,77,2
27.4,4.0,0.0,79,0
26.3,5.8,0.0,81,0
24.6,23.4,0.0,74,2
25.9,7.6,0.0,85,0
26.1,13.3,0.0,71,1
27.9,4.7,0.14,75,1
24.4,5.4,0.0,89,0
24.5,3.6,0.08,81,0
25.0,3.6,0.01,79,0
24.4,7.2,0.0,85,0
27.3,4.3,0.0,71,1
27.0,5.8,0.0,76,0
23.2,3.6,0.02,89,0
29.5,3.6,0.0,65,1
27.6,6.8,0.0,71,1
27.8,4.0,0.0,74,1
28.1,5.4,0.0,75,1
27.0,5.4,0.02,75,1
26.8,7.6,0.0,77,0
23.1,3.6,0.01,89,0
23.4,5.4,1.4,92,0
24.8,3.6,0.09,81,0
29.7,9.7,0.0,65,1
28.7,6.1,0.0,73,1
20.8,10.1,0.0,92,0
27.9,6.1,0.0,74,1
30.1,3.6,0.0,69,1
30.4,3.6,0.0,65,1
29.1,4.3,0.0,72,1
29.5,4.0,0.0,70,1
29.2,6.8,0.0,69,1
28.8,4.3,0.0,77,1
28.4,8.3,0.0,72,1
23.9,6.5,0.02,93,0
29.5,5.4,0.0,70,1
30.4,3.6,0.0,67,1
27.3,5.8,0.0,80,0
30.1,6.5,0.0,64,1
30.4,6.1,0.0,64,1
30.4,5.0,0.0,65,1
28.6,6.5,0.0,68,1
30.5,5.0,0.0,65,1
24.4,9.7,0.0,81,0
25.4,13.0,0.0,84,2
24.5,9.0,0.24,92,0
24.4,8.6,0.0,93,0
25.6,8.6,0.0,87,0
24.7,8.3,0.0,94,0
24.8,10.8,0.0,83,0
25.9,11.2,0.0,84,0
26.2,13.0,0.0,81,2
26.4,14.0,0.0,79,2
24.9,11.2,0.0,83,0
23.9,7.6,3.44,81,0
23.3,8.3,0.09,78,0
25.7,10.1,1.21,86,0
27.9,23.4,0.0,76,2
23.1,3.6,0.0,90,0
25.4,6.8,0.0,77,0
4.8,4.7,0.02,85,3
26.5,4.0,2.17,87,0
28.0,3.6,2.87,94,0
27.9,5.8,0.0,80,0
24.4,9.0,1.5,99,0
24.1,5.0,0.0,96,0
24.7,5.8,0.26,99,0
24.8,6.5,0.1,91,0
24.9,3.6,3.19,93,0
19.5,11.2,0.0,76,0
21.3,5.0,0.12,98,0
25.7,4.0,0.0,87,0
26.4,4.3,0.22,83,0
25.2,3.6,0.02,92,0
25.4,3.6,0.0,92,0
24.2,15.1,0.48,90,2
25.2,18.4,0.32,87,2
24.5,5.4,0.31,90,0
21.6,3.6,1.25,100,0
21.1,3.6,0.3,99,0
19.7,3.6,0.98,100,0
25.2,7.2,0.81,87,0
18.7,3.6,0.05,99,0
16.5,3.6,0.09,93,0
29.0,6.8,0.0,89,0
19.7,3.6,0.2,94,0
19.9,3.6,0.4,97,0
21.5,5.0,0.0,91,0
20.6,5.8,0.0,96,0
16.4,3.6,0.0,97,0
22.7,3.6,0.0,94,0
25.4,5.8,0.0,97,0
17.3,3.6,0.0,97,0
23.9,5.8,1.91,99,0
24.7,5.8,0.22,99,0
20.0,9.0,0.0,94,0
24.3,8.3,0.0,89,0
22.5,4.7,0.0,94,0
23.8,3.6,0.0,89,0
22.9,6.1,0.0,92,0
22.9,3.6,0.0,92,0
26.0,6.8,0.62,90,0
21.6,5.4,0.0,92,0
23.5,17.6,0.0,87,2
23.9,7.6,0.0,89,0
22.6,8.3,0.01,78,0
22.3,21.6,0.0,85,2
24.1,8.6,0.0,88,0
24.9,8.3,0.16,89,0
23.9,3.6,0.0,92,0
23.8,6.5,0.0,93,0
20.4,6.8,0.3,79,0
19.4,5.8,1.25,93,0
20.8,6.5,1.52,94,0
0.0,3.6,0.19,95,3
23.8,6.1,0.07,91,0
23.7,5.4,1.46,84,0
16.8,4.3,0.9,89,0
19.2,7.6,0.17,84,0
10.7,3.6,0.05,88,3
8.9,3.6,0.14,83,3
23.4,5.0,0.0,87,0
24.6,4.7,0.13,90,0
22.4,3.6,0.0,97,0
25.3,7.9,0.12,86,0
25.0,6.1,0.07,94,0
25.1,3.6,0.28,86,0
24.0,4.0,0.07,100,0
22.4,9.0,0.01,92,0
23.0,4.0,0.33,100,0
23.3,5.0,0.0,97,0
27.0,3.6,0.64,84,0
23.0,4.0,0.02,100,0
27.2,18.0,0.01,83,2
26.0,9.0,1.06,94,0
26.9,8.6,0.47,87,0
28.8,8.6,0.0,73,1
29.8,5.4,0.0,69,1
19.1,8.3,0.0,90,0
27.3,6.1,0.0,74,1
26.3,4.3,0.0,89,0
26.3,6.8,0.01,89,0
26.9,8.3,0.0,84,0
27.3,5.0,0.0,77,0
27.0,6.5,0.0,77,0
29.0,6.8,0.15,89,0
23.7,6.1,0.02,84,0
22.9,7.6,2.8,93,0
26.0,9.0,0.01,94,0
26.0,9.0,0.09,94,0
23.0,9.7,1.44,91,0
23.4,10.8,1.0,91,0
24.9,11.5,0.18,82,0
24.3,10.8,0.38,85,0
23.2,8.3,0.44,91,0
24.3,7.9,0.1,84,0
25.2,12.2,0.0,76,2
23.7,9.4,0.35,88,0
23.9,6.8,0.04,83,0
24.0,8.3,1.32,89,0
23.1,11.2,1.27,90,0
20.2,7.9,0.0,94,0
19.5,9.7,0.0,96,0
23.6,11.9,0.0,78,0
19.2,9.4,0.01,90,0
20.6,17.6,0.0,91,2
21.1,16.9,0.0,94,2
24.2,16.2,0.0,78,2
21.1,21.6,0.0,91,2
21.6,14.8,0.0,88,2
23.4,15.5,0.0,81,2
21.4,23.4,0.0,90,2
24.0,4.0,0.16,100,0
22.5,18.7,0.0,85,2
19.9,17.3,0.0,88,2
23.4,16.6,0.0,81,2
21.0,11.2,0.0,94,0
19.8,10.1,0.0,94,0
20.8,15.5,0.01,90,2
22.1,22.7,0.0,88,2
21.3,9.4,0.0,87,0
21.3,18.7,0.0,90,2
21.1,14.8,0.0,89,2
21.8,15.8,0.0,88,2
21.4,13.0,0.01,94,0
23.2,5.4,0.0,90,0
22.6,7.2,0.0,92,0
22.4,9.4,0.0,84,0
23.1,7.6,0.0,92,0
22.0,8.3,0.0,84,0
23.6,14.4,0.0,86,2
21.1,10.8,0.03,89,0
20.5,12.2,0.0,95,0
21.8,9.0,0.01,92,0
21.7,8.6,0.0,94,0
23.0,17.3,0.04,93,2
25.2,11.9,2.92,88,0
22.3,11.9,0.0,93,0
22.6,4.0,0.0,93,0
22.1,14.0,0.0,83,2
21.3,13.0,0.0,90,0
28.0,15.1,1.43,89,2
25.9,17.6,1.07,88,2
28.0,15.1,1.34,89,2
24.9,5.4,0.47,95,0
20.8,3.6,0.0,94,0
24.5,7.9,0.0,91,0
26.6,4.7,0.0,90,0
24.8,3.6,0.0,92,0
26.5,4.7,0.5,86,0
27.6,8.6,0.0,86,0
26.8,5.8,0.19,84,0
24.7,5.4,0.03,91,0
24.2,6.8,0.0,91,0
23.6,5.4,1.2,94,0
24.4,17.6,0.0,85,2
30.2,7.6,0.0,61,1
23.7,19.4,0.0,85,2
26.7,16.2,0.0,76,2
25.4,20.9,0.01,80,2
28.9,8.3,0.82,71,1
26.9,15.1,0.0,72,2
25.8,13.7,0.05,82,2
27.7,21.6,0.0,69,2
23.2,6.8,0.02,95,0
23.9,20.5,0.02,93,2
24.0,19.4,0.05,91,2
23.0,16.9,0.03,94,2
24.0,20.9,0.07,91,2
25.3,8.3,0.15,88,0
22.8,11.9,2.23,96,0
22.2,14.0,0.02,94,2
24.9,13.0,0.0,86,2
22.8,28.1,1.56,97,2
23.3,16.6,0.53,97,2
24.0,16.6,0.0,84,2
26.2,4.3,0.23,86,0
26.0,6.8,0.02,94,0
25.5,5.4,0.56,88,0
24.1,8.6,0.0,89,0
27.4,23.0,0.02,78,2
26.5,6.5,0.0,74,1
24.4,9.0,0.14,92,0
22.7,5.0,0.0,94,0
25.6,3.6,0.0,83,0
23.1,4.0,0.0,85,0
25.8,13.3,0.0,73,2
23.0,11.2,0.0,85,0
23.2,5.4,0.0,91,0
24.2,6.1,0.88,96,0
25.4,4.3,0.0,88,0
26.0,6.1,0.02,84,0
25.8,5.8,3.44,90,0
25.1,7.2,0.0,89,0
26.0,7.9,0.2,87,0
25.0,6.1,0.0,91,0
25.6,9.0,0.0,85,0
25.1,7.6,0.0,88,0
24.2,6.8,0.07,96,0
24.0,8.3,1.63,97,0
24.8,5.0,1.37,93,0
25.2,9.7,0.0,86,0
26.0,7.9,0.0,83,0
26.6,3.6,0.23,88,0
25.6,5.8,0.57,88,0
26.6,7.9,0.0,81,0
23.6,9.4,2.11,97,0
25.7,11.2,0.0,87,0
25.5,11.5,0.0,87,0
26.4,3.6,1.7,86,0
27.1,3.6,0.24,85,0
25.8,11.2,0.0,84,0
27.0,3.6,0.01,94,0
28.5,3.6,0.0,79,0
26.1,3.6,0.3,87,0
29.6,3.6,0.0,73,1
25.1,7.2,1.25,91,0
26.7,8.6,2.4,84,0
25.6,11.9,0.0,84,0
24.4,20.2,0.11,92,2
25.4,13.0,0.0,83,2
26.8,7.2,0.41,85,0
26.2,4.7,0.15,87,0
27.1,6.5,0.01,83,0
27.0,3.6,1.83,94,0
28.3,6.5,0.0,75,1
24.4,8.3,0.0,93,0
24.3,6.1,0.0,95,0
24.5,8.6,0.0,86,0
25.6,13.3,0.0,85,2
24.7,18.7,1.0,88,2
26.0,6.8,0.23,94,0
26.0,13.0,0.0,89,2
24.7,11.2,0.4,90,0
24.3,11.5,0.63,91,0
26.6,11.2,0.45,85,0
26.7,7.9,0.41,85,0
23.1,16.9,0.0,88,2
25.4,11.2,0.0,84,0
22.5,18.0,0.05,90,2
28.3,6.1,0.0,79,0
23.2,5.8,0.0,89,0
24.3,6.8,0.0,85,0
22.9,23.4,0.23,93,2
23.6,10.1,0.0,90,0
23.1,23.4,0.03,90,2
24.3,13.3,0.0,88,2
23.0,23.0,0.0,92,2
22.0,24.1,0.11,97,2
23.0,15.8,0.0,89,2
23.5,18.4,0.0,75,2
25.5,11.9,0.0,75,1
21.9,9.4,0.0,85,0
22.9,16.2,0.0,78,2
25.9,12.6,0.0,68,1
22.7,5.0,0.0,88,0
22.6,8.6,0.0,85,0
24.3,11.9,0.0,80,0
25.8,4.0,0.0,79,0
25.1,12.6,0.0,72,1
25.4,11.9,0.0,69,1
23.9,14.4,0.0,77,2
27.0,3.6,0.05,88,0
25.8,4.7,0.08,92,0
19.6,3.6,0.33,97,0
29.0,6.8,0.02,89,0
26.1,5.0,0.0,90,0
24.3,9.0,0.0,84,0
23.2,11.5,0.01,90,0
20.0,7.9,0.17,98,0
22.6,10.8,0.0,91,0
22.7,7.2,0.0,92,0
21.4,3.6,0.0,87,0
21.4,4.7,0.0,91,0
22.9,5.4,0.0,92,0
21.8,10.1,0.0,95,0
23.2,3.6,0.0,92,0
21.4,10.1,0.0,97,0
25.3,5.4,0.21,82,0
24.1,3.6,0.0,93,0
22.2,12.2,0.0,95,0
25.5,4.7,1.13,85,0
21.4,14.4,0.0,96,2
21.9,9.7,0.01,97,0
23.1,8.6,0.0,91,0
22.5,6.5,0.0,90,0
22.7,15.5,0.03,97,2
24.0,9.7,0.0,89,0
22.3,11.2,0.0,93,0
21.4,12.2,0.0,96,0
22.3,16.9,0.0,96,2
24.0,11.2,0.0,93,0
26.1,7.2,0.0,80,0
22.6,19.4,0.0,95,2
22.9,7.9,0.0,91,0
22.9,4.3,0.19,91,0
25.4,8.6,0.0,83,0
23.6,3.6,0.0,88,0
24.1,3.6,0.98,86,0
21.9,8.6,0.0,95,0
22.2,3.6,0.0,94,0
21.5,9.0,0.0,97,0
23.2,9.7,0.0,92,0
25.2,9.7,0.0,84,0
22.1,6.5,0.0,94,0
22.3,3.6,0.0,89,0
25.8,17.3,1.55,93,2
18.7,5.8,0.0,87,0
27.2,3.6,0.05,77,0
15.4,9.0,0.0,70,3
24.3,4.0,0.89,88,0
15.7,5.8,0.0,73,3
17.2,5.4,0.0,84,0
27.6,8.3,0.17,78,0
23.4,3.6,0.0,70,0
14.3,3.6,0.02,83,3
10.0,3.6,0.0,86,3
5.6,9.0,0.22,60,3
12.0,3.6,0.29,88,3
16.6,8.6,0.0,77,3
15.1,3.6,0.23,88,3
19.1,6.8,0.0,75,0
27.3,9.0,0.0,77,1
13.2,7.2,0.66,81,3
23.3,3.6,0.0,70,0
23.7,5.0,0.0,69,1
11.5,10.1,0.1,60,3
12.8,4.3,0.0,84,3
24.6,17.6,0.31,94,2
26.2,20.5,1.15,91,2
26.3,15.1,0.04,81,2
25.6,15.1,0.01,95,2
27.0,3.6,0.31,94,0
25.7,16.2,1.75,89,2
25.3,13.0,0.06,92,2
25.4,15.5,0.0,86,2
25.3,19.1,2.06,90,2
24.6,12.2,1.01,96,0
25.0,10.8,3.1,95,0
24.6,14.4,0.01,95,2
26.2,20.5,1.17,91,2
24.7,11.2,0.01,96,0
27.8,23.4,0.0,86,2
25.3,19.4,0.51,92,2
25.5,19.4,0.52,91,2
27.3,25.6,0.44,86,2
27.4,17.6,0.19,87,2
25.0,11.2,0.12,100,0
26.4,22.0,1.72,88,2
25.0,11.2,0.06,100,0
24.9,18.0,0.57,93,2
26.2,11.5,0.08,87,0
26.3,6.5,0.06,84,0
26.9,6.5,0.21,82,0
29.5,13.7,0.0,60,1
24.8,10.1,0.0,81,0
25.9,8.3,0.0,86,0
24.7,15.1,0.0,75,2
25.4,7.6,1.39,86,0
25.6,4.7,0.0,86,0
24.5,24.8,0.0,73,2
25.1,6.8,0.81,88,0
26.8,15.1,0.0,65,1
25.7,6.8,0.57,88,0
24.8,3.6,0.59,90,0
23.8,4.7,0.0,84,0
26.1,5.0,0.0,70,1
24.0,3.6,0.0,89,0
24.2,6.8,0.0,80,0
26.3,3.6,0.74,73,0
25.2,3.6,0.0,82,0
26.2,3.6,0.0,81,0
22.8,7.9,0.0,78,0
26.3,6.5,0.0,88,0
25.9,7.9,0.19,86,0
26.0,3.6,0.0,85,0
25.4,5.0,0.05,91,0
24.7,6.1,0.08,85,0
26.2,6.5,0.0,83,0
22.4,7.6,0.0,80,0
23.8,5.0,0.0,84,0
29.0,3.6,0.0,94,0
26.5,8.3,0.0,86,0
26.5,8.3,0.0,89,0
21.9,14.0,0.0,87,2
28.3,6.1,0.03,75,1
26.4,7.6,0.0,87,0
29.5,9.7,0.07,71,1
27.1,9.4,0.0,80,0
28.7,9.4,0.0,74,1
28.9,10.1,0.0,72,1
27.6,10.1,0.0,81,0
29.1,9.0,0.0,72,1
27.4,9.4,0.0,83,0
23.9,7.2,0.0,91,0
27.6,11.2,0.49,79,0
29.0,3.6,0.47,94,0
28.2,5.4,0.0,71,1
27.1,8.3,0.0,77,0
27.2,8.3,0.0,76,1
27.8,10.1,0.0,75,1
26.5,6.5,0.02,82,0
26.5,8.6,0.0,86,0
23.8,8.6,1.25,90,0
27.4,11.5,0.02,76,1
24.5,10.4,0.06,92,0
24.1,9.4,0.0,94,0
25.4,10.1,0.07,88,0
25.9,13.0,1.52,83,2
26.2,6.1,0.63,84,0
26.8,16.2,0.28,80,2
26.4,9.0,0.01,80,0
26.6,9.7,0.0,82,0
23.7,9.7,3.14,92,0
22.8,6.1,0.89,83,0
25.7,10.1,1.15,86,0
27.5,14.4,0.38,79,2
22.8,4.7,0.0,86,0
26.2,9.7,0.0,74,1
10.6,6.5,0.0,86,3
25.7,5.8,0.0,90,0
27.0,3.6,0.11,94,0
26.6,6.8,0.0,88,0
24.5,3.6,0.51,98,0
24.8,4.7,0.0,90,0
23.9,3.6,0.04,97,0
24.8,5.8,0.02,91,0
26.1,5.4,0.0,87,0
19.2,10.4,0.0,75,0
20.3,5.8,0.15,97,0
24.8,3.6,0.41,92,0
25.2,6.8,0.0,87,0
24.7,4.0,2.13,92,0
25.1,4.7,0.26,86,0
24.1,6.1,0.45,88,0
24.1,25.9,0.98,91,2
24.0,5.8,0.0,92,0
21.1,3.6,3.16,100,0
21.2,3.6,4.12,100,0
20.4,3.6,1.79,100,0
25.1,7.2,1.07,89,0
16.0,4.7,0.0,98,0
27.0,9.0,0.2,89,0
19.9,3.6,0.18,98,0
19.7,3.6,0.01,98,0
24.0,3.6,0.02,85,0
20.8,5.0,0.13,89,0
16.8,3.6,0.01,97,0
22.5,3.6,0.0,88,0
27.5,5.0,0.08,93,0
17.4,3.6,0.01,97,0
24.0,5.4,5.22,99,4
24.2,3.6,0.03,97,0
21.5,4.3,0.0,93,0
23.6,6.8,2.32,94,0
22.4,4.7,0.0,95,0
23.6,3.6,0.0,93,0
23.1,8.3,0.0,92,0
26.3,7.2,0.0,86,0
21.7,6.5,0.0,93,0
24.4,8.6,0.0,92,0
24.3,7.2,0.0,88,0
23.8,6.1,0.73,82,0
22.4,24.1,0.0,83,2
24.2,9.0,0.12,90,0
24.1,5.0,1.95,90,0
23.9,4.0,0.0,89,0
19.7,6.8,0.0,87,0
19.3,5.8,0.06,89,0
20.8,6.8,0.0,90,0
-1.0,7.2,0.0,80,3
23.0,5.0,1.86,88,0
22.7,6.5,0.48,89,0
16.3,5.0,0.0,92,3
17.4,7.6,0.0,89,0
10.0,3.6,0.14,89,3
9.2,3.6,0.08,90,3
22.8,3.6,0.0,88,0
24.2,5.0,0.0,91,0
22.3,3.6,0.02,96,0
25.0,3.6,0.79,86,0
24.0,6.1,0.42,100,0
24.8,9.7,1.89,90,0
25.0,6.8,0.08,94,0
22.5,7.2,0.87,93,0
23.0,6.8,0.0,100,0
23.6,3.6,0.01,95,0
25.0,15.1,0.0,83,2
26.0,6.8,1.67,89,0
27.9,18.0,0.03,77,2
27.0,6.1,0.16,89,0
26.0,10.4,0.62,91,0
26.3,9.4,0.0,90,0
27.0,9.0,0.13,89,0
26.1,8.3,1.73,92,0
28.0,3.6,0.38,89,0
25.6,8.3,0.85,91,0
27.0,9.0,0.19,89,0
25.9,6.8,0.0,90,0
25.5,7.6,0.0,88,0
24.6,3.6,1.28,90,0
25.8,7.6,0.03,86,0
27.0,9.0,0.06,89,0
23.3,5.0,0.0,69,1
24.0,9.7,1.91,93,0
25.0,6.8,2.6,94,0
25.0,6.8,0.55,94,0
24.5,8.6,1.39,91,0
24.2,10.8,0.03,94,0
25.3,12.6,0.06,89,2
25.0,6.8,2.96,94,0
25.4,18.0,0.48,89,2
24.2,5.4,0.92,92,0
24.2,6.1,1.16,91,0
24.9,13.7,0.04,92,2
24.6,11.2,1.23,94,0
24.1,3.6,0.35,84,0
24.9,10.8,1.74,89,0
25.8,13.3,0.0,85,2
24.3,7.6,1.16,94,0
20.9,9.0,0.0,90,0
20.3,9.0,0.0,91,0
24.1,16.2,0.0,76,2
18.5,8.3,0.01,95,0
20.2,19.8,0.0,92,2
20.5,13.3,0.0,97,0
24.8,17.3,0.0,75,2
20.8,18.4,0.0,94,2
22.4,17.3,0.0,85,2
24.0,19.8,0.0,77,2
21.1,19.4,0.0,93,2
25.0,6.8,0.02,94,0
19.6,17.6,0.0,89,2
19.1,8.3,0.0,98,0
23.5,19.8,0.0,79,2
19.5,10.1,0.0,94,0
19.4,9.7,0.0,98,0
22.5,23.8,0.0,87,2
22.9,10.4,0.0,84,0
22.1,17.6,0.0,84,2
21.9,16.9,0.0,86,2
23.8,20.9,0.0,79,2
22.4,18.0,0.0,84,2
20.3,7.9,0.0,97,0
24.0,8.6,0.0,84,0
23.5,9.7,0.0,81,0
25.0,9.7,0.0,82,0
23.1,10.4,0.0,83,0
23.7,15.5,0.0,84,2
20.6,7.2,0.01,93,0
20.5,10.8,0.0,94,0
21.6,8.3,0.0,93,0
23.4,8.3,0.0,88,0
23.2,7.9,0.0,89,0
25.0,10.1,1.34,88,0
23.0,11.2,0.0,90,0
23.7,5.0,0.0,85,0
23.5,3.6,0.0,88,0
23.0,15.8,0.0,79,2
22.5,11.9,0.0,84,0
27.0,6.8,0.29,100,0
26.0,19.8,1.49,87,2
27.0,6.8,0.76,100,0
24.4,6.1,0.0,93,0
20.2,3.6,0.0,96,0
24.3,5.4,0.0,87,0
24.9,9.0,0.0,89,0
25.9,10.1,0.31,89,0
24.5,3.6,0.0,88,0
25.9,6.5,0.0,86,0
27.2,11.2,0.92,83,0
26.1,6.5,0.0,84,0
26.4,7.6,0.55,85,0
24.4,4.7,0.0,87,0
22.2,6.1,0.0,93,0
25.7,13.3,0.0,83,2
28.9,20.2,0.0,65,2
24.2,19.1,0.0,90,2
25.5,16.9,0.85,90,2
25.2,16.2,0.02,89,2
27.4,7.2,1.4,80,0
26.4,13.0,0.27,83,2
26.0,6.1,0.96,94,0
26.2,16.9,0.0,82,2
27.0,22.0,0.08,82,2
23.3,16.6,0.0,93,2
24.4,10.1,0.0,93,0
23.5,8.6,0.0,94,0
23.5,10.4,0.0,93,0
25.1,11.5,0.0,89,0
22.7,15.5,0.06,98,2
23.5,19.1,0.0,90,2
25.9,8.3,0.0,83,0
22.8,15.5,0.06,98,2
23.3,16.2,0.02,96,2
24.8,14.8,0.0,85,2
24.6,7.6,0.21,93,0
24.2,11.2,0.0,87,0
25.8,7.2,0.11,83,0
24.6,3.6,0.16,87,0
24.0,15.1,0.0,83,2
24.7,3.6,0.0,89,0
22.6,4.0,0.0,89,0
22.6,10.4,0.0,88,0
22.7,3.6,0.0,93,0
25.6,8.6,0.63,89,0
25.6,8.3,0.3,88,0
26.5,8.3,1.22,83,0
25.9,7.9,0.0,89,0
26.0,3.6,0.02,84,0
26.6,3.6,0.0,81,0
25.1,6.5,0.05,90,0
26.5,8.6,0.0,78,0
26.6,4.7,0.03,79,0
24.0,8.6,2.42,95,0
28.0,9.0,0.0,89,0
25.3,9.4,0.87,90,0
25.7,9.0,0.06,89,0
26.2,8.3,0.0,81,0
26.9,7.9,0.0,76,1
27.2,4.3,0.0,79,0
25.7,9.4,0.02,93,0
26.1,5.8,0.0,85,0
27.2,7.2,0.0,80,0
26.7,7.9,0.0,80,0
26.5,7.6,0.0,81,0
26.7,7.2,0.0,85,0
26.7,9.4,0.0,84,0
26.2,15.5,0.37,81,2
26.5,7.6,0.0,87,0
29.1,9.4,0.0,71,1
25.3,9.4,0.0,85,0
27.4,4.0,0.0,77,0
27.6,8.6,0.05,77,1
23.8,16.9,0.01,96,2
27.7,8.6,0.16,76,1
28.9,5.4,0.0,72,1
26.4,7.6,0.0,86,0
28.9,6.5,0.0,73,1
25.7,7.9,0.05,88,0
28.3,7.9,0.0,77,1
27.0,3.6,0.34,94,0
23.7,8.3,0.26,96,0
28.8,9.4,0.0,75,1
27.1,3.6,1.12,79,0
28.0,9.0,0.01,89,0
24.1,8.6,0.37,94,0
28.7,5.4,0.0,71,1
23.8,7.6,2.42,92,0
27.5,8.6,0.0,76,1
27.0,7.6,0.0,77,0
24.1,25.9,1.42,92,2
24.5,3.6,0.26,85,0
23.9,12.2,0.86,92,0
27.0,3.6,0.24,80,0
28.9,4.0,0.0,72,1
24.9,9.7,0.0,84,0
25.9,12.6,0.03,89,2
24.0,9.4,0.0,89,0
29.1,8.3,0.0,73,1
22.1,8.6,0.0,89,0
24.2,3.6,0.0,88,0
22.9,13.0,0.0,86,2
22.7,10.8,0.0,95,0
25.4,5.8,0.01,88,0
23.7,12.2,0.0,93,0
26.0,8.6,0.0,80,0
24.6,6.5,0.0,94,0
22.1,10.4,0.01,97,0
24.4,9.7,0.0,91,0
24.2,16.9,0.0,77,2
25.0,4.0,0.0,81,0
24.5,11.9,0.0,80,0
22.7,11.9,0.0,87,0
23.1,15.1,0.0,83,2
25.5,11.5,0.0,74,1
24.9,4.7,0.0,79,0
23.6,10.8,0.0,83,0
23.6,9.0,0.0,82,0
25.0,5.8,0.0,81,0
24.8,9.0,0.03,87,0
24.5,10.1,0.0,84,0
25.3,11.2,0.0,79,0
23.7,11.9,0.0,79,0
25.3,3.6,0.02,77,0
26.0,10.4,0.26,93,0
24.5,4.0,0.81,91,0
19.8,3.6,0.01,98,0
27.0,9.0,0.09,89,0
25.7,9.4,0.01,90,0
25.0,9.0,0.0,81,0
23.7,10.8,0.18,92,0
20.4,8.3,0.0,96,0
23.9,6.5,0.0,89,0
23.9,3.6,0.0,88,0
22.5,7.2,0.09,90,0
22.5,3.6,0.0,92,0
23.4,5.0,0.69,94,0
23.1,5.0,0.1,94,0
23.7,3.6,0.0,90,0
24.5,4.0,0.0,88,0
26.0,3.6,0.0,80,0
22.4,6.5,0.0,97,0
26.2,6.1,0.0,79,0
21.5,5.4,0.0,92,0
24.1,5.8,0.2,93,0
22.9,10.8,0.0,92,0
26.6,5.4,0.08,81,0
22.1,6.1,0.0,96,0
22.3,6.5,0.0,97,0
23.9,6.1,0.0,93,0
23.8,4.7,0.13,89,0
22.5,10.1,0.0,98,0
26.0,7.9,0.52,81,0
23.4,7.2,0.0,92,0
22.4,10.1,0.0,96,0
24.8,8.3,0.11,94,0
27.8,3.6,0.0,70,1
29.4,4.7,0.0,70,1
23.0,13.3,0.0,93,2
23.0,8.6,0.0,92,0
23.8,4.3,0.0,92,0
23.0,3.6,0.0,92,0
24.3,3.6,0.19,89,0
22.5,4.7,0.0,97,0
26.0,6.8,0.09,94,0
24.6,5.4,0.0,83,0
23.3,4.3,0.01,92,0
26.2,4.3,0.0,81,0
23.0,3.6,0.0,93,0
22.7,7.2,0.0,96,0
24.6,7.6,0.02,88,0
27.5,7.9,0.0,76,1
23.7,3.6,0.0,92,0
22.4,3.6,0.0,90,0
23.5,4.7,0.0,88,0
26.0,11.9,0.44,92,0
16.4,5.8,0.05,89,3
16.1,4.7,0.0,79,3
25.6,7.6,0.0,80,0
16.2,4.7,0.0,78,3
17.8,6.1,0.0,83,0
28.7,6.8,0.0,72,1
24.0,3.6,0.19,84,0
14.7,3.6,0.02,82,3
10.5,3.6,0.0,82,3
4.8,7.9,0.02,54,3
12.1,3.6,0.0,81,3
16.9,7.9,0.0,81,3
15.3,3.6,0.0,81,3
18.8,8.3,0.0,79,0
29.1,3.6,0.42,72,1
14.0,6.8,0.0,78,3
23.5,3.6,0.21,85,0
23.6,3.6,0.01,88,0
10.2,9.0,0.0,67,3
13.4,4.7,0.0,84,3
24.8,15.5,0.01,94,2
27.0,14.8,0.16,88,2
26.5,15.8,0.01,83,2
24.6,4.7,1.22,93,0
25.7,15.5,0.0,93,2
25.9,16.6,0.0,87,2
25.5,14.0,0.05,90,2
25.6,11.9,0.0,85,0
25.4,20.2,0.0,91,2
25.4,13.3,0.39,92,2
25.9,15.1,0.51,89,2
25.1,15.8,0.01,93,2
26.9,14.8,0.18,88,2
27.6,31.0,1.37,86,2
25.4,17.6,0.05,92,2
25.6,18.7,0.1,91,2
26.8,23.8,0.09,83,2
27.5,19.4,0.0,85,2
26.0,11.2,0.17,94,0
26.0,19.8,0.03,87,2
26.0,11.2,0.12,94,0
25.0,15.5,0.04,93,2
26.8,11.2,0.11,88,0
27.4,9.0,0.01,79,0
27.9,11.2,0.05,79,1
28.3,11.9,0.04,63,1
25.6,10.1,0.0,74,1
27.1,7.2,0.91,83,0
25.0,16.6,0.0,75,2
26.4,5.8,0.52,85,0
26.4,5.0,0.06,83,0
24.9,23.4,0.0,72,2
24.7,7.9,2.76,94,0
25.4,11.5,0.0,78,0
24.8,10.1,0.08,96,0
24.5,6.1,0.0,96,0
24.0,7.9,0.0,91,0
23.8,3.6,0.0,93,0
24.0,9.0,0.22,89,0
22.8,6.5,0.09,98,0
24.1,7.9,0.01,94,0
24.1,10.1,0.74,97,0
22.2,8.3,0.0,95,0
25.6,8.3,0.0,92,0
25.2,6.5,0.01,91,0
24.7,11.2,0.19,96,0
24.9,7.2,0.01,95,0
23.7,5.8,0.18,97,0
24.4,7.2,0.23,96,0
22.0,9.0,0.0,95,0
23.9,4.3,0.0,91,0
24.0,9.0,0.28,89,0
26.5,8.6,0.0,84,0
25.7,9.0,0.0,90,0
25.9,10.8,0.0,89,0
25.7,10.4,0.0,89,0
22.5,7.2,0.0,89,0
25.6,13.0,0.0,91,2
26.5,9.0,0.0,83,0
26.7,9.4,0.0,82,0
26.1,9.0,0.0,88,0
26.4,7.6,0.0,84,0
26.1,10.1,0.0,89,0
29.0,11.2,0.0,100,0
23.6,4.7,0.01,93,0
26.4,10.4,0.0,86,0
25.7,6.5,0.0,84,0
26.3,10.4,0.0,86,0
25.8,10.8,0.0,90,0
28.9,5.8,0.0,67,1
24.5,8.3,0.72,90,0
27.7,3.6,0.18,75,1
29.6,5.8,0.0,63,1
28.7,6.5,0.0,67,1
26.9,8.6,0.14,80,0
28.4,6.1,0.43,73,1
26.6,8.6,0.53,79,0
27.6,7.9,0.0,72,1
27.1,9.0,0.93,79,0
27.8,7.6,0.0,71,1
27.9,8.6,0.04,72,1
29.1,5.0,0.01,66,1
28.8,9.4,0.0,69,1
28.4,8.3,0.0,68,1
28.2,6.1,0.0,69,1
25.1,9.4,0.03,86,0
24.9,5.8,1.15,80,0
25.8,9.0,0.26,84,0
27.6,8.3,0.0,75,1
23.0,8.3,0.0,90,0
26.0,7.9,0.0,74,1
9.5,6.1,0.0,92,3
24.9,6.8,0.59,94,0
25.0,3.6,1.06,94,0
25.0,12.2,0.97,93,0
24.1,7.9,0.17,97,0
23.2,4.3,0.09,98,0
23.5,7.2,2.65,99,0
23.6,5.4,0.31,93,0
26.3,9.4,0.0,84,0
19.7,4.7,0.0,83,0
20.8,5.4,0.19,97,0
23.9,6.8,0.14,97,0
24.1,9.7,0.03,96,0
23.6,6.5,2.66,98,0
23.2,5.0,1.61,98,0
26.1,16.6,0.19,86,2
26.2,23.8,0.0,82,2
24.5,6.1,0.0,91,0
20.3,4.3,0.45,99,0
20.9,3.6,0.19,100,0
25.2,7.6,0.23,86,0
19.2,3.6,1.75,100,0
15.8,3.6,0.21,99,0
27.0,11.2,0.05,89,0
19.7,3.6,2.92,100,0
20.7,3.6,1.88,99,0
23.5,3.6,1.61,99,0
21.1,3.6,2.08,100,0
17.8,3.6,0.03,99,0
23.3,4.3,0.29,99,0
28.0,3.6,1.79,100,0
18.6,3.6,0.02,100,0
24.2,6.5,0.26,97,0
23.8,7.2,2.21,99,0
22.3,7.9,0.03,93,0
25.4,8.6,0.0,82,0
23.1,5.8,0.0,96,0
24.3,4.0,0.29,96,0
23.5,8.6,0.95,95,0
22.9,8.3,0.0,93,0
25.8,9.7,0.0,87,0
22.5,7.6,0.21,93,0
25.8,7.6,0.0,85,0
24.9,7.9,0.0,89,0
23.9,5.8,1.18,80,0
22.6,24.1,0.0,84,2
24.8,8.6,0.0,89,0
25.2,6.1,0.0,85,0
24.3,7.2,0.0,89,0
24.6,4.7,0.0,89,0
20.3,7.6,0.35,86,0
18.8,6.5,0.05,90,0
20.8,7.9,0.0,88,0
-0.1,4.0,0.04,89,3
24.3,6.1,0.02,83,0
23.5,6.1,0.01,84,0
16.6,5.8,0.0,94,0
17.4,7.9,0.85,89,0
10.0,3.6,0.05,93,3
9.0,3.6,0.06,91,3
22.9,6.8,0.0,91,0
24.6,5.0,0.0,90,0
22.7,3.6,0.0,97,0
26.0,5.0,0.03,82,0
25.0,4.0,0.25,94,0
25.4,6.1,0.36,87,0
24.0,6.8,0.73,94,0
21.9,9.4,0.0,92,0
24.0,4.0,0.02,94,0
24.0,4.0,0.0,94,0
27.6,17.3,0.18,77,2
26.0,6.8,0.77,94,0
25.2,15.5,0.03,96,2
25.4,12.6,0.25,95,0
25.4,11.9,0.62,93,0
16.6,5.4,0.0,86,3
25.1,9.4,0.2,90,0
25.3,12.6,0.03,97,0
25.0,13.7,0.0,98,2
24.9,12.6,0.01,98,0
24.3,9.7,0.05,97,0
23.8,9.0,0.23,94,0
25.1,7.2,1.01,86,0
26.0,6.1,1.07,94,0
26.0,6.1,1.17,94,0
25.2,7.2,1.23,87,0
24.7,6.5,1.17,89,0
24.9,10.4,1.06,90,0
26.0,6.1,0.44,94,0
26.1,9.7,0.0,84,0
26.0,5.0,1.56,81,0
25.3,4.7,2.43,83,0
25.1,10.8,0.08,91,0
25.9,5.0,0.78,86,0
25.5,5.0,0.06,75,0
25.0,11.9,0.32,90,0
24.7,8.6,1.09,90,0
21.1,10.1,0.0,89,0
20.5,11.2,0.0,91,0
24.2,14.0,0.0,76,2
18.8,7.6,0.0,94,0
20.4,20.9,0.0,92,2
20.6,13.0,0.0,96,0
24.9,16.9,0.0,76,2
20.5,17.6,0.0,95,2
22.7,16.2,0.0,88,2
24.5,19.1,0.0,77,2
21.3,20.5,0.0,92,2
24.0,6.8,0.03,94,0
22.6,19.4,0.0,85,2
19.5,16.9,0.0,90,2
19.4,8.6,0.0,97,0
23.7,15.8,0.0,78,2
20.2,10.1,0.0,94,0
20.5,12.6,0.01,92,0
22.0,24.1,0.0,87,2
23.4,10.4,0.0,85,0
22.1,16.9,0.0,87,2
22.7,14.4,0.0,87,2
24.3,19.1,0.0,78,2
23.1,14.4,0.0,85,2
21.0,8.6,0.01,97,0
24.8,6.5,0.0,87,0
24.6,11.9,0.0,89,0
24.5,11.5,0.0,83,0
25.0,7.9,0.0,88,0
24.1,9.7,0.06,87,0
23.9,4.3,0.0,88,0
20.6,6.8,0.01,94,0
20.9,11.9,0.0,94,0
21.6,7.2,0.01,91,0
23.3,6.5,0.0,91,0
25.3,11.5,2.07,89,0
26.0,3.6,0.97,89,0
23.8,6.1,0.0,90,0
24.2,10.4,0.0,90,0
23.7,6.1,0.27,93,0
23.3,10.8,0.0,85,0
23.1,9.0,0.0,84,0
27.0,16.9,0.44,100,2
26.1,15.5,1.52,89,2
27.0,16.9,1.66,100,2
26.0,3.6,0.37,89,0
24.5,5.0,1.35,97,0
20.5,5.4,1.14,98,0
24.7,7.2,0.27,92,0
24.7,8.6,0.38,95,0
25.7,9.4,0.0,94,0
24.7,5.8,0.02,91,0
26.0,6.8,0.48,94,0
26.4,4.7,0.99,87,0
27.5,9.7,1.06,84,0
26.9,4.0,0.64,85,0
24.8,9.0,0.0,90,0
26.5,7.6,0.0,89,0
24.5,8.6,0.0,90,0
22.4,4.3,0.7,93,0
26.9,9.4,0.68,75,1
29.1,16.9,0.0,70,2
25.4,10.1,0.53,84,0
28.3,10.1,0.0,72,1
26.1,12.2,0.0,83,2
26.0,24.1,0.02,89,2
26.4,14.4,2.33,81,2
27.6,11.9,0.18,75,1
28.3,13.7,0.0,75,2
23.0,9.0,0.0,98,0
25.3,9.0,0.97,90,0
24.3,6.1,0.0,92,0
24.4,7.9,0.0,92,0
26.1,10.1,0.0,83,0
22.6,14.0,0.02,97,2
24.1,9.4,0.0,92,0
23.3,10.1,0.01,97,0
23.0,10.8,0.0,98,0
25.6,9.7,0.7,81,0
25.3,8.3,0.0,88,0
26.0,5.4,0.0,84,0
26.0,10.1,0.0,74,1
26.1,7.9,0.48,81,0
26.7,7.6,0.0,71,1
25.9,10.1,0.0,86,0
25.4,6.1,0.0,84,0
24.2,3.6,0.0,86,0
25.4,12.6,0.0,80,2
23.5,11.5,0.0,79,0
22.6,3.6,0.0,90,0
25.7,8.3,0.14,88,0
27.3,9.0,0.0,79,0
27.3,6.5,0.0,78,0
26.2,8.3,0.0,84,0
28.2,8.3,0.1,74,1
27.1,8.3,0.0,81,0
28.0,8.6,0.58,76,1
28.2,5.4,0.31,74,1
28.4,6.1,0.0,71,1
25.9,9.4,0.22,85,0
25.0,7.6,0.13,91,0
26.3,7.2,0.18,84,0
27.7,4.7,0.0,75,1
28.2,7.6,0.07,76,1
27.9,9.0,0.0,77,1
25.7,18.7,0.0,95,2
26.2,9.4,0.3,85,0
28.2,8.3,0.28,76,1
25.1,7.6,0.07,86,0
29.1,5.4,0.0,73,1
29.0,6.1,0.0,73,1
27.5,10.1,0.0,77,1
25.8,9.0,0.0,88,0
27.6,9.4,0.0,73,1
26.9,10.8,0.0,82,0
26.4,10.4,0.0,82,0
26.8,8.6,0.0,81,0
25.2,6.5,0.09,91,0
26.3,9.0,0.48,84,0
28.4,4.7,0.0,73,1
23.8,15.8,0.0,95,2
29.2,3.6,0.07,71,1
26.1,9.7,0.13,87,0
26.7,9.4,0.77,83,0
27.4,5.4,0.69,78,0
26.3,9.7,0.0,88,0
26.1,7.9,0.96,84,0
26.5,9.4,0.0,83,0
28.1,9.7,0.0,75,1
29.5,6.5,0.0,66,1
26.0,8.3,1.03,84,0
24.5,7.6,0.43,89,0
29.0,5.0,0.01,70,1
29.1,4.7,0.0,68,1
25.5,23.8,0.0,84,2
28.0,11.2,0.02,89,0
26.5,16.2,0.04,86,2
24.2,11.2,0.01,90,0
27.4,9.4,0.0,76,1
26.1,9.4,0.07,87,0
27.4,7.9,0.0,76,1
29.3,4.3,0.0,73,1
26.2,7.6,0.58,82,0
26.4,8.6,0.0,86,0
22.8,4.7,0.0,80,0
24.5,3.6,0.0,87,0
24.0,8.6,0.0,94,0
26.7,5.0,0.0,78,0
24.8,8.6,0.0,93,0
28.1,3.6,0.0,72,1
25.2,4.7,2.07,92,0
22.6,6.5,0.0,97,0
26.1,8.3,0.0,81,0
24.8,15.1,0.0,80,2
24.8,5.0,0.56,88,0
24.3,8.6,0.69,84,0
23.2,10.1,0.4,90,0
23.8,13.7,0.0,85,2
25.2,10.4,0.0,78,0
24.1,5.8,0.0,85,0
23.0,7.6,0.82,90,0
23.8,7.2,0.0,88,0
24.1,6.1,0.63,90,0
25.1,7.6,1.4,89,0
24.8,7.6,0.61,83,0
25.6,9.0,0.0,80,0
25.0,19.1,0.18,89,2
25.0,19.1,0.0,89,2
24.2,13.0,0.02,82,2
23.1,3.6,1.97,99,0
25.6,16.6,0.9,96,2
24.2,5.0,0.12,96,0
20.0,3.6,3.05,99,0
25.0,6.8,1.06,94,0
30.3,5.8,0.0,60,1
27.0,13.0,0.0,89,2
30.9,5.8,0.0,59,1
25.1,13.0,0.11,97,2
28.9,7.6,0.0,70,1
26.8,9.0,0.0,70,1
22.6,10.8,0.0,90,0
25.9,5.0,0.0,94,0
25.2,10.1,0.71,83,0
24.3,7.9,0.27,89,0
22.6,9.0,0.01,91,0
22.7,3.6,0.01,92,0
24.1,5.4,0.8,90,0
24.2,8.3,0.0,88,0
23.7,3.6,0.0,91,0
24.7,5.0,0.01,87,0
26.2,5.4,1.53,84,0
23.0,6.8,0.02,94,0
25.5,9.0,0.02,88,0
20.5,7.6,0.0,97,0
23.7,6.1,0.42,96,0
23.5,8.3,0.0,93,0
25.8,6.5,0.02,86,0
22.9,9.4,0.0,97,0
24.7,9.0,0.0,89,0
24.2,6.5,0.01,86,0
23.1,10.4,0.0,97,0
26.9,7.6,0.03,82,0
25.1,8.3,0.23,83,0
23.2,11.9,0.0,96,0
26.9,5.4,0.0,81,0
28.8,7.2,0.0,71,1
29.8,3.6,0.04,68,1
23.2,9.4,0.0,95,0
22.9,10.1,0.3,92,0
24.5,9.7,0.0,91,0
22.7,3.6,0.69,94,0
28.1,7.2,0.0,73,1
25.3,4.7,0.02,86,0
26.0,6.1,0.04,94,0
24.3,8.6,0.0,92,0
24.1,7.9,0.0,88,0
27.2,7.9,0.0,75,1
23.1,5.4,0.38,94,0
23.7,10.1,0.03,92,0
25.9,7.6,0.04,84,0
28.0,9.0,0.89,77,0
24.4,3.6,1.0,87,0
22.1,6.8,0.0,95,0
23.1,4.3,0.03,94,0
24.3,7.9,0.31,88,0
25.9,7.6,0.07,94,0
14.3,7.2,0.0,89,3
25.9,7.6,0.0,86,0
14.8,11.2,0.09,80,3
24.0,4.3,0.53,96,0
15.3,7.9,0.02,77,3
17.0,7.9,0.0,85,0
28.9,7.2,0.0,75,1
24.9,5.8,0.02,81,0
14.4,3.6,0.08,82,3
10.2,4.3,0.0,81,3
4.1,9.7,0.01,57,3
12.6,3.6,0.15,74,3
17.2,6.5,0.04,82,3
15.1,3.6,0.15,75,3
19.3,4.7,0.12,83,0
29.8,5.4,0.0,71,1
13.6,5.8,0.0,87,3
24.4,5.4,0.03,80,0
24.2,7.2,0.04,78,0
9.5,10.1,0.0,66,3
12.9,3.6,0.0,87,3
24.7,10.8,0.0,95,0
26.9,12.6,0.64,89,2
23.5,10.4,0.37,97,0
26.2,11.5,0.0,93,0
28.3,8.3,0.0,76,1
25.7,11.2,0.0,81,0
26.0,9.7,0.0,89,0
25.2,9.4,0.0,88,0
25.0,13.3,0.0,93,2
25.5,9.4,0.0,85,0
25.4,11.5,0.0,93,0
26.8,12.6,0.7,89,2
24.9,5.8,0.03,96,0
26.5,18.4,0.04,85,2
25.3,13.0,0.0,92,2
25.7,14.0,0.0,91,2
25.9,17.3,0.0,88,2
27.0,13.7,0.02,87,2
25.4,13.7,0.0,90,2
24.9,11.2,0.0,94,0
26.2,3.6,1.9,87,0
24.4,10.8,0.22,96,0
25.7,11.5,0.42,71,1
24.7,17.6,0.01,76,2
26.9,3.6,0.59,81,0
25.9,3.6,0.0,75,0
24.8,22.0,0.0,72,2
24.7,4.3,0.75,96,0
25.7,9.7,0.0,80,0
24.8,9.7,1.95,97,0
25.3,3.6,0.99,96,0
23.3,3.6,0.58,98,0
23.5,5.8,0.02,98,0
24.0,3.6,0.22,94,0
23.1,8.6,0.34,98,0
26.0,3.6,0.14,94,0
23.7,7.6,0.41,98,0
24.3,11.2,1.59,98,0
22.2,5.0,0.22,97,0
24.8,18.0,1.7,97,2
24.5,14.0,0.98,97,2
25.3,3.6,0.47,95,0
24.7,13.7,0.42,98,2
24.6,5.0,1.0,97,0
24.3,16.2,1.38,98,2
22.2,3.6,0.48,96,0
28.0,13.0,0.0,100,2
24.9,20.5,0.47,95,2
24.7,22.7,1.12,96,2
24.6,22.0,2.18,96,2
26.0,3.6,0.48,94,0
23.7,7.9,0.0,89,0
25.4,16.9,0.01,93,2
24.5,24.1,0.09,94,2
25.6,16.2,0.0,87,2
24.9,22.3,0.01,93,2
24.8,11.9,0.0,93,0
25.1,12.2,0.0,91,0
24.9,14.4,0.0,89,2
25.1,10.1,0.0,94,0
24.9,19.4,0.0,91,2
22.7,3.6,1.49,98,0
25.0,18.7,0.0,90,2
25.1,18.0,0.0,91,2
24.3,8.3,0.04,97,0
24.7,19.8,0.01,94,2
25.0,19.8,0.01,94,2
25.1,19.8,0.01,93,2
24.6,14.8,0.36,96,2
24.7,22.7,0.61,95,2
24.2,6.8,1.49,90,0
31.0,8.3,0.0,58,1
28.1,7.2,0.03,71,1
28.0,6.1,0.34,84,0
28.5,3.6,0.05,68,1
27.9,6.1,0.37,71,1
29.9,7.6,0.0,63,1
29.9,3.6,0.01,62,1
30.3,3.6,0.0,59,1
30.5,3.6,1.53,61,1
29.9,7.6,0.0,64,1
29.9,3.6,0.26,61,1
25.1,8.3,0.66,86,0
24.5,5.8,0.03,74,0
25.8,6.5,0.49,87,0
27.8,18.7,0.01,78,2
22.6,3.6,0.09,97,0
26.7,7.2,0.0,69,1
7.4,3.6,0.0,93,3
23.6,12.6,5.54,98,4
23.9,3.6,1.33,99,0
24.1,16.2,1.53,97,2
24.1,3.6,0.07,95,0
23.0,3.6,0.31,96,0
23.8,5.4,0.11,96,0
23.6,4.3,0.57,96,0
25.6,9.0,1.24,90,0
18.7,3.6,4.51,99,0
20.8,4.0,0.02,97,0
23.8,4.0,0.85,96,0
23.8,7.6,0.64,96,0
23.8,6.8,0.17,96,0
23.3,5.8,2.93,98,0
26.5,18.7,0.0,88,2
27.0,20.2,0.05,83,2
24.2,4.3,0.0,91,0
20.8,3.6,0.01,97,0
20.7,3.6,0.01,97,0
20.9,3.6,0.01,99,0
25.5,5.4,0.4,88,0
19.1,3.6,2.67,100,0
16.6,3.6,0.77,99,0
27.0,15.1,0.09,94,2
19.4,3.6,0.12,99,0
20.4,3.6,0.35,99,0
22.0,3.6,0.06,97,0
20.5,3.6,0.29,99,0
17.7,3.6,0.15,100,0
22.9,3.6,1.55,99,0
27.3,3.6,0.4,99,0
18.6,3.6,0.21,100,0
24.2,6.1,0.32,97,0
23.6,5.4,0.12,96,0
22.1,3.6,0.33,96,0
24.3,5.0,0.7,96,0
22.1,9.0,1.88,99,0
23.4,3.6,0.43,96,0
22.6,13.0,2.81,97,0
22.8,9.7,0.66,97,0
24.2,13.0,0.88,96,0
21.4,5.8,0.78,96,0
27.2,9.4,0.0,75,1
24.3,9.7,2.62,94,0
23.7,5.8,0.0,74,0
22.5,21.2,0.0,85,2
24.0,11.9,3.17,97,0
24.5,10.8,1.1,94,0
24.2,4.3,0.59,96,0
23.6,9.7,1.59,98,0
21.6,7.9,0.0,89,0
19.0,4.3,0.17,92,0
20.5,6.8,0.2,91,0
-1.2,4.3,0.0,78,3
22.9,5.4,0.26,89,0
22.7,7.2,0.0,91,0
16.4,4.7,0.0,93,0
16.8,7.9,0.0,90,0
9.7,3.6,0.09,94,3
8.5,3.6,0.12,89,3
22.6,6.8,0.65,96,0
24.2,4.0,0.0,91,0
22.0,3.6,0.0,97,0
25.8,5.8,0.01,84,0
26.0,4.0,0.06,94,0
25.7,9.7,0.0,85,0
21.3,9.7,0.0,91,0
25.0,6.8,0.0,83,0
25.0,9.0,0.0,89,0
27.0,3.6,0.01,89,0
27.5,20.5,1.3,81,2
26.0,6.1,0.93,94,0
25.5,15.1,0.89,95,2
25.8,16.6,1.71,92,2
27.0,15.1,0.24,94,2
24.9,18.7,3.42,97,2
15.4,4.0,0.03,99,3
23.2,19.4,3.37,98,2
25.3,7.9,0.49,97,0
27.0,15.1,0.15,94,2
25.4,13.3,0.11,95,2
25.1,6.5,2.42,97,0
25.1,3.6,1.36,94,0
23.1,17.6,7.13,98,4
27.0,15.1,0.07,94,2
23.9,7.2,0.03,78,0
25.8,9.0,0.56,86,0
27.0,3.6,0.05,94,0
27.2,9.0,0.0,74,1
28.1,8.6,0.0,68,1
28.5,7.6,0.0,69,1
25.9,8.3,0.0,79,0
25.3,5.8,0.7,82,0
28.2,7.6,0.0,72,1
28.0,7.6,0.0,72,1
23.9,6.1,1.17,83,0
28.6,6.1,0.0,67,1
29.7,8.6,0.0,64,1
27.7,7.9,0.0,72,1
20.5,7.9,0.0,92,0
20.1,8.3,0.0,94,0
24.8,16.2,0.09,74,2
18.7,6.8,0.0,96,0
20.6,20.5,0.0,90,2
25.2,19.1,0.0,73,2
21.3,19.4,0.0,91,2
23.8,20.5,0.04,82,2
24.7,15.8,0.35,78,2
21.4,22.3,0.0,93,2
24.0,3.6,0.03,94,0
22.6,19.4,0.0,86,2
19.3,15.5,0.0,93,2
19.2,7.2,0.0,97,0
23.7,15.1,0.0,77,2
22.0,11.2,0.0,94,0
20.5,7.9,0.0,93,0
20.5,10.8,0.02,95,0
22.0,23.4,0.0,87,2
23.7,5.0,1.49,88,0
23.2,14.4,0.0,85,2
23.9,13.0,0.03,83,2
24.9,18.0,0.0,75,2
24.9,13.3,0.0,76,2
21.4,9.0,0.01,96,0
24.6,3.6,0.12,93,0
25.1,10.1,1.33,85,0
26.1,8.3,0.1,77,0
25.7,4.0,0.44,86,0
25.2,3.6,0.49,82,0
25.0,6.5,0.0,89,0
21.4,6.1,0.0,95,0
21.4,14.0,0.0,93,2
22.3,8.6,0.0,93,0
25.0,5.0,0.0,83,0
23.7,10.4,0.0,93,0
25.5,6.8,0.05,87,0
25.0,4.0,0.14,94,0
24.3,13.3,0.69,94,2
24.4,10.8,1.56,89,0
23.3,3.6,2.35,96,0
24.4,11.9,0.0,81,0
24.6,9.4,0.0,82,0
27.0,6.1,0.1,100,0
25.9,12.2,0.09,90,0
27.0,6.1,0.6,100,0
25.0,4.0,1.42,94,0
24.8,4.7,0.46,97,0
20.7,4.0,0.01,96,0
23.4,7.9,1.65,98,0
26.0,6.1,0.03,94,0
26.0,6.1,0.11,94,0
25.6,10.4,0.34,93,0
23.7,8.6,0.41,98,0
26.0,6.1,0.56,94,0
25.3,5.0,0.0,90,0
27.0,17.6,1.0,85,2
25.7,4.3,0.12,85,0
23.9,7.9,0.87,98,0
25.7,8.3,0.01,92,0
23.6,7.9,0.92,98,0
22.0,4.7,0.47,94,0
29.5,9.7,0.0,64,1
29.1,16.9,0.0,68,2
28.2,7.9,1.11,69,1
31.0,3.6,0.0,57,1
28.1,10.4,0.01,70,1
26.9,15.5,0.0,80,2
31.0,6.8,0.0,57,1
28.0,10.8,0.63,78,1
30.2,10.4,0.0,64,1
30.8,10.8,0.0,64,1
24.1,10.8,0.0,92,0
27.7,10.4,0.08,76,1
25.8,9.0,0.0,82,0
28.0,3.6,2.49,84,0
26.3,9.4,0.0,80,0
27.1,11.9,0.01,79,2
26.7,10.1,0.0,77,1
29.7,8.6,0.0,67,1
23.7,6.8,0.0,96,0
23.7,9.4,0.0,96,0
28.3,9.4,0.17,68,1
25.9,5.0,0.0,87,0
27.0,6.1,0.0,84,0
26.0,4.0,0.0,84,0
25.6,7.9,0.0,79,0
27.5,11.9,0.0,79,2
26.3,11.5,0.0,73,1
26.1,13.7,0.0,89,2
23.5,3.6,0.0,89,0
24.9,12.6,0.0,78,2
23.4,10.1,0.0,81,0
23.2,5.0,0.0,87,0
24.7,7.2,1.72,92,0
26.4,5.8,0.36,84,0
27.3,6.8,0.76,81,0
25.2,11.2,0.01,91,0
26.4,8.6,0.52,85,0
27.7,8.3,0.0,76,1
27.6,4.7,0.1,78,0
27.7,6.1,0.0,75,1
24.8,7.2,1.2,91,0
29.0,6.1,0.34,79,0
24.1,7.2,2.73,95,0
29.3,7.9,0.0,69,1
28.7,3.6,0.34,74,1
28.3,8.6,0.16,76,1
25.5,11.5,0.88,94,0
26.8,5.8,1.89,84,0
28.5,6.5,1.19,76,1
24.0,7.6,0.44,95,0
25.7,9.4,0.0,88,0
25.0,10.8,0.0,93,0
29.8,3.6,0.65,62,1
27.0,3.6,0.15,94,0
25.7,10.4,0.0,90,0
25.5,9.4,0.0,89,0
25.4,12.2,0.0,90,0
24.5,5.0,0.84,95,0
25.2,9.4,0.0,92,0
29.1,8.6,0.0,74,1
24.4,10.1,0.0,96,0
29.8,6.1,0.0,71,1
25.3,8.6,0.0,93,0
25.7,10.4,0.06,89,0
27.8,9.0,0.23,79,0
25.3,12.2,0.0,91,0
25.0,7.9,1.57,91,0
25.3,10.8,0.0,92,0
26.5,10.4,0.0,82,0
25.7,7.6,0.61,88,0
24.9,10.4,0.48,94,0
24.1,7.9,2.86,90,0
29.4,3.6,0.42,71,1
29.9,7.2,0.0,67,1
27.2,22.0,0.0,80,2
29.0,9.0,0.1,84,0
26.6,18.7,0.0,88,2
29.0,9.0,0.03,84,0
25.1,15.8,0.0,86,2
26.4,9.4,0.0,84,0
25.2,8.6,0.0,94,0
27.9,9.0,0.91,76,1
28.6,8.3,0.0,76,1
26.5,7.6,0.03,82,0
25.2,9.4,0.0,94,0
22.4,5.0,0.0,84,0
24.3,6.1,0.0,85,0
25.6,7.6,0.03,83,0
28.7,6.8,0.0,69,1
27.1,6.5,0.04,79,0
29.0,7.2,0.0,70,1
27.2,6.5,0.0,79,0
23.1,9.4,0.0,97,0
27.1,8.3,0.0,76,1
25.1,13.3,0.76,82,2
25.0,5.4,0.01,91,0
24.8,5.0,2.21,89,0
24.3,9.4,2.27,86,0
25.3,8.6,1.72,83,0
24.0,5.4,0.31,92,0
24.2,3.6,0.24,89,0
24.1,4.0,1.95,92,0
24.8,5.4,0.4,92,0
24.8,14.4,0.26,95,2
25.8,3.6,1.63,83,0
25.4,9.7,0.22,89,0
25.0,22.0,0.44,79,2
25.0,22.0,0.56,79,2
23.8,13.3,0.05,83,2
22.8,3.6,0.17,98,0
26.3,17.3,1.84,90,2
23.8,7.2,2.92,98,0
20.4,3.6,0.17,99,0
26.0,6.1,1.33,94,0
27.0,19.1,0.39,94,2
27.0,19.1,0.24,94,2
25.0,7.2,2.21,97,0
26.6,10.1,0.47,70,1
22.0,11.9,0.0,92,0
26.7,5.0,0.0,92,0
23.7,8.6,1.94,90,0
24.0,5.8,0.0,90,0
22.1,6.8,0.0,92,0
22.6,6.1,0.07,96,0
23.7,7.6,0.0,95,0
22.8,7.2,0.96,95,0
23.3,5.0,0.0,94,0
24.4,5.8,0.09,90,0
25.1,3.6,0.24,87,0
24.0,6.1,1.56,89,0
25.0,6.5,0.0,91,0
24.5,4.7,0.02,98,0
23.4,3.6,0.06,97,0
23.4,10.1,1.03,94,0
24.0,6.1,1.49,89,0
23.2,13.7,0.0,97,2
24.2,10.1,0.0,94,0
24.0,4.0,0.07,86,0
23.9,14.4,0.0,92,2
25.7,4.7,0.84,84,0
24.2,6.1,0.32,90,0
24.0,6.1,0.04,89,0
23.4,16.6,0.0,95,2
26.2,3.6,0.42,87,0
23.7,13.3,0.0,95,2
22.3,4.3,0.0,92,0
24.1,10.1,0.41,93,0
22.6,5.4,0.0,95,0
25.8,6.5,0.0,87,0
24.0,6.1,0.34,89,0
26.0,6.1,0.01,94,0
23.7,6.5,0.0,94,0
24.4,12.2,0.06,92,0
23.3,6.1,0.24,93,0
21.8,3.6,1.17,98,0
23.5,14.8,1.54,93,2
24.8,7.2,0.06,88,0
25.9,4.0,1.63,87,0
24.1,6.5,0.16,94,0
21.9,7.9,0.0,95,0
22.9,4.7,0.0,97,0
24.1,5.8,0.0,90,0
25.5,9.0,0.01,91,0
14.6,7.2,0.0,82,3
25.1,6.5,0.0,93,0
14.6,10.8,0.16,78,3
23.1,10.8,1.01,98,0
15.0,8.3,0.0,75,3
16.5,7.9,0.0,79,3
24.0,7.9,0.0,77,0
14.8,3.6,0.0,63,3
9.5,5.4,0.0,66,3
2.7,10.4,0.0,54,3
12.3,3.6,0.0,60,3
15.3,9.7,0.0,84,3
14.9,3.6,0.0,61,3
17.9,7.6,0.0,83,0
13.1,8.3,0.0,75,3
23.5,7.9,0.0,77,0
22.8,9.4,0.56,79,0
8.2,9.0,0.0,63,3
11.6,4.0,0.02,86,3
25.4,11.2,0.05,93,0
26.6,9.4,0.06,86,0
26.8,13.3,0.0,84,2
23.5,5.8,0.0,92,0
27.0,10.1,0.57,94,0
26.3,11.5,0.0,84,0
26.1,7.9,1.04,89,0
24.9,11.2,0.0,91,0
25.1,13.3,0.0,91,2
26.3,9.0,0.0,89,0
25.6,10.4,1.39,94,0
26.5,9.4,0.06,86,0
24.5,7.2,0.0,92,0
27.0,17.6,0.0,77,2
26.0,13.0,0.18,91,2
26.2,13.7,0.36,90,2
26.0,13.3,0.0,85,2
26.7,13.0,0.02,83,2
25.9,13.0,0.0,87,2
27.0,6.1,0.54,89,0
25.5,11.2,0.0,92,0
26.1,10.4,0.76,89,0
24.9,6.8,0.01,92,0
26.6,6.8,0.02,82,0
28.9,10.1,0.03,69,1
23.6,6.1,1.36,89,0
25.7,7.2,0.16,86,0
25.9,18.0,0.06,77,2
24.6,4.7,2.04,94,0
25.2,20.9,0.0,73,2
24.8,5.8,0.1,93,0
24.6,6.8,4.48,92,0
24.8,13.7,0.02,95,2
24.5,9.0,0.11,95,0
22.8,9.0,0.14,97,0
23.8,5.0,0.18,97,0
23.0,9.0,0.54,94,0
23.2,9.0,0.04,97,0
26.0,9.0,0.04,94,0
23.8,5.0,1.47,98,0
24.2,14.8,2.11,97,2
22.4,5.4,0.93,98,0
24.8,15.8,0.3,97,2
24.7,12.6,0.53,96,0
24.8,11.9,0.14,95,0
24.6,13.7,0.0,97,2
24.1,5.8,3.56,98,0
24.7,16.2,2.7,96,2
21.8,6.1,0.96,98,0
23.1,4.0,0.0,97,0
23.0,9.0,0.79,94,0
27.0,15.1,0.47,89,2
25.1,17.6,0.22,96,2
24.3,22.7,1.3,97,2
24.1,21.6,0.29,97,2
22.5,10.1,1.35,96,0
24.9,17.3,0.08,96,2
23.2,27.4,1.92,95,2
24.4,22.0,0.11,92,2
24.0,24.1,1.7,96,2
24.7,16.2,0.23,91,2
25.0,14.4,0.5,91,2
24.4,22.0,0.36,90,2
24.8,10.8,0.85,94,0
24.1,27.0,1.37,92,2
27.0,15.1,0.02,89,2
22.3,3.6,0.01,97,0
24.0,25.9,1.12,93,2
24.4,23.4,0.31,94,2
24.7,7.2,0.2,95,0
25.0,18.0,0.1,96,2
25.0,18.0,0.09,96,2
24.8,20.2,0.15,96,2
25.0,9.4,2.41,95,0
24.7,20.2,0.13,96,2
24.4,20.5,0.7,97,2
23.9,9.4,0.17,90,0
29.1,6.8,0.0,68,1
27.6,6.5,0.0,67,1
26.4,4.0,0.0,78,0
27.7,3.6,0.0,73,1
27.8,5.8,0.0,75,1
28.7,3.6,0.0,59,1
29.0,7.6,0.0,57,1
29.6,4.7,0.0,63,1
27.9,5.4,0.0,75,1
28.8,5.8,0.0,71,1
25.3,10.1,0.0,80,0
24.1,6.8,0.0,70,1
26.4,13.0,0.26,85,2
27.5,14.0,0.37,78,2
22.3,5.8,0.38,99,0
25.1,6.5,1.51,86,0
5.3,3.6,0.78,97,3
23.6,8.6,1.68,98,0
23.4,3.6,0.46,99,0
23.9,13.3,0.66,97,2
23.9,3.6,0.09,94,0
23.1,5.4,0.4,99,0
23.4,6.5,1.29,98,0
25.6,13.0,0.69,87,2
18.3,3.6,11.62,97,4
21.1,3.6,0.01,97,0
23.7,3.6,0.34,98,0
23.4,3.6,0.4,97,0
23.8,3.6,0.5,98,0
23.6,3.6,0.02,98,0
26.6,19.4,0.0,87,2
26.7,21.2,0.0,87,2
24.6,6.5,0.0,92,0
19.9,4.0,0.0,99,0
26.1,11.2,0.22,86,0
19.1,3.6,0.0,100,0
16.3,3.6,0.14,99,0
28.0,15.1,0.71,89,2
20.5,3.6,0.0,99,0
21.1,3.6,0.47,97,0
20.3,4.0,0.66,99,0
17.3,3.6,0.01,99,0
22.5,4.3,0.0,97,0
27.1,3.6,0.95,99,0
18.3,3.6,0.07,99,0
23.9,7.2,0.75,98,0
21.0,3.6,0.24,94,0
20.8,6.1,0.0,95,0
23.0,11.2,4.21,99,0
21.9,5.4,0.09,98,0
23.0,3.6,0.0,97,0
22.6,6.8,0.29,97,0
22.7,4.7,0.0,98,0
24.1,11.9,0.0,93,0
20.7,7.2,0.0,94,0
25.9,7.9,0.58,85,0
22.9,7.6,0.86,97,0
24.8,6.8,0.0,69,1
23.3,16.6,1.34,85,2
22.9,7.9,0.22,96,0
23.2,9.7,1.04,98,0
23.6,5.8,0.12,99,0
22.9,8.6,1.0,97,0
21.4,8.3,0.04,87,0
18.9,5.0,0.11,91,0
20.1,7.6,0.37,92,0
-2.3,3.6,0.0,79,3
22.8,6.8,0.0,89,0
22.0,7.6,0.0,89,0
15.9,5.8,0.0,92,3
16.4,9.0,0.04,89,3
8.3,6.5,0.01,81,3
7.2,3.6,0.02,83,3
22.5,3.6,0.8,97,0
24.8,6.8,0.0,91,0
23.1,3.6,0.02,95,0
26.0,6.8,0.96,82,0
24.0,6.1,0.07,94,0
25.9,8.6,0.01,83,0
22.2,10.1,0.0,92,0
24.0,3.6,0.01,94,0
24.0,6.1,0.01,94,0
25.0,9.0,0.01,94,0
27.0,6.1,0.63,89,0
27.3,25.9,1.81,81,2
26.0,6.1,0.77,94,0
25.3,15.1,0.36,96,2
25.4,14.0,0.0,94,2
28.0,15.1,0.65,89,2
25.4,11.2,0.03,93,0
14.7,3.6,9.39,100,4
22.6,11.9,7.43,99,4
25.5,9.7,0.28,93,0
28.0,15.1,0.76,89,2
25.0,12.2,0.0,97,0
24.6,11.5,0.28,96,0
24.5,9.7,0.25,95,0
22.7,8.6,16.11,99,4
28.0,15.1,0.33,89,2
22.2,9.4,0.47,78,0
26.3,8.6,0.0,74,1
28.0,3.6,0.21,94,0
26.9,6.8,0.0,68,1
27.3,6.5,0.0,67,1
27.7,7.6,0.0,65,1
28.0,3.6,0.19,94,0
27.1,5.0,0.09,64,1
26.2,7.9,0.05,72,1
26.4,5.4,0.0,71,1
27.1,6.1,0.02,64,1
27.1,3.6,0.0,64,1
25.0,5.4,0.14,77,0
27.7,6.1,0.0,62,1
29.0,6.1,0.0,57,1
27.3,5.8,0.0,66,1
20.8,7.9,0.0,93,0
20.4,8.3,0.0,94,0
23.4,14.4,0.84,91,2
18.8,7.6,0.0,95,0
21.0,20.2,0.0,92,2
20.9,12.2,0.0,97,0
25.4,18.4,0.19,78,2
21.0,3.6,0.22,94,0
21.5,15.5,0.0,91,2
22.9,18.4,1.77,89,2
23.8,13.7,0.06,89,2
21.6,17.3,0.0,93,2
23.4,16.9,0.0,83,2
19.5,13.7,0.0,92,2
19.7,6.8,0.0,98,0
24.2,15.8,0.0,79,2
23.0,6.1,0.96,89,0
20.8,6.1,0.1,90,0
21.0,9.4,0.0,93,0
22.3,18.7,0.0,88,2
23.5,10.1,1.34,92,0
22.7,5.8,0.51,90,0
22.1,13.7,3.38,95,2
23.9,12.2,0.33,91,0
22.5,15.1,1.18,93,2
21.5,7.2,0.0,96,0
24.5,12.2,0.11,93,0
23.8,13.3,3.06,93,2
24.8,7.9,0.08,94,0
23.3,8.6,0.99,95,0
25.1,5.4,0.4,87,0
21.4,5.8,0.02,96,0
22.4,7.9,0.02,95,0
24.2,12.6,0.0,95,0
23.8,14.0,0.0,93,2
25.9,4.3,0.0,85,0
24.0,4.0,0.23,100,0
24.2,16.6,0.02,94,2
24.3,12.2,0.06,93,0
23.8,5.8,0.0,94,0
22.9,13.7,0.98,92,2
23.2,14.8,0.02,93,2
27.0,3.6,0.36,94,0
26.5,10.8,0.3,87,0
27.0,3.6,0.17,94,0
24.0,4.0,0.09,100,0
23.8,3.6,0.01,96,0
19.7,4.3,0.0,95,0
22.7,7.6,0.0,97,0
24.5,6.1,0.0,92,0
25.7,13.0,0.06,90,2
23.2,8.6,0.0,97,0
25.3,3.6,0.0,88,0
27.2,14.8,0.0,84,2
25.6,4.0,0.0,84,0
23.3,9.7,0.0,97,0
25.4,10.4,0.0,90,0
22.9,9.7,0.04,97,0
21.8,4.0,0.0,91,0
28.2,11.2,0.0,70,1
29.2,21.2,0.0,65,2
26.5,9.0,0.22,77,0
30.0,6.5,0.0,54,1
29.5,14.0,0.4,69,1
28.3,14.8,0.0,73,2
30.6,3.6,0.0,52,1
29.1,12.2,0.0,68,1
30.0,10.8,0.0,65,1
31.4,15.5,0.0,60,1
26.1,9.0,0.11,81,0
27.5,4.0,0.45,78,0
26.9,10.1,0.43,81,0
27.3,10.1,0.92,79,0
28.0,9.4,0.0,75,1
23.8,8.3,0.0,87,0
27.0,10.8,0.31,79,0
27.4,5.0,0.03,82,0
24.3,9.7,0.0,89,0
25.0,11.2,0.0,86,0
27.1,10.4,0.0,74,1
26.6,9.7,0.0,77,0
26.0,6.1,1.28,84,0
26.6,5.8,0.07,82,0
26.0,6.1,2.27,84,0
25.1,7.6,0.0,85,0
27.8,19.1,0.34,78,2
27.1,7.6,0.0,72,1
26.2,11.5,0.14,86,0
26.0,6.1,0.0,84,0
23.1,4.7,0.33,96,0
26.1,3.6,0.72,83,0
22.5,6.1,1.86,90,0
25.4,11.5,0.0,85,0
22.9,14.8,3.85,88,2
22.2,5.4,0.0,94,0
24.5,9.0,0.0,91,0
25.9,5.4,0.46,88,0
27.0,3.6,0.01,84,0
25.1,13.3,0.0,87,2
26.9,3.6,0.0,81,0
25.9,13.7,0.0,87,2
27.6,3.6,1.48,81,0
27.2,3.6,0.0,80,0
24.3,10.1,0.04,92,0
24.5,10.8,0.0,92,0
25.2,9.0,0.07,90,0
27.7,7.2,0.0,81,0
27.2,5.4,0.16,82,0
27.3,9.7,1.45,80,0
25.6,12.6,0.31,94,0
26.4,8.6,0.63,84,0
28.3,9.4,1.13,76,1
24.2,9.7,0.02,91,0
27.6,5.8,0.0,79,0
27.6,5.4,0.01,80,0
24.4,10.8,0.0,95,0
24.0,10.1,0.0,95,0
28.8,3.6,0.0,59,1
26.0,3.6,0.17,89,0
24.3,10.8,0.0,93,0
24.3,11.5,0.0,94,0
25.1,12.6,0.41,92,0
23.8,4.3,0.0,94,0
24.4,7.9,0.0,97,0
28.2,5.8,0.0,78,0
24.7,10.1,0.29,95,0
28.3,4.3,0.0,78,0
24.5,8.3,0.0,96,0
24.2,13.7,0.0,94,2
24.4,9.7,0.0,95,0
26.0,3.6,0.01,89,0
24.9,12.6,0.03,89,0
24.9,7.6,0.0,89,0
24.8,12.2,0.03,91,0
25.4,10.4,0.0,91,0
25.3,6.5,0.05,88,0
23.7,8.6,1.07,92,0
27.1,7.9,0.06,80,0
27.2,4.0,0.0,80,0
26.8,20.5,0.0,87,2
26.0,3.6,0.72,84,0
28.0,13.0,2.33,94,2
26.9,21.2,0.0,86,2
28.0,13.0,1.18,94,2
25.2,12.6,0.0,84,2
25.4,9.0,0.0,92,0
24.4,8.3,0.0,95,0
25.7,4.0,1.55,87,0
27.2,6.5,0.0,82,0
25.5,4.7,0.73,84,0
24.9,11.5,0.03,92,0
22.1,8.6,1.1,87,0
24.2,6.5,0.01,91,0
26.6,11.9,0.46,83,0
27.6,3.6,0.0,78,0
26.6,7.6,0.02,85,0
26.4,6.8,0.01,86,0
27.2,3.6,0.12,83,0
23.5,13.7,0.0,97,2
25.3,7.2,1.13,89,0
23.9,3.6,0.0,85,0
24.3,3.6,0.02,91,0
24.0,3.6,0.01,87,0
22.5,3.6,1.55,97,0
23.1,4.3,0.27,88,0
23.6,4.3,0.9,95,0
23.6,3.6,0.14,90,0
23.4,4.0,0.62,91,0
24.0,3.6,0.18,89,0
24.4,3.6,0.0,90,0
23.4,7.2,0.32,95,0
23.6,4.0,0.0,89,0
22.6,4.7,1.47,96,0
22.0,19.1,0.46,94,2
22.0,19.1,0.04,94,2
24.1,10.8,1.13,88,0
21.7,3.6,1.05,99,0
26.3,19.8,2.48,90,2
23.5,4.7,0.37,98,0
25.0,3.6,0.46,94,0
27.0,15.1,0.36,94,2
27.0,15.1,0.48,94,2
24.9,8.3,0.0,95,0
24.2,7.6,1.41,88,0
24.5,11.9,0.16,88,0
26.7,7.6,0.0,93,0
25.1,4.0,0.0,84,0
23.8,7.6,0.0,93,0
22.4,6.1,0.15,92,0
22.2,6.1,0.07,96,0
23.5,5.8,0.0,95,0
22.6,8.6,0.0,96,0
23.8,4.0,0.22,91,0
24.2,3.6,0.6,90,0
25.3,4.0,0.0,87,0
22.4,9.0,0.0,96,0
24.6,8.3,0.1,92,0
22.1,4.0,0.11,93,0
22.5,3.6,1.53,98,0
25.2,5.0,0.06,89,0
22.2,10.8,0.0,95,0
22.5,9.0,0.28,93,0
24.0,8.3,0.14,92,0
23.8,5.4,0.02,89,0
22.7,11.2,0.0,94,0
26.0,4.0,0.0,82,0
24.8,3.6,0.0,84,0
21.8,9.7,0.0,97,0
22.3,14.0,0.27,91,2
27.3,7.6,0.0,81,0
27.1,7.9,0.0,81,0
23.9,16.2,0.04,95,2
22.6,3.6,0.19,92,0
23.7,9.0,0.02,94,0
23.7,5.0,0.14,91,0
26.8,6.1,0.0,82,0
24.5,3.6,0.15,87,0
22.2,11.2,0.0,94,0
27.0,9.0,2.88,94,0
23.5,5.0,0.09,96,0
24.2,14.4,0.01,93,2
22.8,8.3,0.0,96,0
27.4,3.6,0.0,73,1
23.0,3.6,0.06,96,0
22.9,11.2,0.94,96,0
25.0,3.6,0.0,86,0
26.9,4.7,0.0,82,0
23.5,4.7,0.93,96,0
23.7,4.3,0.11,90,0
23.2,3.6,0.04,94,0
25.8,11.5,0.0,93,0
14.2,7.9,0.16,83,3
24.6,5.4,0.01,95,0
14.0,10.8,0.0,74,3
23.2,6.5,0.25,98,0
14.4,8.3,0.0,68,3
16.1,7.9,0.0,78,3
27.0,7.9,0.0,84,0
13.4,3.6,0.0,67,3
8.7,5.0,0.0,74,3
2.3,10.8,0.02,47,3
13.0,3.6,0.0,66,3
14.7,10.4,0.0,76,3
13.3,3.6,0.0,67,3
17.1,8.6,0.0,75,3
27.5,6.8,0.0,81,0
12.6,7.9,0.01,71,3
22.8,3.6,0.0,78,0
22.6,7.2,0.0,82,0
7.5,10.1,0.01,63,3
10.7,5.0,0.0,80,3
25.5,11.2,0.01,94,0
27.0,14.0,0.0,88,2
27.0,13.7,0.0,84,2
23.6,5.4,0.5,94,0
27.6,11.9,0.0,88,0
27.2,14.4,0.0,79,2
27.2,12.6,0.01,82,2
25.8,12.6,0.0,87,2
25.8,14.4,0.0,88,2
26.9,4.0,0.0,82,0
27.5,8.6,0.0,80,0
26.1,10.4,0.0,91,0
26.9,14.0,0.0,88,2
24.9,7.6,0.0,94,0
27.4,17.3,0.07,87,2
26.0,13.0,0.05,92,2
26.2,13.7,0.13,91,2
26.9,16.2,0.0,87,2
27.2,16.6,0.02,87,2
28.0,9.0,0.14,89,0
26.6,14.8,0.0,86,2
25.7,11.5,0.0,92,0
26.5,12.2,0.54,88,0
24.9,5.0,0.12,96,0
26.9,15.1,0.01,91,2
28.5,19.4,0.13,72,2
24.7,6.1,0.0,86,0
26.3,13.7,0.36,92,2
25.3,6.8,2.55,81,0
25.8,7.6,0.0,88,0
25.3,6.1,0.0,95,0
26.7,18.4,0.15,69,2
24.5,6.8,0.94,95,0
27.5,8.6,0.08,73,1
24.7,9.4,0.0,94,0
24.2,6.8,0.0,95,0
22.2,6.1,0.24,98,0
23.7,7.9,0.1,95,0
22.4,19.1,0.01,96,2
22.6,11.2,0.05,98,0
26.0,3.6,0.87,94,0
23.6,7.2,1.11,95,0
24.3,7.6,0.0,95,0
21.7,11.2,0.54,97,0
24.6,13.3,1.97,98,2
24.8,9.4,0.64,97,0
24.7,10.4,0.0,93,0
24.6,7.6,0.01,96,0
24.4,9.7,0.0,96,0
21.5,11.9,0.72,97,0
22.7,19.1,0.01,95,2
27.0,4.0,0.07,100,0
24.7,14.0,2.19,98,2
24.1,22.0,3.36,97,2
24.1,22.0,3.51,98,2
26.0,3.6,1.06,94,0
22.8,7.9,0.15,91,0
24.6,10.4,0.54,97,0
23.4,30.6,19.72,98,4
24.5,22.0,1.09,94,2
24.0,20.2,1.85,97,2
25.0,15.8,0.02,91,2
24.9,14.8,0.02,92,2
24.9,22.7,0.0,89,2
24.9,11.2,0.1,96,0
24.0,24.1,0.76,95,2
27.0,4.0,0.42,100,0
24.1,24.5,1.01,94,2
24.3,23.4,1.97,95,2
24.5,4.3,0.04,97,0
24.6,15.5,0.12,98,2
24.6,15.5,0.14,98,2
24.6,18.4,0.72,98,2
24.6,5.0,1.63,97,0
24.5,18.4,0.65,98,2
24.5,19.8,1.62,97,2
27.0,9.0,0.0,100,0
23.7,9.4,0.25,92,0
29.7,5.0,0.0,58,1
24.9,9.7,0.0,85,0
28.8,8.3,0.0,62,1
26.2,9.4,0.0,78,0
28.3,10.4,0.0,68,1
28.9,7.6,0.0,56,1
30.0,9.0,0.15,53,1
29.6,7.6,0.18,55,1
28.4,10.4,0.0,68,1
28.9,6.5,0.0,65,1
24.5,11.9,0.9,87,0
22.9,7.2,2.53,80,0
26.1,3.6,0.21,86,0
27.3,22.3,0.08,78,2
21.9,6.5,1.92,99,0
26.1,6.1,0.05,83,0
10.2,3.6,1.53,95,3
24.0,9.0,1.81,98,0
23.7,3.6,0.48,99,0
23.7,18.0,8.96,98,4
23.7,4.0,0.01,96,0
22.1,4.0,0.0,97,0
23.7,3.6,0.0,98,0
22.7,4.7,0.0,94,0
24.2,10.8,0.0,93,0
18.2,6.1,2.89,97,0
21.3,3.6,0.11,97,0
23.3,3.6,0.81,99,0
23.9,5.8,2.15,98,0
23.2,3.6,0.67,98,0
23.3,3.6,0.27,97,0
26.9,23.4,0.0,84,2
27.0,23.0,0.33,84,2
25.3,4.3,0.06,89,0
25.6,3.6,0.19,88,0
19.1,3.6,0.78,100,0
14.9,3.6,0.0,98,3
26.0,15.1,0.66,93,2
18.5,3.6,0.0,99,0
18.8,3.6,0.01,98,0
20.7,3.6,0.18,97,0
19.9,4.3,0.7,99,0
16.4,3.6,0.04,99,0
21.8,3.6,0.63,98,0
26.6,4.3,0.2,99,0
17.3,3.6,0.12,99,0
23.6,6.1,0.11,98,0
23.8,6.1,0.01,98,0
22.9,3.6,0.0,98,0
22.0,9.0,0.35,94,0
21.6,7.9,0.0,97,0
23.2,9.4,0.01,97,0
21.8,4.3,0.33,97,0
22.6,5.0,0.64,95,0
22.6,6.8,0.61,97,0
23.8,10.8,0.0,94,0
21.2,9.0,0.0,96,0
26.6,3.6,0.0,74,1
23.1,10.4,0.7,95,0
23.4,7.2,2.47,79,0
23.7,16.9,0.0,85,2
22.5,9.4,2.04,96,0
23.1,7.9,0.98,97,0
23.2,4.0,2.18,98,0
22.8,5.4,0.76,97,0
20.3,6.1,0.0,89,0
18.4,4.0,0.0,91,0
19.8,5.4,0.0,91,0
-2.6,3.6,0.0,80,3
22.9,6.5,0.02,86,0
22.5,5.8,0.07,89,0
15.6,4.7,0.0,93,3
16.2,6.8,0.0,89,3
8.8,3.6,0.01,81,3
6.8,3.6,0.02,82,3
22.1,7.6,0.17,96,0
25.4,5.0,0.08,89,0
22.6,3.6,0.1,97,0
25.1,15.8,0.98,90,2
24.0,6.1,1.67,100,0
25.0,14.0,0.06,91,2
25.0,9.0,0.72,94,0
22.0,9.0,0.2,94,0
24.0,9.0,0.51,94,0
24.0,3.6,0.09,95,0
24.0,6.1,0.44,100,0
24.0,9.0,0.24,94,0
24.0,9.0,0.36,94,0
27.5,15.1,0.1,78,2
27.0,9.0,1.37,94,0
25.7,14.4,0.56,95,2
25.4,13.7,0.48,95,2
25.9,15.1,2.25,93,2
24.8,10.4,2.54,97,0
14.1,5.8,2.39,97,3
23.2,17.6,6.61,98,4
25.4,11.9,0.0,94,0
26.0,15.1,1.36,93,2
25.4,12.2,0.22,96,0
25.1,9.4,0.0,93,0
24.0,9.7,0.0,94,0
23.4,13.3,3.52,99,2
25.7,15.1,1.16,95,2
22.7,7.2,0.0,83,0
25.1,9.4,0.05,84,0
27.0,9.0,1.01,94,0
23.4,14.8,2.81,89,2
26.7,7.9,0.47,70,1
27.4,6.5,1.06,64,1
27.0,9.0,0.91,94,0
24.4,11.9,1.74,86,0
22.9,4.7,0.13,87,0
24.2,5.4,0.0,75,0
25.3,13.3,0.09,79,2
24.8,11.2,0.76,82,0
23.8,7.9,0.0,80,0
24.5,12.2,2.56,84,0
27.9,12.2,0.16,66,1
23.8,18.7,1.06,85,2
21.7,10.4,0.0,90,0
21.2,10.4,0.0,92,0
24.7,6.5,0.0,83,0
19.5,7.2,0.02,96,0
21.7,18.0,0.0,89,2
21.2,13.3,0.0,96,0
25.6,8.6,0.89,80,0
21.1,13.7,0.0,96,2
24.2,3.6,0.0,87,0
22.1,16.6,0.0,91,2
25.0,9.0,0.24,94,0
23.8,14.0,0.0,82,2
19.9,14.0,0.22,94,2
19.9,6.8,0.0,98,0
25.0,7.6,0.0,76,0
23.0,11.2,0.04,89,0
21.4,5.4,0.83,90,0
20.4,7.6,0.0,98,0
22.9,15.8,0.0,85,2
22.6,8.6,0.0,89,0
22.9,5.8,0.0,87,0
22.9,7.9,0.0,86,0
25.0,9.7,0.24,81,0
23.5,7.9,0.33,85,0
20.9,7.2,0.0,98,0
23.7,7.9,0.1,94,0
23.2,13.0,0.06,96,0
23.8,5.4,0.0,88,0
23.9,9.0,0.0,92,0
25.3,8.6,0.0,85,0
21.3,5.0,0.05,96,0
21.5,10.4,0.0,95,0
22.1,8.3,0.08,94,0
23.6,10.4,0.2,96,0
23.9,18.0,0.0,93,2
25.4,5.8,0.03,90,0
25.0,16.9,0.89,94,2
22.5,8.3,1.11,94,0
22.9,9.7,0.8,97,0
23.0,3.6,2.67,99,0
23.3,7.2,0.02,86,0
23.3,7.9,0.0,87,0
27.0,3.6,0.06,94,0
26.0,10.4,0.05,90,0
25.0,16.9,2.89,94,2
20.5,6.8,0.0,97,0
23.1,5.4,0.0,95,0
27.0,9.0,2.94,94,0
27.0,9.0,2.02,94,0
24.8,8.3,0.0,88,0
26.0,15.1,0.0,92,2
23.4,5.4,0.0,97,0
27.0,9.0,1.24,94,0
25.4,4.7,0.08,95,0
27.6,22.7,1.03,85,2
25.5,7.6,0.27,91,0
23.0,7.9,0.0,96,0
25.8,11.5,0.23,93,0
22.8,7.6,0.01,96,0
22.8,3.6,0.06,96,0
28.7,11.5,0.0,61,1
29.4,21.2,0.0,63,2
27.3,9.0,0.0,65,1
30.7,6.8,0.0,56,1
29.3,12.2,0.0,67,1
28.6,16.6,0.0,69,2
30.7,6.8,0.0,55,1
28.7,15.8,0.0,70,2
29.8,11.9,0.0,54,1
32.0,15.1,0.0,55,1
25.1,6.1,0.0,83,0
27.7,5.0,0.0,73,1
26.4,3.6,0.0,82,0
26.1,3.6,0.21,84,0
28.0,11.5,0.06,76,1
23.9,5.8,0.1,88,0
26.8,7.6,0.0,71,1
27.1,4.0,0.0,80,0
24.2,11.2,0.0,92,0
27.5,11.2,0.0,64,1
26.5,7.6,0.0,82,0
26.3,9.7,0.48,82,0
25.3,5.4,0.0,91,0
27.4,23.0,0.0,81,2
26.7,6.5,0.0,73,1
26.6,17.6,0.0,84,2
27.0,3.6,0.02,84,0
24.0,9.0,0.0,94,0
23.0,4.7,1.4,94,0
25.6,7.2,0.0,84,0
27.0,3.6,0.04,84,0
24.3,4.0,0.0,85,0
24.8,9.7,0.36,84,0
23.2,5.4,0.0,83,0
23.4,4.7,0.85,90,0
24.5,8.6,0.1,87,0
25.3,9.0,0.0,86,0
25.3,5.8,1.51,87,0
24.1,9.0,0.0,94,0
27.1,10.1,0.0,78,0
24.7,11.5,0.0,92,0
26.8,7.6,2.12,78,0
26.9,7.6,0.0,79,0
27.3,8.6,0.0,77,1
23.7,7.9,0.71,92,0
24.5,6.5,0.0,88,0
24.6,8.3,1.17,89,0
27.0,4.3,0.0,79,0
26.5,6.1,0.56,81,0
26.1,9.7,0.0,85,0
25.9,15.5,2.39,93,2
25.0,9.4,0.18,89,0
26.2,8.6,0.06,84,0
23.1,9.0,0.0,95,0
27.2,7.9,0.0,80,0
27.2,8.3,0.0,78,0
24.1,9.0,0.0,96,0
24.2,12.2,0.0,93,0
28.9,9.0,0.05,57,1
24.8,13.3,0.07,92,2
24.9,15.5,0.02,93,2
24.2,3.6,0.0,93,0
24.9,8.3,0.07,95,0
26.6,7.9,0.0,85,0
25.1,10.8,0.0,93,0
27.2,7.6,0.0,83,0
24.7,10.8,0.01,95,0
24.0,11.5,0.0,95,0
24.7,9.7,0.01,94,0
26.9,8.3,0.05,84,0
24.4,13.3,0.0,92,2
24.5,14.8,0.19,95,2
24.8,10.1,0.0,95,0
23.6,7.6,1.06,92,0
23.7,8.3,0.01,90,0
26.6,7.6,0.0,84,0
27.6,7.2,0.0,76,1
26.9,23.4,1.66,84,2
27.1,24.8,0.0,84,2
24.1,12.6,0.0,88,0
24.8,7.9,0.0,94,0
24.7,10.8,0.08,96,0
26.7,4.7,0.0,82,0
26.7,8.3,0.0,86,0
25.9,4.0,0.0,81,0
24.7,11.9,0.46,96,0
23.0,5.0,0.0,88,0
24.5,6.1,0.19,85,0
24.0,9.0,0.01,94,0
24.8,7.2,0.05,90,0
27.6,6.5,0.0,71,1
25.6,3.6,0.0,85,0
27.0,3.6,0.0,77,0
22.7,9.0,0.3,93,0
26.1,3.6,0.0,77,0
23.6,6.8,0.0,88,0
24.1,4.3,0.01,90,0
23.7,6.1,0.05,90,0
22.5,7.2,0.0,93,0
22.7,5.0,0.0,91,0
24.8,6.1,1.2,89,0
22.7,6.1,0.12,92,0
22.7,6.8,0.0,92,0
23.5,5.8,0.06,90,0
23.9,5.4,0.0,91,0
24.2,5.8,1.57,94,0
23.9,5.0,0.0,89,0
23.9,4.0,0.53,91,0
23.0,16.9,0.14,94,2
24.3,3.6,0.26,87,0
21.6,3.6,0.0,96,0
22.0,6.8,1.51,99,0
23.2,3.6,0.4,98,0
26.6,19.8,0.53,90,2
23.8,3.6,0.09,98,0
23.6,14.4,20.04,99,4
22.7,10.8,0.57,96,0
18.5,3.6,0.0,98,0
27.0,4.0,0.33,94,0
24.8,5.4,0.06,96,0
25.7,15.1,0.21,94,2
25.7,15.1,0.02,94,2
25.2,7.2,0.0,94,0
25.4,12.2,0.0,96,0
24.1,6.1,1.24,84,0
24.6,7.2,0.0,90,0
23.6,13.0,0.0,92,2
24.4,7.6,0.11,93,0
25.0,9.7,0.0,78,0
24.1,5.4,0.0,86,0
22.0,4.3,1.47,91,0
22.2,3.6,0.45,95,0
22.7,7.2,0.04,96,0
23.0,9.7,0.0,94,0
23.2,4.3,0.03,92,0
24.7,3.6,0.0,87,0
23.2,3.6,0.0,95,0
23.0,3.6,0.15,96,0
23.1,14.4,0.0,95,2
24.5,4.0,0.0,87,0
23.1,11.2,0.0,95,0
23.9,10.8,0.0,93,0
24.1,5.0,0.0,84,0
23.8,11.9,0.0,91,0
26.1,5.8,0.0,79,0
24.9,5.0,0.0,79,0
23.6,14.4,0.0,93,2
26.4,7.6,0.0,77,0
27.2,3.6,0.0,75,1
26.6,5.8,0.0,81,0
23.7,13.7,0.0,95,2
24.0,12.6,0.0,92,0
22.5,4.7,0.01,91,0
26.8,3.6,0.0,77,0
24.5,6.1,0.0,84,0
27.0,3.6,0.8,94,0
22.8,4.0,0.0,95,0
24.2,11.5,0.04,93,0
23.5,10.4,0.0,94,0
27.3,4.3,0.0,67,1
22.6,3.6,0.0,95,0
23.5,11.9,0.0,94,0
25.0,5.8,0.0,82,0
26.6,3.6,0.0,80,0
23.7,7.9,0.0,93,0
22.7,4.7,0.0,91,0
24.2,5.4,0.0,86,0
26.0,13.0,0.02,90,2
15.3,9.0,0.0,69,3
14.0,12.6,0.0,62,3
14.7,8.6,0.0,68,3
23.5,5.0,0.05,97,0
14.3,9.4,0.0,60,3
15.8,8.6,0.0,64,3
25.7,6.8,0.0,86,0
23.9,5.0,0.0,67,1
12.9,3.6,0.08,66,3
8.4,5.4,0.0,62,3
1.5,9.0,0.0,37,3
12.3,3.6,0.13,60,3
15.1,10.4,0.04,66,3
13.6,3.6,0.18,62,3
16.9,9.0,0.03,70,3
26.9,5.8,0.0,81,0
12.1,6.8,0.0,65,3
23.3,4.7,0.0,67,1
22.9,7.2,0.0,66,1
7.3,8.6,0.0,50,3
11.3,4.0,0.0,67,3
25.0,12.2,0.02,94,0
27.0,17.3,0.0,87,2
27.0,15.8,0.0,82,2
24.1,5.8,0.0,93,0
26.3,11.5,1.65,91,0
26.7,17.3,0.0,84,2
26.5,11.5,0.79,88,0
25.8,15.8,0.0,89,2
26.7,11.9,0.0,86,0
27.1,13.0,0.0,85,2
25.9,11.2,0.03,90,0
24.9,7.9,0.01,94,0
27.2,20.5,0.0,88,2
25.7,13.3,0.14,91,2
26.0,13.3,0.33,90,2
27.1,19.1,0.0,85,2
27.1,18.0,0.01,88,2
27.0,6.1,0.32,89,0
26.7,18.4,0.0,86,2
27.0,6.1,2.11,89,0
25.3,11.9,0.01,92,0
27.0,11.5,0.0,89,0
25.3,3.6,0.35,96,0
27.1,15.8,0.0,88,2
28.4,14.0,1.07,74,2
26.0,7.9,1.11,80,0
26.2,13.7,1.51,91,2
25.1,13.0,0.0,82,2
25.9,8.3,0.3,90,0
25.3,7.6,0.17,94,0
25.6,20.5,0.51,74,2
25.0,6.1,0.0,95,0
23.5,10.8,7.64,93,4
24.8,7.6,1.72,94,0
24.6,7.2,0.0,95,0
22.7,6.1,0.0,96,0
23.0,8.3,0.0,95,0
22.8,7.2,0.0,96,0
23.5,6.1,0.0,96,0
24.9,6.5,0.56,92,0
21.8,7.9,0.0,96,0
24.0,14.0,2.44,98,2
25.0,7.9,0.21,95,0
25.3,9.0,1.24,92,0
24.7,6.5,1.67,96,0
24.6,6.5,0.05,93,0
24.7,5.8,1.54,94,0
22.0,8.6,0.0,98,0
22.7,6.5,0.0,97,0
27.0,9.0,0.49,94,0
24.0,20.5,2.13,98,2
23.4,20.9,4.49,98,2
23.3,19.1,14.79,98,4
25.0,3.6,0.03,100,0
23.0,4.0,0.1,94,0
24.8,5.8,0.64,97,0
22.6,21.6,1.34,97,2
24.1,19.8,0.0,94,2
23.5,23.0,1.16,97,2
24.0,13.3,0.13,94,2
24.3,12.6,0.19,95,0
23.7,18.4,0.42,93,2
24.6,8.6,0.13,96,0
23.2,24.1,0.87,96,2
27.0,9.0,0.06,94,0
23.6,23.4,0.18,96,2
23.9,22.3,0.36,97,2
24.5,6.8,0.19,95,0
23.9,15.8,0.25,97,2
24.1,15.8,0.24,97,2
24.3,16.6,0.12,97,2
24.4,6.5,0.43,96,0
24.3,16.6,0.1,97,2
23.5,20.5,4.42,98,2
25.0,4.0,0.0,100,0
23.7,6.1,0.0,76,0
28.9,8.6,0.0,63,1
25.0,7.6,0.0,72,1
25.0,4.0,0.78,100,0
23.9,3.6,0.06,77,0
27.0,6.8,0.93,72,1
24.8,3.6,0.22,82,0
27.5,9.4,0.0,71,1
28.0,9.4,0.0,64,1
28.8,8.6,0.0,62,1
29.3,7.9,0.0,62,1
27.6,9.0,0.0,71,1
27.7,7.6,0.0,68,1
23.8,7.2,0.0,72,0
22.8,7.2,0.0,53,1
26.1,4.7,0.05,84,0
26.9,24.1,0.0,79,2
22.1,5.8,0.0,99,0
26.3,6.8,1.17,80,0
10.4,3.6,0.28,96,3
23.7,3.6,1.58,98,0
23.5,3.6,0.7,98,0
23.5,11.9,1.96,98,0
24.1,3.6,0.0,97,0
22.6,6.8,1.61,98,0
23.2,6.8,0.67,96,0
24.6,8.3,0.05,92,0
18.3,4.3,2.88,97,0
23.9,3.6,1.11,98,0
23.7,5.4,0.22,97,0
24.0,3.6,0.45,98,0
23.9,3.6,1.58,97,0
27.3,16.9,0.0,81,2
27.7,22.3,0.0,79,2
25.1,5.0,0.0,88,0
21.0,3.6,0.0,99,0
25.5,3.6,0.07,87,0
19.0,3.6,0.0,100,0
15.2,3.6,0.0,98,3
19.2,3.6,0.0,98,0
22.9,3.6,4.39,99,0
20.5,4.0,0.65,99,0
16.7,3.6,0.06,100,0
22.7,3.6,0.0,98,0
27.0,4.0,0.4,99,0
17.4,3.6,0.16,99,0
23.7,5.4,0.0,98,0
23.3,3.6,0.0,97,0
23.8,5.4,0.0,98,0
21.0,15.1,3.48,100,2
22.4,5.4,0.03,95,0
23.5,9.0,0.26,96,0
22.6,6.5,0.2,94,0
23.9,4.0,0.0,97,0
23.4,9.7,0.0,93,0
22.6,6.1,0.0,94,0
22.2,8.3,0.03,96,0
26.7,8.6,0.0,74,1
23.8,11.9,0.12,95,0
23.1,6.8,0.0,51,1
23.7,15.8,0.81,86,2
23.4,9.4,1.57,97,0
23.1,5.8,0.79,98,0
23.3,4.0,0.68,97,0
23.2,5.8,0.12,95,0
19.8,6.8,0.0,90,0
18.2,3.6,0.0,93,0
19.5,5.0,0.7,95,0
-2.7,3.6,0.0,85,3
21.7,7.2,0.0,93,0
22.2,5.8,0.0,91,0
15.5,4.7,0.0,94,3
15.8,7.9,0.0,90,3
8.7,3.6,0.06,92,3
7.3,3.6,0.06,89,3
21.6,4.3,0.0,94,0
25.1,5.0,0.13,88,0
26.1,6.8,0.03,81,0
24.0,6.1,0.03,100,0
25.6,8.6,0.04,83,0
23.0,6.8,0.37,100,0
22.4,11.9,0.01,91,0
22.0,13.0,0.0,100,0
23.5,4.0,0.0,94,0
24.0,6.1,0.12,100,0
25.0,13.0,0.05,89,2
22.0,13.0,0.03,100,0
27.8,19.8,0.0,77,2
27.0,3.6,1.49,94,0
25.5,14.8,1.33,94,2
25.7,13.7,1.91,92,2
27.0,9.0,0.73,89,0
25.8,6.5,1.57,90,0
13.4,7.6,3.16,97,3
22.6,11.9,1.85,98,0
25.4,10.1,0.0,94,0
27.0,9.0,0.33,89,0
25.2,11.5,0.68,96,0
25.2,10.1,0.0,93,0
24.6,8.6,0.15,94,0
22.7,7.6,2.2,98,0
25.3,9.0,0.0,94,0
27.0,9.0,0.16,89,0
22.9,6.5,0.0,64,1
22.9,6.1,0.0,65,1
23.7,4.3,0.0,66,1
25.0,3.6,0.02,94,0
25.0,3.6,0.03,94,0
23.3,5.4,0.01,69,1
24.7,7.2,0.0,69,1
25.9,9.4,0.0,64,1
24.9,9.0,0.02,70,1
23.5,4.3,0.12,67,1
23.9,3.6,0.0,68,1
23.7,6.8,0.45,69,1
22.9,5.8,0.0,70,0
22.8,6.1,0.0,57,1
24.6,8.3,0.31,67,1
26.9,9.4,0.0,67,1
24.0,6.8,0.0,72,0
21.8,4.3,0.0,95,0
21.2,13.3,0.0,91,0
20.8,12.2,0.0,93,0
24.4,9.7,1.81,84,0
19.1,7.2,0.01,98,0
21.1,23.0,0.0,91,2
21.4,15.1,0.0,93,2
25.0,12.6,0.08,82,2
21.0,15.1,0.47,100,2
21.5,12.2,0.0,92,0
22.0,10.4,0.0,95,0
23.8,11.5,0.02,88,0
22.0,18.0,0.0,92,2
23.0,6.8,0.57,100,0
23.2,15.5,0.3,87,2
19.7,15.1,0.0,95,2
20.6,9.7,0.0,92,0
24.6,14.4,0.0,79,2
23.0,11.2,0.21,89,0
20.9,6.8,0.3,93,0
20.6,8.3,0.0,96,0
23.3,17.6,0.59,88,2
23.0,11.2,1.44,89,0
22.9,12.6,0.0,93,0
21.7,7.6,0.0,91,0
22.0,12.6,0.0,94,0
23.7,14.4,0.0,89,2
22.4,11.5,0.0,91,0
21.3,6.8,0.0,98,0
24.1,5.0,0.0,94,0
24.2,19.4,0.01,91,2
23.6,11.9,0.0,93,0
24.8,9.7,0.08,93,0
23.3,10.1,0.0,94,0
24.8,4.7,0.06,88,0
20.1,5.8,0.0,97,0
21.6,9.7,0.0,96,0
21.2,7.9,0.0,93,0
24.2,8.6,0.18,93,0
23.9,18.0,0.05,91,2
25.0,3.6,0.31,90,0
25.0,4.0,1.37,94,0
24.1,16.2,0.0,89,2
23.9,16.6,0.0,91,2
23.6,4.0,0.19,94,0
22.3,12.6,0.06,93,0
23.0,4.0,0.0,94,0
26.0,3.6,0.14,100,0
25.3,7.6,0.65,92,0
26.0,3.6,0.1,100,0
21.3,4.3,0.48,94,0
23.8,4.0,0.0,93,0
25.1,5.0,0.01,88,0
23.8,3.6,0.0,97,0
25.7,13.7,0.64,93,2
24.0,5.0,0.0,95,0
27.0,3.6,0.07,94,0
25.5,4.7,0.82,93,0
26.9,19.1,1.79,89,2
25.4,6.1,0.08,91,0
25.5,8.3,0.0,95,0
23.6,6.5,0.0,93,0
23.9,3.6,0.09,96,0
24.0,6.5,0.0,94,0
29.1,11.9,0.0,56,1
29.8,23.4,0.0,70,2
27.7,7.9,0.14,59,1
29.7,9.4,0.0,55,1
28.9,10.8,0.1,68,1
28.2,14.8,0.69,78,2
29.7,5.4,0.0,54,1
28.4,18.0,0.07,75,2
30.0,10.1,0.0,52,1
30.9,16.6,0.0,61,1
23.4,14.8,0.0,94,2
25.6,10.1,0.1,75,1
28.5,5.8,0.0,68,1
26.3,9.0,0.0,78,0
26.7,9.0,0.0,79,0
26.7,12.2,0.45,82,2
23.8,4.3,0.14,82,0
27.0,9.4,0.0,74,1
27.3,7.9,0.02,75,1
24.4,7.9,0.02,91,0
24.1,9.4,0.08,88,0
28.0,9.7,0.0,57,1
26.3,7.9,0.0,85,0
25.6,6.8,0.01,86,0
27.0,6.8,0.03,84,0
25.5,8.6,0.02,82,0
27.8,13.3,0.0,74,2
26.8,10.4,0.0,69,1
26.0,13.0,0.0,84,2
27.0,6.8,0.29,84,0
25.0,13.0,1.14,89,2
22.8,6.5,6.77,98,4
25.6,7.9,0.01,82,0
27.0,6.8,0.58,84,0
23.5,3.6,0.04,85,0
24.2,17.6,0.79,82,2
23.5,14.8,0.08,83,2
22.4,7.2,8.03,96,4
23.3,7.9,0.12,94,0
24.5,5.4,0.86,89,0
25.2,7.9,0.0,85,0
23.9,7.9,0.0,93,0
24.2,8.3,0.0,90,0
25.2,6.1,0.0,84,0
26.5,8.3,0.0,81,0
23.1,4.3,0.02,93,0
25.0,4.0,0.2,100,0
24.6,8.6,0.16,91,0
23.3,8.6,0.0,94,0
24.2,5.8,0.38,90,0
27.0,8.6,0.0,77,0
26.2,7.9,0.0,81,0
24.9,6.8,0.0,88,0
25.6,11.2,0.12,94,0
24.5,6.8,0.0,88,0
25.5,6.8,0.0,84,0
23.0,6.5,0.06,95,0
26.4,6.8,0.0,81,0
23.8,7.2,0.0,95,0
23.2,7.9,0.0,93,0
27.8,9.4,0.0,67,1
23.8,7.9,0.0,94,0
24.5,10.4,0.85,96,0
24.8,3.6,0.01,91,0
24.5,3.6,0.01,94,0
25.4,6.1,0.0,86,0
24.1,13.3,0.01,96,2
26.3,5.0,0.0,84,0
24.5,5.8,0.03,95,0
24.0,7.6,0.0,93,0
23.8,6.8,0.0,96,0
25.8,4.0,0.0,87,0
23.8,10.1,0.06,94,0
23.8,3.6,0.0,79,0
24.0,9.7,0.08,95,0
24.2,7.9,0.0,95,0
23.3,4.3,0.17,91,0
23.3,7.9,0.0,89,0
25.9,6.5,0.0,84,0
27.3,8.3,0.0,77,1
27.1,20.5,0.0,78,2
27.0,6.8,0.07,84,0
25.4,6.5,1.06,81,0
25.0,19.1,1.7,94,2
27.0,17.6,0.0,82,2
25.0,19.1,5.9,94,4
24.3,14.8,0.0,83,2
25.2,4.0,0.03,91,0
24.6,6.1,0.05,95,0
26.1,3.6,0.0,81,0
25.4,5.4,0.0,81,0
24.4,8.6,0.06,95,0
22.8,5.8,0.0,87,0
23.8,7.6,5.46,90,4
25.0,13.0,0.02,89,2
24.8,10.1,1.18,87,0
27.2,3.6,0.0,71,1
26.2,7.9,0.0,79,0
27.1,5.8,0.01,76,0
26.7,6.1,0.66,76,0
23.2,11.5,0.0,96,0
26.3,6.5,0.0,75,0
23.7,10.4,0.0,90,0
24.3,5.8,0.1,89,0
22.9,7.9,0.0,94,0
23.3,8.6,0.0,91,0
25.8,4.7,0.11,85,0
23.7,7.6,0.0,91,0
23.8,6.5,0.0,91,0
24.6,3.6,0.08,92,0
25.2,5.0,0.2,92,0
24.2,3.6,0.73,91,0
24.4,3.6,0.23,91,0
24.4,6.5,0.0,86,0
22.1,4.0,1.26,99,0
22.1,5.4,0.0,99,0
24.0,3.6,0.6,97,0
26.0,14.8,0.15,92,2
23.8,4.7,1.17,98,0
23.6,13.3,1.42,98,2
23.1,11.5,0.0,94,0
23.6,3.6,0.32,98,0
25.0,4.0,0.02,100,0
25.2,3.6,0.04,96,0
27.0,9.0,0.1,89,0
27.0,9.0,0.18,89,0
25.3,6.1,0.0,93,0
25.0,10.8,0.12,96,0
22.4,3.6,0.0,99,0
25.5,3.6,5.13,83,0
23.8,13.7,0.0,88,2
24.1,7.2,1.53,95,0
23.8,11.2,0.0,84,0
23.5,7.2,0.0,90,0
21.3,4.3,0.73,97,0
22.9,6.8,0.0,92,0
22.6,9.4,1.42,94,0
22.8,3.6,0.0,92,0
24.1,5.0,0.02,88,0
24.9,7.6,0.0,83,0
23.0,11.2,0.0,83,0
23.7,6.1,0.0,93,0
19.2,5.4,0.0,97,0
22.8,6.5,0.42,95,0
22.8,8.3,0.0,95,0
24.0,5.0,0.0,92,0
22.5,10.8,0.0,98,0
23.7,11.2,0.0,95,0
24.0,7.2,0.0,84,0
23.0,12.2,0.47,95,0
25.7,6.5,0.98,80,0
23.4,9.0,0.0,87,0
23.0,15.1,0.06,93,2
25.3,7.6,0.0,86,0
27.1,6.5,0.0,78,0
28.0,8.3,0.1,72,1
23.5,10.4,0.0,95,0
22.0,9.7,0.0,91,0
23.4,13.3,0.0,95,2
24.0,3.6,0.0,87,0
22.3,5.8,0.0,96,0
23.9,8.3,0.0,92,0
22.8,8.3,0.56,93,0
26.9,9.7,0.0,68,1
22.2,5.4,0.0,95,0
23.1,13.0,0.0,95,0
24.3,8.6,0.0,84,0
26.2,7.2,0.56,82,0
22.5,5.8,0.0,96,0
21.4,4.3,0.09,96,0
22.3,4.0,0.17,95,0
25.6,13.3,0.0,89,2
15.1,8.6,0.0,70,3
23.4,5.4,0.0,95,0
13.2,14.0,0.0,66,3
24.0,5.0,0.0,91,0
14.1,8.6,0.0,60,3
15.8,8.3,0.0,62,3
26.6,10.1,0.72,83,0
22.4,9.4,0.0,70,1
6.7,4.7,0.07,84,3
1.1,7.9,0.03,47,3
9.7,3.6,0.47,77,3
13.5,11.2,0.0,70,3
11.7,3.6,0.51,78,3
15.6,10.4,0.0,68,3
28.4,5.8,0.01,71,1
11.1,9.0,0.09,74,3
22.0,9.4,0.0,70,0
22.0,8.3,0.0,67,1
7.6,8.6,0.07,52,3
9.5,5.4,0.0,74,3
24.7,9.7,0.04,93,0
26.8,16.9,0.09,86,2
26.9,14.8,0.04,83,2
23.8,5.8,0.0,92,0
26.4,8.3,0.03,91,0
26.2,14.4,0.0,85,2
26.2,8.6,0.17,87,0
25.0,12.2,0.0,91,0
25.3,13.3,0.0,89,2
25.9,11.5,2.0,87,0
26.4,13.7,1.0,84,2
25.8,7.6,0.0,89,0
24.7,7.6,0.03,94,0
27.2,20.9,0.12,86,2
25.5,9.7,0.12,90,0
25.8,10.1,0.24,88,0
26.9,17.6,0.0,84,2
27.0,18.0,0.02,86,2
26.5,15.8,0.0,84,2
26.0,6.8,0.11,89,0
25.1,9.4,0.05,91,0
26.6,11.2,1.08,87,0
25.4,5.8,0.23,94,0
27.0,4.3,0.09,85,0
29.2,9.0,0.0,66,1
24.9,11.9,0.08,80,0
25.9,7.2,1.03,89,0
24.8,12.6,1.96,82,2
25.9,9.0,0.0,90,0
25.8,3.6,0.0,88,0
23.9,21.2,1.48,83,2
25.6,7.2,0.01,91,0
26.0,13.3,0.0,78,2
24.9,5.0,0.0,95,0
25.1,3.6,0.0,91,0
23.4,3.6,0.0,93,0
22.9,3.6,0.0,97,0
22.0,3.6,0.01,88,0
23.4,3.6,0.0,92,0
23.8,3.6,0.0,94,0
24.5,3.6,0.0,95,0
21.8,4.0,0.0,90,0
24.6,4.3,0.0,95,0
25.1,3.6,0.0,94,0
24.0,3.6,0.0,96,0
24.3,3.6,0.0,92,0
24.7,3.6,0.0,94,0
22.0,4.0,0.0,91,0
22.1,5.4,0.08,99,0
27.0,9.0,1.13,94,0
23.9,9.0,0.0,96,0
23.3,8.6,0.04,94,0
23.1,9.0,0.38,93,0
21.8,8.6,0.0,93,0
24.4,6.5,0.0,98,0
23.0,7.6,0.0,89,0
23.2,9.0,1.03,94,0
23.0,9.0,1.59,96,0
23.5,8.6,0.0,91,0
23.6,8.3,0.0,94,0
24.5,6.5,0.0,95,0
23.4,7.9,0.06,89,0
27.0,9.0,0.52,94,0
22.9,3.6,0.0,94,0
23.0,8.6,0.46,93,0
23.1,9.0,1.11,97,0
24.1,6.1,0.01,96,0
23.7,7.9,0.0,97,0
23.9,7.9,0.0,97,0
24.0,8.6,0.0,97,0
24.2,6.1,0.0,97,0
23.9,8.6,0.0,97,0
23.5,9.0,0.0,94,0
23.7,8.3,0.0,77,0
27.5,3.6,0.0,62,1
25.2,6.5,0.0,68,1
25.0,3.6,0.36,94,0
24.9,6.8,0.0,70,1
26.2,4.7,0.0,66,1
28.1,4.3,0.0,60,1
25.3,9.7,0.88,70,1
26.9,6.8,0.16,62,1
27.3,5.8,0.0,64,1
28.2,4.7,0.0,61,1
26.5,3.6,0.74,66,1
24.1,9.0,0.0,71,1
22.8,8.6,0.0,59,1
25.5,10.4,0.68,88,0
25.5,23.0,2.28,89,2
25.0,8.3,1.14,85,0
9.4,3.6,0.0,93,3
23.4,6.8,1.0,95,0
23.5,3.6,1.75,95,0
23.5,10.1,1.01,94,0
23.0,6.1,0.03,89,0
23.7,9.0,0.0,94,0
23.6,5.8,1.48,97,0
24.1,3.6,1.02,94,0
23.3,3.6,1.04,97,0
26.7,17.3,1.49,81,2
27.2,17.6,1.2,83,2
24.9,7.6,0.38,90,0
18.1,3.6,0.0,99,0
19.1,3.6,0.0,98,0
22.3,4.0,0.0,97,0
18.0,4.7,0.0,98,0
16.3,3.6,0.0,100,0
21.5,3.6,0.0,97,0
26.3,4.7,0.0,99,0
16.9,3.6,0.0,99,0
23.8,5.0,0.11,98,0
23.8,5.8,0.1,98,0
22.0,9.0,0.0,88,0
22.2,3.6,0.01,94,0
22.5,6.1,0.0,96,0
23.5,3.6,1.31,97,0
23.3,7.9,0.0,92,0
23.1,11.2,0.0,96,0
21.9,5.4,0.0,95,0
26.3,10.1,0.0,75,1
23.6,7.9,0.0,91,0
23.6,8.3,0.0,58,1
23.0,15.1,0.0,87,2
23.5,7.9,0.0,92,0
23.6,4.3,0.0,94,0
23.8,6.1,0.0,92,0
19.0,7.6,0.0,80,0
17.7,4.7,0.14,92,0
19.0,6.5,0.12,93,0
-4.2,3.6,0.0,68,3
22.1,8.3,0.02,85,0
21.9,7.2,0.06,82,0
14.8,5.0,0.0,91,3
15.7,7.6,0.0,84,3
6.6,7.6,0.0,82,3
5.6,4.3,0.0,75,3
21.7,3.6,0.0,92,0
24.6,8.3,0.0,91,0
22.4,4.0,0.0,96,0
26.2,15.5,0.04,83,2
25.0,4.0,0.01,94,0
25.6,15.8,0.06,87,2
24.0,9.0,0.09,94,0
21.9,11.5,0.0,91,0
23.8,5.0,0.0,95,0
24.0,11.2,0.01,100,0
24.0,15.1,0.01,89,2
27.0,6.8,0.02,89,0
27.6,22.0,0.35,81,2
25.9,6.1,0.0,92,0
25.7,4.7,0.0,94,0
24.5,7.9,0.0,94,0
17.5,7.6,0.0,85,0
23.4,6.1,0.0,88,0
25.9,4.0,0.0,91,0
25.5,5.4,0.0,93,0
25.9,3.6,0.0,89,0
24.9,3.6,0.0,90,0
23.0,9.0,0.01,91,0
22.5,8.6,0.0,67,1
24.4,8.6,0.0,70,1
24.5,6.5,0.0,72,1
24.7,5.8,0.03,71,1
24.2,6.8,0.51,74,0
24.6,11.2,0.0,77,0
24.5,7.2,0.0,72,1
25.0,7.9,0.0,69,1
25.0,10.4,0.0,75,0
24.9,9.7,0.0,73,1
23.7,6.8,0.0,66,1
25.8,5.4,0.0,70,1
26.7,11.9,0.0,68,1
24.3,4.3,0.0,72,0
21.1,11.9,0.0,89,0
20.3,12.2,0.0,93,0
24.6,13.3,0.85,83,2
21.3,21.2,0.0,90,2
21.1,13.0,0.0,96,0
25.1,18.4,1.7,79,2
20.9,12.6,0.0,94,0
21.8,10.4,0.0,93,0
23.4,11.2,0.02,85,0
21.6,15.8,0.0,93,2
24.0,9.0,0.02,94,0
19.8,14.4,0.0,90,2
20.0,7.6,0.0,97,0
24.0,15.8,0.22,81,2
20.7,10.8,0.0,91,0
20.2,11.2,0.0,94,0
23.0,18.0,0.0,87,2
22.5,14.4,0.01,91,2
22.5,5.8,0.59,89,0
21.6,13.3,0.02,93,0
23.7,14.0,0.08,86,2
22.3,10.8,0.01,88,0
20.8,6.8,0.0,97,0
24.0,8.3,0.08,95,0
23.4,18.4,0.0,94,2
23.6,9.7,0.12,88,0
22.4,9.0,0.0,91,0
24.3,4.7,0.0,88,0
19.6,6.1,0.0,97,0
21.1,9.0,0.0,95,0
21.0,7.9,0.0,94,0
22.9,11.5,0.0,97,0
23.7,15.8,0.0,89,2
25.0,6.1,0.04,88,0
22.3,9.4,0.0,92,0
23.2,14.0,0.0,94,2
23.3,7.2,0.03,91,0
22.5,11.9,0.48,90,0
22.5,7.9,0.05,90,0
26.0,3.6,0.19,100,0
25.9,4.7,0.24,84,0
26.0,3.6,0.38,100,0
21.2,3.6,0.01,91,0
24.1,4.0,0.0,92,0
25.5,3.6,0.0,86,0
26.3,7.9,0.0,88,0
26.2,3.6,0.0,89,0
27.2,12.6,0.18,89,2
24.0,3.6,0.0,93,0
26.2,7.9,0.0,89,0
23.3,3.6,0.05,90,0
28.2,11.5,0.0,60,1
28.3,25.9,0.0,66,2
26.7,11.5,0.0,68,1
27.8,9.4,0.0,60,1
28.0,13.7,0.0,71,1
27.2,22.0,0.0,72,2
27.2,8.6,0.29,64,1
28.1,14.8,0.0,73,2
28.5,13.3,0.0,60,1
30.6,16.9,0.0,59,1
24.0,10.1,0.21,85,0
26.0,3.6,0.22,89,0
24.9,11.2,0.0,84,0
26.8,11.5,0.0,78,0
26.1,9.4,0.0,77,0
28.6,4.0,0.0,69,1
23.8,9.7,0.0,91,0
23.8,10.4,0.0,90,0
27.0,10.8,0.0,65,1
25.8,9.7,0.01,81,0
28.0,15.1,1.28,70,2
28.0,15.1,0.2,70,2
26.7,10.1,0.1,73,1
28.1,13.0,0.15,72,1
27.0,13.7,0.0,68,1
26.2,13.0,0.2,82,2
28.0,15.1,0.81,70,2
22.5,3.6,0.0,94,0
25.8,10.4,0.37,78,0
28.0,15.1,0.77,70,2
22.9,4.7,0.74,84,0
24.7,13.3,0.47,82,2
22.7,13.0,0.0,86,2
22.8,3.6,0.0,94,0
23.4,8.3,1.6,93,0
25.2,8.3,0.35,84,0
25.7,10.4,0.02,82,0
23.4,9.7,0.0,95,0
25.8,8.6,0.05,76,0
23.9,8.3,0.0,93,0
26.1,6.8,0.21,75,0
26.3,3.6,0.31,77,0
25.9,5.8,0.53,76,0
23.6,10.1,0.0,91,0
23.4,9.7,0.87,92,0
24.0,8.6,0.33,91,0
28.3,3.6,0.01,68,1
27.0,8.6,0.22,73,1
25.2,10.8,0.04,87,0
24.0,8.6,0.37,91,0
25.6,8.6,0.16,81,0
22.6,11.9,0.28,96,0
27.5,5.4,0.36,70,1
27.7,5.8,0.05,70,1
23.1,9.7,0.0,95,0
22.7,8.6,0.0,95,0
25.6,7.6,0.11,68,1
22.9,10.1,0.0,96,0
24.2,8.3,0.0,95,0
24.6,4.0,0.0,91,0
26.3,10.1,0.0,84,0
24.1,9.7,0.0,96,0
27.9,7.2,0.04,75,1
23.0,11.2,0.0,96,0
23.4,7.9,0.0,97,0
26.3,7.9,0.0,82,0
23.9,9.0,0.0,91,0
24.7,7.2,0.0,74,0
23.6,9.0,0.0,92,0
24.2,7.9,0.47,84,0
23.9,9.0,0.03,81,0
27.2,7.9,0.0,73,1
28.8,4.7,0.0,66,1
26.8,20.2,1.43,83,2
28.0,15.1,0.5,70,2
24.0,19.1,0.01,94,2
27.1,15.1,0.9,82,2
24.0,19.1,0.07,94,2
25.2,17.6,0.0,83,2
23.5,6.8,0.0,93,0
24.3,3.6,0.0,94,0
26.0,6.8,0.6,82,0
25.7,11.5,0.0,87,0
25.1,6.1,0.98,80,0
24.4,7.6,0.01,95,0
22.8,7.2,0.0,87,0
24.8,9.4,0.0,88,0
27.6,7.2,0.0,63,1
25.0,9.4,0.0,86,0
27.8,6.1,0.0,73,1
26.4,5.8,0.0,77,0
22.7,10.8,0.0,98,0
26.3,11.2,0.0,74,1
23.5,12.2,0.0,90,0
24.2,4.7,0.5,90,0
24.2,8.6,0.01,90,0
22.1,7.6,0.0,95,0
23.1,9.7,0.02,93,0
25.5,9.4,0.0,87,0
22.4,8.3,0.32,93,0
22.2,8.6,0.02,92,0
23.6,9.0,0.01,93,0
24.2,6.8,0.1,90,0
24.6,7.9,0.0,92,0
24.3,8.6,0.05,92,0
24.3,8.3,0.17,85,0
20.7,3.6,0.0,95,0
26.9,7.6,0.0,86,0
23.6,3.6,1.5,97,0
25.0,3.6,0.14,94,0
25.8,11.2,0.17,81,0
23.3,12.6,0.0,90,0
22.9,6.1,0.0,93,0
24.5,7.2,0.01,82,0
24.0,3.6,0.12,86,0
21.7,7.6,0.0,87,0
21.7,3.6,0.04,93,0
23.0,7.2,0.0,90,0
22.7,4.7,0.0,86,0
25.7,7.2,0.0,80,0
24.8,3.6,0.0,81,0
20.6,6.1,0.0,93,0
22.7,5.4,0.0,92,0
23.2,5.8,0.0,95,0
25.1,4.3,0.0,77,0
23.0,10.1,0.0,94,0
22.9,4.7,0.96,87,0
23.7,10.1,0.0,87,0
25.7,5.0,0.0,82,0
23.9,7.6,0.15,85,0
23.3,12.6,0.0,91,0
25.7,5.4,0.0,82,0
26.7,6.1,0.0,76,0
27.2,7.2,0.0,75,1
23.3,10.8,0.0,96,0
22.0,9.7,0.0,90,0
23.8,12.6,0.12,94,0
21.6,3.6,0.0,90,0
26.2,7.2,0.0,77,0
24.3,3.6,0.0,84,0
23.9,3.6,0.01,84,0
23.2,6.8,0.03,90,0
26.5,3.6,0.0,69,1
21.7,4.0,0.0,90,0
24.5,5.8,0.18,84,0
26.0,6.1,0.0,77,0
23.7,4.3,0.75,90,0
22.5,3.6,0.0,90,0
24.1,3.6,0.11,86,0
25.2,10.1,0.0,88,0
17.6,8.3,0.0,79,0
26.8,5.0,0.01,79,0
13.5,13.0,0.0,54,3
23.9,3.6,1.27,93,0
13.9,9.4,0.0,52,3
15.2,8.6,0.0,63,3
28.0,7.2,0.05,71,1
22.5,5.8,0.0,55,1
10.8,3.6,0.0,74,3
6.2,5.8,0.0,75,3
-0.2,8.3,0.01,58,3
9.7,3.6,0.0,75,3
11.9,12.6,0.0,67,3
10.7,3.6,0.0,75,3
15.6,13.3,0.0,66,3
28.4,3.6,0.04,72,1
10.9,13.0,0.0,55,3
22.4,5.4,0.0,56,1
21.8,5.4,0.0,58,1
5.6,6.8,0.0,67,3
9.5,6.8,0.0,73,3
24.3,10.1,0.01,93,0
26.3,11.5,0.0,81,0
26.9,10.8,0.0,83,0
24.0,4.7,0.08,92,0
25.7,10.8,0.0,93,0
26.2,11.9,0.0,81,0
25.7,10.8,0.01,90,0
25.0,9.0,0.0,87,0
25.1,9.4,0.0,80,0
26.3,4.7,0.02,85,0
26.8,6.8,0.0,80,0
24.7,10.1,0.57,94,0
26.2,11.5,0.0,81,0
26.5,16.9,0.0,73,2
25.0,11.2,0.09,91,0
25.4,11.2,0.2,90,0
25.8,14.0,0.0,77,2
26.4,13.0,0.0,75,2
27.0,6.8,0.01,89,0
25.9,10.4,0.0,77,0
26.1,7.9,0.0,87,0
25.1,4.0,0.0,94,0
26.9,3.6,0.0,87,0
28.1,8.3,0.51,69,1
24.4,7.6,0.15,83,0
26.3,3.6,0.01,89,0
23.7,12.6,0.27,87,0
25.2,4.3,0.0,91,0
24.3,19.8,0.54,81,2
25.6,8.3,0.54,84,0
25.6,5.0,0.98,92,0
25.3,3.6,0.11,91,0
23.3,3.6,0.25,95,0
24.2,5.4,0.0,88,0
25.2,4.3,0.05,92,0
22.5,3.6,0.0,91,0
24.8,6.5,0.72,96,0
25.4,7.9,1.46,95,0
25.7,3.6,0.02,90,0
25.4,3.6,0.6,93,0
24.6,3.6,0.0,91,0
25.6,3.6,0.35,91,0
27.0,9.0,0.73,94,0
25.3,14.4,0.81,97,2
24.6,10.8,2.79,94,0
24.3,10.8,0.13,94,0
26.0,3.6,0.26,94,0
22.1,9.0,0.0,94,0
25.6,5.4,0.01,91,0
23.9,11.2,0.0,93,0
24.9,13.0,0.57,93,2
24.4,11.9,0.17,95,0
24.3,10.4,0.0,93,0
24.7,10.4,0.02,93,0
24.6,11.2,0.0,93,0
25.5,7.6,0.1,89,0
24.3,12.6,0.0,92,0
27.0,9.0,0.5,94,0
22.7,3.6,0.01,96,0
24.6,13.3,0.0,93,2
24.8,14.0,0.04,94,2
24.6,4.3,0.33,92,0
25.0,10.8,2.61,94,0
25.2,10.8,2.61,94,0
25.0,9.4,2.64,94,0
25.4,5.0,0.75,91,0
25.0,9.7,2.78,95,0
24.9,10.1,0.43,94,0
23.7,7.9,0.0,81,0
26.1,5.0,0.0,72,1
24.9,6.5,0.0,72,1
24.4,4.7,0.0,75,0
25.2,3.6,0.0,72,1
24.7,3.6,0.0,77,0
25.5,6.8,0.0,75,0
25.0,6.1,0.02,70,1
25.4,3.6,0.01,65,1
25.9,5.0,0.0,71,1
25.5,7.2,0.0,75,0
25.9,3.6,0.0,76,0
24.2,6.8,0.0,73,0
22.8,5.4,0.0,70,0
25.6,10.4,0.31,86,0
27.2,31.3,1.12,82,2
22.9,5.4,0.0,90,0
24.7,7.9,1.94,86,0
10.3,3.6,0.0,91,3
23.4,3.6,0.2,96,0
24.0,10.4,0.0,93,0
24.0,3.6,0.0,95,0
23.2,3.6,0.0,98,0
23.6,3.6,2.51,98,0
23.2,3.6,0.0,89,0
25.4,7.2,0.0,82,0
17.6,9.0,0.0,88,0
19.8,3.6,0.0,97,0
23.2,3.6,0.02,93,0
23.6,4.0,0.08,91,0
23.8,3.6,0.28,95,0
27.0,14.0,0.56,83,2
26.5,20.9,0.67,83,2
20.9,3.6,0.0,99,0
24.9,7.2,0.09,89,0
16.2,3.6,0.0,98,0
18.6,3.6,0.0,99,0
19.6,3.6,0.0,98,0
21.8,4.0,0.0,95,0
19.3,4.3,0.01,98,0
16.6,3.6,0.04,99,0
26.9,4.0,0.0,99,0
17.5,3.6,0.02,99,0
24.1,5.4,0.96,98,0
23.1,3.6,2.53,98,0
21.6,4.0,0.0,96,0
23.8,4.0,1.81,94,0
21.7,4.7,0.26,97,0
22.3,11.2,1.21,97,0
22.8,7.9,0.0,93,0
25.0,7.9,0.0,86,0
21.4,5.8,0.62,97,0
27.3,3.6,0.0,73,1
24.0,6.5,0.07,94,0
22.0,5.8,0.0,69,0
23.4,15.5,0.08,84,2
23.8,9.4,0.11,95,0
24.7,3.6,0.0,88,0
24.2,5.8,0.1,92,0
24.4,3.6,0.05,88,0
18.6,7.6,0.0,87,0
18.3,5.0,0.0,89,0
19.5,7.9,0.0,90,0
-3.7,3.6,0.0,69,3
22.9,5.4,0.0,80,0
21.7,7.6,0.0,86,0
14.9,6.1,0.0,91,3
6.6,9.4,0.0,78,3
5.7,5.8,0.0,70,3
22.5,6.1,0.0,91,0
24.8,8.6,0.0,91,0
22.2,4.0,0.0,98,0
26.1,12.6,0.01,84,2
26.0,6.1,0.05,100,0
25.5,14.4,0.0,88,2
21.7,11.2,0.0,91,0
23.6,4.3,0.0,96,0
26.0,6.1,0.03,100,0
25.0,15.1,0.01,94,2
27.3,23.4,0.83,81,2
25.9,7.9,0.0,95,0
25.8,8.3,0.56,94,0
24.9,8.3,0.94,94,0
16.1,7.2,0.0,92,3
25.8,8.3,0.0,95,0
25.3,7.2,0.0,96,0
25.6,6.8,0.0,95,0
25.2,4.0,2.36,91,0
23.4,7.9,0.0,95,0
21.3,5.0,0.0,60,1
24.7,7.9,0.0,71,1
24.3,5.8,0.0,73,0
25.0,7.2,0.0,71,1
25.1,9.0,0.0,71,1
24.7,4.0,0.0,71,1
23.6,6.1,0.0,72,0
23.6,6.8,0.0,70,1
24.6,4.3,0.0,70,1
24.4,4.3,0.0,73,0
22.6,5.8,0.0,66,1
25.1,4.0,0.0,68,1
25.2,4.3,0.0,77,0
24.6,4.7,0.0,72,0
21.2,9.7,0.0,86,0
20.5,11.5,0.0,92,0
22.9,9.0,10.17,96,4
18.3,8.3,0.0,96,0
20.7,20.9,0.0,92,2
21.2,14.4,0.0,93,2
24.1,11.5,1.48,88,0
20.9,13.7,0.0,92,2
22.4,7.9,0.64,89,0
23.6,8.3,0.42,86,0
21.8,16.2,0.0,90,2
25.0,3.6,0.02,100,0
23.1,16.9,0.07,82,2
19.3,15.5,0.0,92,2
19.9,9.0,0.0,95,0
24.1,14.4,0.0,79,2
20.3,8.6,0.0,91,0
20.6,12.2,0.0,92,0
22.4,16.6,0.0,85,2
22.3,10.8,0.0,91,0
22.5,7.2,0.04,91,0
22.2,10.4,0.03,93,0
23.9,16.9,0.81,87,2
22.4,14.0,1.17,92,2
20.6,7.2,0.0,96,0
24.2,4.7,1.16,93,0
24.3,13.0,0.0,90,2
23.3,10.4,0.01,88,0
24.3,9.7,0.52,90,0
22.5,9.7,0.63,91,0
24.1,7.2,0.0,84,0
19.5,5.0,0.0,97,0
20.7,10.1,0.0,94,0
20.9,6.8,0.0,94,0
23.9,6.1,0.0,87,0
24.8,4.0,0.55,89,0
21.9,13.7,0.88,97,2
23.7,11.5,0.02,93,0
21.9,11.5,0.0,94,0
22.6,12.6,0.0,93,0
25.8,4.0,0.0,85,0
20.5,3.6,0.0,95,0
24.2,4.0,1.14,92,0
25.1,6.1,0.0,92,0
25.8,9.4,0.0,93,0
24.4,3.6,0.42,92,0
25.7,3.6,0.0,94,0
27.4,13.0,0.01,87,2
24.7,3.6,1.26,90,0
25.9,5.8,0.01,94,0
24.4,3.6,1.33,91,0
22.1,3.6,0.06,92,0
29.2,16.2,0.0,54,1
26.1,7.2,0.0,67,1
26.0,7.2,0.0,64,1
27.7,6.5,0.0,65,1
28.4,12.2,0.0,67,1
26.0,8.6,0.0,71,1
28.0,5.8,0.0,70,1
26.8,6.1,0.0,70,1
28.7,10.1,0.0,57,1
25.0,5.8,0.0,78,0
27.2,3.6,0.0,72,1
26.0,7.6,0.0,75,0
25.9,6.5,0.0,77,0
27.1,4.0,0.0,76,0
23.5,5.4,0.0,82,0
26.2,7.6,0.0,71,1
27.0,7.6,0.0,74,1
24.3,8.3,0.0,88,0
25.7,4.3,0.0,68,1
26.4,7.2,0.0,75,1
26.8,6.8,0.0,78,0
26.9,8.6,0.0,75,1
28.3,11.5,0.0,73,1
26.9,11.2,0.0,69,1
26.5,9.4,0.18,83,0
25.0,15.1,0.0,94,2
25.7,8.6,0.0,77,0
23.6,3.6,0.0,81,0
24.8,14.0,0.0,79,2
22.8,11.2,0.0,85,0
23.0,5.0,0.0,92,0
24.0,5.4,0.0,89,0
24.5,5.4,0.03,88,0
25.7,6.1,0.0,83,0
25.4,7.9,0.0,84,0
24.4,4.7,0.0,82,0
25.8,7.6,0.0,80,0
24.7,3.6,0.0,82,0
26.1,7.6,0.01,82,0
24.6,7.6,0.0,84,0
23.9,3.6,0.0,84,0
24.0,5.8,0.0,89,0
26.5,10.1,0.0,78,0
26.2,8.6,0.0,79,0
26.6,4.3,0.01,74,1
27.0,3.6,0.02,94,0
25.7,4.7,0.0,78,0
26.3,6.5,0.0,78,0
27.0,8.6,0.35,76,1
26.9,7.2,0.76,76,0
27.6,8.3,0.01,74,1
26.4,10.4,0.13,82,0
26.9,9.0,0.0,78,0
25.4,8.6,0.15,90,0
24.7,3.6,0.0,92,0
25.8,6.1,0.0,81,0
27.2,7.9,0.18,76,1
24.0,9.4,0.0,96,0
28.0,6.1,0.29,74,1
25.6,7.2,0.0,85,0
26.4,9.7,0.0,81,0
25.9,8.3,0.0,84,0
28.0,4.0,0.0,70,1
25.0,9.4,0.0,89,0
23.8,6.1,0.0,81,0
25.3,9.4,0.08,88,0
26.3,6.8,0.0,78,0
23.9,7.9,0.0,82,0
26.6,10.8,0.03,77,1
27.6,7.2,0.07,74,1
27.2,24.5,0.73,79,2
26.0,19.1,0.98,89,2
27.0,11.9,0.83,82,0
26.0,19.1,0.0,89,2
24.6,17.3,0.0,85,2
27.6,7.9,0.0,75,1
25.8,6.5,0.03,84,0
25.9,5.8,0.0,76,0
25.4,5.0,0.0,82,0
25.9,9.0,0.12,86,0
22.2,7.6,0.0,86,0
24.3,4.7,0.0,87,0
24.4,7.6,0.15,87,0
26.2,4.0,0.0,71,1
25.3,6.1,0.27,83,0
27.0,6.8,0.0,75,1
27.5,7.6,0.0,72,1
23.2,10.1,0.0,94,0
26.5,3.6,0.01,76,0
23.2,11.2,0.13,89,0
24.5,5.0,0.54,91,0
24.5,9.0,0.46,88,0
22.6,5.4,1.51,95,0
23.6,8.3,1.35,89,0
23.7,13.3,0.0,89,2
23.2,5.8,1.56,92,0
22.9,5.8,1.7,94,0
23.7,5.0,0.22,91,0
24.8,5.8,0.26,89,0
24.8,9.4,0.0,92,0
24.8,6.1,0.13,87,0
23.0,11.2,0.77,94,0
23.0,11.2,0.26,94,0
23.4,11.9,0.01,88,0
21.7,3.6,0.0,96,0
26.9,11.5,0.01,88,0
23.3,3.6,0.01,95,0
25.5,7.6,0.0,95,0
25.6,9.4,0.16,79,0
22.1,12.2,0.0,90,0
23.4,5.4,0.0,93,0
25.8,4.0,0.0,74,0
25.4,3.6,0.04,81,0
21.9,9.0,0.0,85,0
22.0,3.6,0.06,90,0
23.4,3.6,0.02,88,0
23.7,4.7,0.2,86,0
24.2,6.5,0.03,81,0
27.3,6.8,0.0,70,1
23.3,7.2,0.0,89,0
26.2,7.2,1.74,79,0
19.4,3.6,0.0,92,0
23.6,7.6,0.0,93,0
23.8,8.3,0.0,91,0
25.6,5.0,0.52,81,0
22.8,7.9,0.0,90,0
23.8,4.3,1.0,90,0
25.1,3.6,0.02,81,0
24.3,8.6,0.02,83,0
27.8,4.0,0.0,72,1
25.8,4.7,0.0,73,1
23.0,7.9,0.0,90,0
24.2,10.1,0.18,85,0
26.6,6.8,0.0,77,0
29.5,5.4,0.0,64,1
28.5,9.7,0.0,69,1
24.3,8.3,0.0,93,0
22.8,10.1,0.44,87,0
23.7,7.6,0.85,91,0
22.9,3.6,0.31,91,0
29.0,4.3,0.0,63,1
25.0,3.6,0.0,76,0
23.2,9.0,0.0,91,0
24.3,7.2,0.07,86,0
24.3,10.1,0.04,90,0
23.8,3.6,0.44,87,0
28.2,4.0,0.0,59,1
22.5,5.0,0.51,93,0
24.0,6.8,0.0,86,0
26.7,6.1,0.0,75,1
28.5,3.6,0.0,68,1
23.4,3.6,0.68,89,0
23.0,3.6,0.32,92,0
24.1,4.3,0.0,88,0
25.4,3.6,0.04,80,0
24.6,11.9,0.0,77,0
17.8,7.9,0.0,78,0
27.4,5.0,0.14,79,0
13.9,12.6,0.0,57,3
24.4,7.9,1.58,92,0
14.2,8.6,0.0,57,3
15.4,8.3,0.0,64,3
27.8,8.3,0.0,72,1
22.5,4.7,0.0,53,1
12.5,3.6,0.0,55,3
7.8,5.8,0.0,53,3
0.6,5.0,0.0,41,3
11.2,3.6,0.0,45,3
12.6,11.2,0.0,63,3
10.7,3.6,0.0,46,3
16.6,10.4,0.0,59,3
29.4,7.6,0.0,66,1
12.1,9.0,0.0,43,3
23.1,4.3,0.0,54,1
22.0,6.1,0.0,59,1
6.6,7.9,0.0,50,3
10.1,5.8,0.0,67,3
25.1,7.9,0.0,89,0
25.9,13.7,0.0,79,2
27.4,11.2,0.0,73,1
24.4,5.0,0.0,93,0
27.2,6.8,0.0,89,0
26.4,13.7,0.0,70,1
26.5,6.1,0.0,87,0
25.2,14.0,0.0,73,2
25.6,12.2,0.01,72,1
26.1,7.9,0.0,82,0
26.7,7.6,0.0,78,0
24.2,5.8,0.0,78,0
26.4,13.3,0.0,80,2
25.8,9.7,0.0,85,0
26.1,10.4,0.0,83,0
26.5,13.7,0.0,74,2
26.1,12.6,0.0,80,2
27.0,3.6,0.07,89,0
26.5,13.7,0.04,72,2
25.5,7.9,0.0,87,0
25.8,9.4,0.16,87,0
26.8,4.3,0.01,86,0
27.3,8.6,0.0,74,1
25.4,7.2,0.01,76,0
23.1,8.6,0.01,90,0
24.7,8.3,0.0,90,0
25.3,3.6,0.0,92,0
24.7,23.4,0.94,79,2
24.8,5.0,0.0,83,0
25.4,7.2,0.07,93,0
25.2,3.6,0.0,94,0
23.9,4.3,0.0,92,0
23.9,4.0,0.21,91,0
22.9,4.0,0.0,93,0
23.4,4.3,0.14,94,0
26.0,3.6,1.36,94,0
24.5,3.6,0.34,90,0
24.3,5.8,0.84,96,0
22.2,3.6,0.65,93,0
25.9,5.0,1.09,90,0
25.2,5.8,0.0,93,0
24.8,4.7,0.77,95,0
24.6,3.6,0.02,92,0
24.6,3.6,3.09,95,0
22.3,3.6,1.53,93,0
24.0,3.6,0.13,91,0
23.1,4.0,0.0,93,0
25.8,7.9,0.0,88,0
25.4,7.2,0.0,90,0
24.9,5.8,0.0,90,0
22.7,9.0,0.0,91,0
25.1,3.6,1.24,96,0
25.1,5.0,0.0,91,0
26.0,8.6,0.0,85,0
26.3,9.0,0.0,83,0
26.6,9.7,0.0,83,0
25.8,7.2,0.0,88,0
26.3,7.9,0.0,87,0
25.5,8.3,0.0,89,0
25.6,9.0,0.0,88,0
25.9,8.6,0.14,86,0
25.2,6.1,0.05,90,0
25.2,6.5,0.07,92,0
25.5,6.8,0.11,92,0
25.4,8.6,1.11,92,0
25.1,7.9,2.86,93,0
25.4,8.6,1.06,92,0
25.4,7.2,0.0,89,0
23.8,3.6,0.0,70,1
28.2,8.3,0.0,52,1
25.5,3.6,0.0,57,1
24.9,3.6,0.0,61,1
26.8,7.6,0.0,54,1
25.9,6.1,0.0,60,1
28.6,4.0,0.0,55,1
26.9,5.0,0.0,48,1
27.7,6.5,0.0,46,1
27.9,7.2,0.0,48,1
28.6,4.0,0.0,56,1
27.8,7.6,0.0,56,1
24.1,4.0,0.0,65,1
22.8,5.4,0.0,62,1
25.8,6.1,0.75,86,0
27.5,40.7,0.82,80,2
22.9,5.8,0.0,94,0
25.1,6.8,0.0,81,0
9.2,8.3,0.0,83,3
25.2,3.6,0.0,92,0
24.4,4.7,0.0,92,0
25.6,4.0,0.0,89,0
24.7,4.3,0.0,94,0
23.9,3.6,0.0,96,0
24.4,4.0,0.0,97,0
24.3,3.6,0.0,89,0
25.9,8.3,0.0,78,0
18.2,10.1,0.0,83,0
20.1,3.6,0.0,98,0
24.7,3.6,0.0,90,0
25.2,3.6,0.0,88,0
24.8,3.6,0.0,93,0
26.9,13.0,0.05,84,2
27.2,19.8,0.78,81,2
24.4,6.8,0.07,93,0
20.6,3.6,0.01,99,0
20.5,3.6,1.19,99,0
25.3,4.3,0.68,88,0
18.9,3.6,0.73,98,0
16.9,3.6,0.51,98,0
19.5,3.6,0.0,97,0
23.3,4.0,0.0,96,0
20.9,4.0,0.04,98,0
16.7,3.6,1.2,100,0
22.4,3.6,0.9,98,0
27.8,4.0,0.08,98,0
18.0,3.6,0.59,99,0
23.6,4.0,0.0,97,0
24.6,8.6,0.01,93,0
23.7,3.6,0.0,97,0
23.5,3.6,0.0,91,0
26.1,5.4,0.0,81,0
22.2,6.1,0.0,95,0
28.1,5.0,0.0,64,1
24.2,7.6,0.0,93,0
22.2,5.4,0.0,62,1
23.7,14.0,1.32,82,2
24.5,3.6,0.0,91,0
24.6,8.6,0.08,93,0
24.1,4.7,0.0,92,0
19.6,6.8,0.0,80,0
20.3,7.6,0.0,88,0
-3.4,3.6,0.0,63,3
22.7,4.3,0.0,78,0
22.0,5.4,0.0,79,0
15.3,5.8,0.0,91,3
16.3,7.9,0.0,86,3
7.4,11.5,0.0,74,3
5.9,6.8,0.0,61,3
22.6,4.0,0.0,91,0
24.7,6.8,0.0,91,0
22.5,3.6,0.0,98,0
25.5,6.8,0.36,86,0
25.0,4.0,0.28,94,0
25.5,10.4,0.0,87,0
25.0,3.6,0.47,89,0
21.9,12.2,0.0,90,0
24.0,3.6,0.14,94,0
23.5,3.6,0.0,97,0
25.0,4.0,0.17,94,0
25.0,11.2,0.0,89,0
27.0,6.1,0.01,89,0
27.7,25.6,0.47,79,2
25.7,8.3,0.0,92,0
25.9,7.9,0.0,93,0
18.9,8.3,0.0,91,0
24.6,4.7,0.0,93,0
25.6,7.6,0.0,93,0
25.2,7.6,0.0,94,0
25.3,6.5,0.0,94,0
24.9,4.3,0.01,93,0
24.7,3.6,0.0,91,0
21.7,6.1,0.0,60,1
24.4,5.4,0.0,62,1
24.3,3.6,0.0,62,1
25.2,3.6,0.0,58,1
25.7,3.6,0.0,55,1
25.4,3.6,0.0,54,1
24.2,5.8,0.0,63,1
24.5,5.0,0.0,62,1
25.9,4.0,0.0,52,1
24.9,3.6,0.0,57,1
23.0,5.8,0.0,61,1
25.8,3.6,0.0,52,1
27.3,3.6,0.0,45,1
24.9,3.6,0.0,59,1
20.1,9.7,0.0,92,0
20.1,10.8,0.0,94,0
22.6,5.8,0.7,94,0
18.4,7.9,0.0,95,0
21.4,20.2,0.0,89,2
21.4,8.6,0.34,96,0
23.6,8.6,0.02,87,0
21.2,6.5,5.17,96,4
22.5,7.6,0.53,88,0
24.0,8.3,0.23,83,0
21.7,16.2,0.31,93,2
25.0,3.6,0.14,89,0
22.4,15.8,0.31,91,2
19.4,17.6,0.0,90,2
20.1,9.4,0.0,94,0
23.6,18.7,0.5,85,2
22.0,11.2,0.0,88,0
20.0,7.9,0.0,94,0
20.8,6.1,0.04,96,0
22.0,22.0,1.21,92,2
22.8,10.1,0.37,88,0
22.7,11.2,0.11,90,0
22.6,11.5,0.05,89,0
25.2,10.8,0.41,79,0
23.5,10.8,0.03,84,0
21.1,6.5,0.0,97,0
23.8,5.0,0.53,93,0
24.7,9.4,0.0,88,0
23.9,8.3,0.0,86,0
24.6,6.5,0.81,91,0
23.8,7.2,0.26,87,0
24.8,11.2,0.48,87,0
20.0,5.4,0.0,96,0
21.4,9.0,0.0,94,0
21.5,7.6,0.0,95,0
24.2,5.0,0.0,84,0
23.9,14.0,0.01,93,2
24.6,5.0,0.63,91,0
26.0,3.6,0.31,94,0
21.7,10.1,0.0,96,0
23.8,10.1,0.0,91,0
24.5,9.4,0.0,89,0
22.4,9.4,0.0,88,0
22.9,11.2,0.0,91,0
26.0,3.6,0.21,100,0
25.6,6.8,0.78,88,0
26.0,3.6,0.81,100,0
26.0,3.6,0.3,94,0
23.3,4.7,0.0,98,0
20.8,4.7,0.0,96,0
24.3,5.0,0.0,94,0
24.8,4.7,0.0,91,0
25.5,8.3,0.0,92,0
24.6,5.0,0.0,94,0
25.6,3.6,0.01,95,0
27.1,6.8,0.01,86,0
25.3,3.6,0.03,94,0
24.7,5.4,0.0,93,0
25.5,5.8,0.0,93,0
22.4,3.6,0.0,98,0
28.7,5.8,0.0,53,1
30.6,17.3,0.0,38,1
27.3,4.7,0.0,58,1
28.5,6.1,0.0,44,1
29.9,4.7,0.0,51,1
29.3,10.4,0.08,53,1
28.9,4.0,0.0,44,1
30.7,8.6,0.0,56,1
29.8,7.6,0.0,49,1
31.6,6.8,0.0,45,1
26.7,10.1,0.0,67,1
28.4,3.6,0.03,64,1
26.3,5.4,0.0,71,1
25.8,7.6,0.0,73,1
28.9,9.4,0.0,63,1
24.2,6.8,0.13,77,0
27.1,4.3,0.0,63,1
28.5,6.8,0.0,63,1
25.1,9.0,0.0,82,0
25.6,6.1,0.0,72,1
27.8,3.6,0.0,56,1
26.6,3.6,0.14,76,0
25.9,14.4,0.0,79,2
26.0,6.8,0.0,79,0
26.4,6.8,0.0,77,0
28.2,16.6,0.0,72,2
27.0,11.5,0.0,70,1
26.5,7.9,0.0,84,0
22.5,4.3,0.03,91,0
25.2,15.5,0.32,76,2
22.5,11.2,0.0,83,0
23.0,5.8,0.0,90,0
25.1,4.7,0.0,80,0
26.3,3.6,0.0,75,0
27.0,5.0,0.0,72,1
27.0,3.6,0.0,67,1
26.3,5.8,0.0,75,0
27.1,4.7,0.0,66,1
27.6,4.7,0.0,70,1
27.3,3.6,0.0,67,1
25.0,4.3,0.0,77,0
24.9,5.0,0.0,82,0
25.7,6.5,0.0,78,0
28.3,6.5,0.0,67,1
27.6,5.8,0.0,70,1
27.3,4.0,0.0,71,1
25.9,6.5,0.0,78,0
27.2,5.8,0.0,72,1
24.7,5.8,0.0,83,0
27.9,9.4,0.0,69,1
28.0,9.7,0.0,69,1
28.4,8.3,0.0,69,1
27.0,5.0,0.0,49,1
27.6,7.9,0.04,77,1
26.6,8.6,0.0,75,1
26.6,8.6,0.0,85,0
24.0,3.6,0.0,97,0
26.0,7.2,0.0,84,0
27.4,8.3,0.0,73,1
25.1,7.9,0.0,93,0
28.7,8.3,0.0,69,1
25.6,6.8,0.79,87,0
26.5,8.6,0.0,77,0
28.1,8.3,0.02,74,1
27.9,7.2,0.0,75,1
24.5,3.6,0.0,63,1
27.0,5.0,0.0,82,0
28.4,6.8,0.0,69,1
25.1,3.6,0.0,68,1
23.9,4.0,0.0,71,0
27.9,7.9,0.0,69,1
28.7,8.6,0.0,66,1
27.2,20.5,0.08,81,2
28.0,11.2,1.71,89,0
27.2,13.0,0.02,83,2
28.0,11.2,0.06,89,0
24.6,16.6,0.0,85,2
27.8,7.2,0.0,75,1
25.4,6.8,0.49,88,0
28.3,3.6,0.0,68,1
27.9,7.9,0.0,72,1
27.5,4.0,0.0,72,1
26.4,5.8,0.0,84,0
22.9,7.2,0.0,84,0
24.6,8.6,0.0,82,0
24.8,9.0,0.69,84,0
28.2,4.3,0.0,60,1
26.3,8.3,0.0,78,0
27.9,6.1,0.0,72,1
24.2,9.7,0.0,89,0
27.8,3.6,0.0,65,1
23.4,8.3,0.03,87,0
23.9,3.6,0.29,91,0
23.5,6.5,0.0,90,0
23.0,6.1,0.01,92,0
23.2,8.6,0.0,90,0
24.4,7.2,0.0,89,0
23.7,5.0,0.0,90,0
23.2,6.5,0.74,92,0
22.8,6.5,0.29,93,0
23.9,3.6,0.08,91,0
23.7,4.7,0.0,88,0
24.0,6.8,0.35,89,0
24.0,6.8,0.27,89,0
22.6,7.9,0.0,94,0
22.1,3.6,0.4,90,0
18.8,3.6,0.0,98,0
25.3,5.8,0.0,93,0
26.5,5.0,0.13,77,0
22.4,13.0,0.0,90,0
26.6,6.8,0.0,90,0
24.1,3.6,0.0,72,0
21.9,6.8,0.0,86,0
23.0,3.6,0.0,84,0
23.0,3.6,0.0,81,0
23.7,3.6,0.0,75,0
23.4,3.6,0.0,86,0
24.0,3.6,0.0,79,0
26.0,5.0,0.0,71,1
23.0,3.6,0.0,89,0
27.7,5.8,0.0,64,1
19.2,4.0,0.01,87,0
23.5,4.7,0.0,92,0
25.0,4.7,0.0,85,0
27.8,4.0,0.0,66,1
23.6,4.3,0.0,70,1
23.7,5.4,0.85,80,0
25.9,3.6,0.0,66,1
24.7,3.6,0.0,73,0
24.0,4.7,0.17,75,0
26.4,8.6,0.0,70,1
27.1,5.8,0.0,61,1
24.7,3.6,0.0,83,0
22.5,7.6,0.0,89,0
24.7,6.5,0.0,86,0
22.9,3.6,0.0,86,0
26.9,6.5,0.0,61,1
27.0,4.0,0.01,94,0
26.3,3.6,0.0,64,1
25.0,4.7,0.0,83,0
23.6,3.6,0.0,74,0
26.5,3.6,0.0,42,1
22.4,3.6,0.65,93,0
24.9,5.4,0.0,72,1
26.8,5.4,0.0,63,1
23.6,4.3,0.0,86,0
22.7,3.6,0.0,85,0
24.1,3.6,0.0,78,0
24.5,13.3,0.0,87,2
17.7,8.3,0.0,78,0
28.6,3.6,0.0,63,1
13.5,13.7,0.0,55,3
24.0,3.6,1.23,88,0
13.7,10.1,0.0,46,3
15.1,8.6,0.0,56,3
27.8,6.8,0.0,57,1
21.3,6.1,0.0,54,1
12.0,4.0,0.0,51,3
7.8,4.7,0.0,50,3
0.0,4.3,0.0,31,3
10.7,3.6,0.0,41,3
12.6,12.6,0.0,62,3
10.9,3.6,0.0,42,3
16.2,10.8,0.0,55,3
28.4,3.6,0.0,59,1
11.9,9.4,0.0,48,3
21.1,5.4,0.0,54,1
21.1,8.3,0.0,58,1
6.9,7.9,0.0,46,3
9.6,7.2,0.0,64,3
25.1,5.8,0.01,86,0
25.7,13.3,0.0,81,2
25.8,6.8,1.19,79,0
27.7,4.3,0.0,87,0
27.9,10.8,0.02,77,1
26.1,3.6,0.0,86,0
25.4,9.0,0.16,78,0
26.7,10.8,0.03,74,1
25.6,5.0,0.0,78,0
26.5,3.6,0.0,76,0
26.5,6.5,0.0,87,0
25.7,13.7,0.0,81,2
23.8,5.0,0.57,89,0
26.9,18.7,0.0,77,2
25.8,6.8,0.05,85,0
26.3,8.6,0.11,86,0
27.2,16.9,0.01,75,2
26.7,11.5,0.0,74,1
27.6,14.8,0.0,76,2
25.4,5.4,0.0,85,0
26.8,7.9,0.19,85,0
24.8,4.0,0.14,96,0
26.9,4.7,0.78,87,0
29.6,7.6,0.05,65,1
24.9,12.6,0.0,72,1
26.3,6.5,0.0,89,0
25.7,15.1,0.0,77,2
26.1,4.3,0.0,88,0
25.5,3.6,0.0,92,0
24.5,21.6,0.0,78,2
25.5,5.4,0.0,91,0
26.8,10.4,0.0,73,1
27.3,3.6,0.27,80,0
26.1,4.7,0.03,88,0
24.3,3.6,2.31,89,0
24.5,3.6,0.32,86,0
23.0,3.6,1.54,94,0
24.7,4.7,0.02,85,0
26.0,3.6,0.02,94,0
26.0,3.6,0.07,80,0
26.6,3.6,0.19,82,0
22.6,6.1,1.01,89,0
29.3,3.6,0.0,72,1
26.9,3.6,0.76,84,0
26.5,3.6,0.79,83,0
26.4,3.6,0.0,81,0
25.2,4.7,1.78,86,0
26.9,4.0,2.84,80,0
22.5,4.3,1.04,91,0
25.4,4.3,0.0,78,0
23.0,3.6,1.78,94,0
28.4,4.7,0.0,76,1
29.0,5.4,0.0,71,1
28.7,4.7,0.0,72,1
26.0,3.6,0.05,94,0
23.9,6.1,0.01,84,0
28.9,3.6,0.0,74,1
28.2,5.4,0.0,75,1
29.3,5.4,0.0,67,1
29.1,5.0,0.0,73,1
28.4,6.5,0.0,70,1
28.5,6.5,0.0,69,1
28.4,6.8,0.0,70,1
29.2,3.6,0.0,64,1
28.2,3.6,0.0,75,1
23.8,3.6,0.01,92,0
29.1,3.6,0.0,71,1
29.7,4.7,0.0,69,1
28.0,3.6,0.0,69,1
28.5,3.6,0.27,75,1
28.8,3.6,0.29,75,1
28.8,3.6,0.51,75,1
26.3,3.6,2.13,81,0
28.8,3.6,0.55,75,1
28.8,3.6,0.0,72,1
26.0,6.8,0.0,84,0
22.1,3.6,0.0,71,0
26.7,4.3,0.0,44,1
23.4,3.6,0.0,49,1
22.7,6.8,0.0,53,1
25.3,3.6,0.0,43,1
23.6,5.8,0.0,49,1
26.9,3.6,0.0,46,1
25.5,3.6,0.0,39,1
26.4,3.6,0.0,36,1
26.5,3.6,0.0,37,1
27.0,3.6,0.0,45,1
26.3,3.6,0.0,47,1
22.2,5.0,0.0,64,1
21.5,6.1,0.0,63,1
25.1,3.6,0.71,88,0
26.4,40.3,0.32,86,2
23.0,4.7,0.7,90,0
28.1,5.8,0.0,64,1
3.9,7.6,0.0,83,3
26.6,6.5,0.0,83,0
24.7,5.8,0.0,92,0
24.2,3.6,0.0,97,0
24.8,5.8,0.0,96,0
24.5,3.6,0.0,93,0
25.2,4.3,0.0,75,0
19.1,10.1,0.0,79,0
21.7,3.6,0.34,97,0
25.0,4.3,0.0,89,0
25.8,4.0,0.0,84,0
24.9,3.6,0.0,94,0
24.6,3.6,0.0,93,0
26.8,16.9,0.11,83,2
26.5,18.0,0.34,80,2
24.5,3.6,0.81,89,0
21.6,3.6,0.0,98,0
20.8,3.6,0.0,98,0
21.4,3.6,0.0,98,0
24.6,4.7,0.6,91,0
19.1,5.0,0.0,96,0
17.0,3.6,0.04,96,0
19.5,4.0,0.0,96,0
23.5,4.3,0.0,92,0
20.5,4.3,0.21,98,0
17.1,3.6,0.54,99,0
22.3,3.6,0.0,95,0
27.4,4.7,0.09,99,0
18.0,3.6,2.11,99,0
25.6,3.6,0.0,90,0
23.9,5.8,0.0,96,0
21.0,9.0,0.0,88,0
24.2,3.6,3.05,94,0
24.7,3.6,0.13,96,0
23.8,4.0,0.02,93,0
23.5,4.3,0.0,82,0
25.9,3.6,0.0,77,0
27.0,3.6,0.0,51,1
21.2,6.5,0.0,63,1
23.2,16.2,0.0,90,2
24.5,4.3,0.0,89,0
23.8,4.7,3.4,95,0
24.0,4.7,0.37,89,0
24.3,3.6,0.29,89,0
19.2,7.6,0.0,79,0
18.5,6.1,0.0,86,0
20.1,7.6,0.0,88,0
-4.2,4.0,0.0,30,3
21.6,3.6,0.0,76,0
21.3,5.0,0.0,81,0
14.8,7.2,0.0,81,3
15.9,9.0,0.0,82,3
7.0,10.1,0.0,46,3
5.3,6.8,0.0,45,3
24.0,3.6,0.0,77,0
24.6,3.6,0.84,90,0
21.7,3.6,0.16,97,0
25.5,7.9,0.6,85,0
25.0,4.0,0.58,94,0
25.2,10.8,0.54,87,0
24.0,6.1,1.13,94,0
21.6,12.6,0.0,89,0
23.0,6.1,0.4,100,0
23.1,3.6,0.25,96,0
25.0,4.0,0.2,94,0
28.0,3.6,0.76,89,0
23.0,6.1,0.03,100,0
27.7,27.4,0.53,80,2
26.7,7.9,0.0,86,0
28.6,4.3,0.0,76,1
29.2,3.6,0.0,75,1
18.5,7.9,0.0,92,0
26.2,6.5,0.0,81,0
25.9,7.2,0.0,90,0
26.5,7.9,0.0,87,0
27.1,8.6,0.01,83,0
27.4,3.6,0.08,79,0
25.6,5.8,0.0,83,0
20.7,8.3,0.0,58,1
22.5,6.1,0.0,57,1
22.8,5.4,0.0,54,1
23.7,3.6,0.0,47,1
24.4,3.6,0.0,40,1
24.3,3.6,0.0,38,1
22.3,4.7,0.0,58,1
22.7,3.6,0.0,57,1
24.4,6.1,0.0,40,1
23.6,3.6,0.0,41,1
21.5,7.6,0.0,62,1
24.8,3.6,0.0,38,1
26.2,9.4,0.0,38,1
23.5,4.0,0.0,44,1
21.0,14.4,0.0,86,2
20.1,13.3,0.0,92,0
26.0,14.0,0.0,78,2
19.2,11.2,0.01,94,0
21.0,19.1,0.0,91,2
25.9,16.9,0.0,78,2
21.4,13.0,0.0,91,0
23.4,3.6,0.0,90,0
25.7,6.8,0.0,79,0
22.2,18.0,0.0,88,2
24.0,6.1,1.04,94,0
22.8,14.8,0.0,90,2
20.0,19.8,0.0,87,2
20.5,10.1,0.0,96,0
23.7,12.6,0.0,81,2
20.3,14.4,0.0,92,2
20.6,9.0,0.03,94,0
21.9,20.2,0.0,91,2
22.6,7.9,0.59,91,0
23.3,3.6,0.0,90,0
25.6,5.0,0.15,82,0
23.6,11.2,0.0,88,0
20.9,6.5,0.09,98,0
23.9,5.0,0.85,96,0
25.2,3.6,0.0,83,0
25.5,4.3,0.45,87,0
23.9,3.6,0.0,89,0
25.5,9.0,1.42,83,0
21.0,5.4,0.37,95,0
21.1,9.7,0.0,95,0
22.6,7.9,0.39,89,0
24.5,5.0,0.0,81,0
25.0,12.6,0.0,89,0
24.8,7.9,0.47,90,0
23.4,4.0,0.0,86,0
23.9,6.1,0.0,91,0
23.6,5.4,1.9,88,0
24.0,9.4,0.0,85,0
25.9,9.0,0.01,87,0
27.0,3.6,0.08,94,0
25.3,3.6,0.0,93,0
21.5,3.6,0.05,92,0
24.8,3.6,0.92,90,0
25.2,5.8,0.0,88,0
26.0,9.4,0.0,89,0
24.9,3.6,1.61,91,0
27.4,10.1,0.0,83,0
25.6,4.0,0.0,91,0
26.2,7.2,0.0,89,0
25.0,3.6,0.0,88,0
21.9,3.6,0.0,98,0
26.9,5.4,0.0,36,1
33.1,16.2,0.0,38,1
25.6,3.6,0.0,39,1
27.2,11.9,0.0,35,1
28.1,11.5,0.0,30,1
31.0,13.0,0.0,51,1
27.4,9.7,0.0,35,1
27.9,3.6,0.0,36,1
30.8,13.3,0.0,23,1
24.6,8.3,0.0,74,0
27.3,7.2,0.0,38,1
25.8,9.7,0.0,70,1
26.0,3.6,0.0,61,1
25.9,9.4,0.0,72,1
29.5,6.8,0.0,59,1
24.1,4.0,0.0,75,0
26.2,5.0,0.0,37,1
28.1,7.9,0.0,56,1
24.4,3.6,0.0,79,0
24.2,6.5,0.0,83,0
26.1,5.8,0.0,36,1
27.0,5.8,0.02,71,1
25.5,5.0,0.0,82,0
28.0,23.0,0.0,71,2
26.5,12.2,0.0,72,1
26.5,10.4,0.0,81,0
21.8,4.3,0.0,94,0
25.1,17.6,0.0,73,2
21.9,10.4,0.0,82,0
23.7,5.8,0.0,70,1
24.6,5.8,0.0,69,1
25.7,4.3,0.0,77,0
25.0,4.0,0.0,62,1
25.8,4.7,0.0,72,1
25.0,4.7,0.0,56,1
26.9,3.6,0.0,57,1
25.7,3.6,0.0,61,1
23.2,5.0,0.0,66,1
23.8,4.3,0.0,74,0
27.5,4.7,0.0,56,1
27.1,3.6,0.0,61,1
27.0,4.7,0.0,65,1
25.4,4.0,0.0,74,0
27.1,3.6,0.0,62,1
27.4,3.6,0.0,59,1
27.5,3.6,0.0,59,1
27.8,7.2,0.0,67,1
26.9,6.1,0.0,74,1
25.4,3.6,0.0,41,1
27.4,5.8,0.27,73,1
29.6,3.6,0.0,63,1
25.6,3.6,0.05,90,0
27.7,4.0,0.0,65,1
27.5,5.4,0.0,62,1
25.0,3.6,1.07,84,0
28.2,5.0,0.0,59,1
28.4,3.6,0.0,65,1
26.4,5.8,0.0,76,0
29.1,4.7,0.0,64,1
28.6,6.5,0.0,61,1
22.3,5.8,0.0,60,1
29.0,4.0,0.0,66,1
28.1,6.1,0.0,67,1
22.6,5.4,0.0,60,1
22.4,3.6,0.0,70,0
27.0,3.6,0.0,61,1
28.4,4.0,0.0,55,1
26.8,18.4,0.15,75,2
26.0,15.1,0.22,89,2
27.1,17.3,0.02,83,2
24.1,15.8,0.02,87,2
29.1,5.8,0.0,62,1
28.2,3.6,0.0,65,1
26.7,5.4,0.0,63,1
29.8,3.6,0.0,62,1
25.6,3.6,0.0,66,1
28.9,3.6,0.0,65,1
20.7,6.8,0.0,87,0
23.8,9.0,0.0,85,0
25.4,6.1,0.0,80,0
26.6,4.7,0.0,42,1
26.9,7.9,0.0,73,1
27.5,3.6,0.0,61,1
27.6,4.7,0.0,63,1
26.9,3.6,0.0,55,1
24.8,9.0,0.0,85,0
24.7,4.7,0.22,93,0
23.2,4.3,0.0,90,0
23.5,7.9,0.0,91,0
26.7,5.4,0.0,77,0
23.5,5.8,0.0,94,0
23.6,6.1,0.0,93,0
24.9,4.7,0.0,92,0
25.5,5.4,0.0,86,0
24.9,7.6,0.0,88,0
25.3,6.1,0.01,81,0
25.6,11.2,0.0,79,0
22.1,4.0,0.0,86,0
26.6,8.6,0.01,89,0
18.8,3.6,0.0,96,0
26.4,12.2,0.0,69,1
23.6,13.7,0.02,89,2
28.3,4.0,0.0,85,0
25.0,3.6,0.0,67,1
25.0,4.0,0.0,79,0
22.0,6.5,0.0,86,0
22.3,4.7,0.0,86,0
23.1,3.6,0.0,86,0
23.5,3.6,0.0,84,0
24.3,3.6,0.0,83,0
26.1,4.7,0.0,66,1
23.0,6.1,0.1,89,0
26.1,3.6,0.0,71,1
17.8,3.6,0.0,87,0
23.8,3.6,0.17,90,0
24.7,3.6,0.0,81,0
25.9,3.6,0.0,69,1
23.0,6.1,0.02,89,0
24.3,5.4,0.0,83,0
23.8,3.6,0.0,59,1
25.7,6.1,0.0,64,1
24.3,7.2,0.0,68,1
24.1,3.6,0.0,68,1
25.0,7.9,0.0,49,1
25.7,3.6,0.0,47,1
26.0,4.0,0.0,55,1
24.3,4.3,0.17,74,0
22.2,7.9,0.0,89,0
22.8,3.6,0.0,86,0
25.3,3.6,0.0,49,1
24.5,3.6,0.0,79,0
23.0,6.1,0.38,89,0
24.7,5.4,0.0,80,0
25.2,3.6,0.0,40,1
24.8,4.0,0.0,77,0
24.3,5.4,0.0,54,1
26.9,7.2,0.0,57,1
23.7,4.3,0.0,82,0
22.5,3.6,0.0,84,0
24.2,3.6,0.0,80,0
25.8,15.1,0.98,85,2
17.8,8.6,0.0,79,0
27.5,3.6,0.0,69,1
12.6,16.6,0.0,32,3
24.4,5.4,0.0,88,0
13.3,11.2,0.0,27,3
14.9,9.4,0.0,49,3
20.4,7.6,0.0,43,1
10.5,3.6,0.0,40,3
6.2,4.7,0.0,50,3
-1.0,6.5,0.0,32,3
8.6,3.6,0.0,42,3
12.5,14.0,0.0,42,3
11.0,3.6,0.0,41,3
14.7,13.0,0.0,40,3
27.6,8.6,0.0,54,1
11.0,10.4,0.0,27,3
20.2,7.6,0.0,44,1
20.1,7.2,0.0,48,1
5.2,8.6,0.0,46,3
8.6,7.2,0.0,49,3
26.6,6.1,0.11,88,0
28.3,6.1,0.15,78,0
28.0,3.6,0.0,73,1
28.8,8.6,0.0,72,1
27.3,3.6,0.0,81,0
26.0,15.1,0.09,87,2
27.4,9.0,0.0,79,0
26.1,5.0,0.0,73,1
26.9,6.5,0.0,75,1
26.9,6.5,0.0,84,0
27.0,14.0,0.0,84,2
25.9,3.6,0.09,86,0
27.6,15.1,0.0,84,2
26.9,6.5,0.44,85,0
27.0,6.5,0.88,83,0
27.8,11.5,0.2,82,0
27.3,10.8,0.01,84,0
25.0,6.8,0.0,89,0
29.0,9.0,0.0,74,1
26.8,6.5,0.0,88,0
26.0,6.8,0.01,89,0
24.4,9.0,0.1,94,0
27.1,6.8,0.23,84,0
30.1,13.0,0.0,61,1
23.2,14.4,0.01,83,2
25.9,4.7,0.0,88,0
24.8,14.0,0.0,83,2
24.9,5.4,2.03,92,0
25.4,3.6,0.1,89,0
23.9,17.6,0.0,83,2
24.6,6.8,0.13,97,0
25.2,5.8,0.0,83,0
27.1,4.0,0.07,81,0
24.3,4.3,0.0,86,0
24.0,3.6,0.0,86,0
24.2,5.4,0.0,83,0
24.4,4.0,0.0,86,0
25.1,4.3,0.0,81,0
26.0,8.3,0.0,79,0
22.1,6.8,0.0,88,0
27.5,5.4,0.0,77,0
26.8,4.3,0.0,80,0
27.0,6.1,0.0,77,0
26.4,7.2,0.0,81,0
25.6,5.8,0.0,80,0
26.6,7.2,0.0,77,0
22.3,6.5,0.0,88,0
24.4,3.6,0.59,82,0
29.0,6.1,0.0,94,0
27.9,6.8,0.0,77,1
27.5,7.9,0.0,78,0
27.3,7.6,0.0,80,0
23.7,5.8,0.0,80,0
28.4,6.8,0.0,75,1
26.9,7.6,0.0,80,0
27.7,9.0,0.0,75,1
27.2,5.8,0.0,75,1
27.9,7.6,0.0,72,1
27.5,3.6,0.0,71,1
27.0,9.7,0.0,76,1
24.3,3.6,0.02,89,0
27.3,9.0,0.0,75,1
28.2,7.9,0.0,74,1
28.0,5.4,0.0,77,1
28.3,5.4,0.0,77,1
28.7,6.1,0.0,75,1
26.7,7.6,0.0,77,0
27.6,7.2,0.0,78,0
25.0,6.1,0.0,83,0
22.5,4.7,0.0,71,0
25.5,4.7,0.0,33,1
21.8,3.6,0.0,50,1
21.8,3.6,0.0,56,1
23.4,5.0,0.0,42,1
22.0,3.6,0.0,56,1
25.7,3.6,0.0,38,1
24.3,9.7,0.0,38,1
25.1,8.6,0.0,35,1
25.4,7.9,0.0,33,1
25.8,3.6,0.0,38,1
24.4,6.5,0.0,42,1
22.4,3.6,0.0,67,1
21.9,4.0,0.0,68,0
26.0,23.4,1.6,87,2
27.0,43.2,0.72,81,2
23.9,4.7,0.0,86,0
26.7,7.9,0.0,74,1
6.6,7.6,0.0,86,3
26.5,6.1,0.0,91,0
25.2,5.4,0.0,90,0
26.7,9.0,0.0,87,0
25.7,6.1,0.01,90,0
24.5,4.3,0.0,92,0
25.5,6.5,0.15,89,0
25.2,6.1,0.0,90,0
25.1,6.1,0.0,74,0
20.1,11.2,0.0,68,0
20.7,3.6,1.57,97,0
25.1,7.6,0.0,91,0
26.5,16.9,0.0,75,2
26.6,14.4,0.0,78,2
24.4,11.5,0.06,89,0
20.3,4.7,0.02,95,0
20.6,3.6,0.01,90,0
22.7,4.0,0.12,89,0
25.6,20.5,1.56,89,2
17.0,3.6,0.06,93,0
29.0,9.0,1.45,89,0
19.8,3.6,0.0,96,0
19.5,6.5,0.01,96,0
24.4,4.3,0.0,80,0
20.4,5.8,0.0,96,0
16.4,3.6,0.01,96,0
27.1,5.8,0.0,97,0
17.5,3.6,0.01,96,0
25.5,4.7,0.69,97,0
24.7,6.5,0.11,89,0
22.3,4.0,0.02,94,0
24.7,5.8,0.12,89,0
22.9,3.6,0.0,93,0
23.8,3.6,0.4,97,0
23.2,5.4,0.0,87,0
25.7,6.8,0.0,72,1
25.4,4.7,0.0,43,1
24.9,3.6,0.28,88,0
21.7,4.3,0.0,67,1
22.9,14.0,0.0,90,2
24.9,3.6,0.0,87,0
24.7,3.6,0.44,90,0
24.2,5.0,0.0,89,0
24.2,5.0,0.01,89,0
18.8,7.6,0.0,76,0
18.2,6.8,0.0,86,0
19.9,7.9,0.0,85,0
-4.4,5.4,0.0,57,3
21.5,4.3,0.0,85,0
21.2,5.8,0.0,83,0
14.2,7.9,0.0,85,3
15.5,9.7,0.0,79,3
7.1,11.5,0.0,39,3
5.6,7.2,0.0,56,3
23.1,4.3,0.0,84,0
24.4,10.4,0.19,89,0
22.7,4.3,0.79,96,0
25.8,10.8,1.38,85,0
24.0,6.1,0.3,94,0
24.7,12.2,2.21,91,0
24.0,6.1,1.03,100,0
22.5,11.5,0.08,91,0
23.0,6.8,0.73,100,0
23.9,4.0,0.83,94,0
25.0,19.1,6.86,94,4
27.7,28.8,0.01,81,2
27.6,9.0,0.0,82,0
27.5,9.0,0.0,80,0
29.0,9.0,1.12,89,0
27.8,9.0,0.0,78,1
21.4,10.4,0.0,81,0
26.1,4.3,0.0,78,0
27.2,5.8,0.0,82,0
29.0,9.0,1.3,89,0
27.0,8.3,0.04,83,0
26.0,4.3,0.0,80,0
29.0,9.0,0.4,89,0
19.9,7.2,0.0,48,1
21.1,3.6,0.0,59,1
21.3,3.6,0.0,55,1
22.1,4.0,0.0,50,1
23.1,6.8,0.0,48,1
22.7,6.5,0.0,53,1
21.3,3.6,0.0,58,1
22.1,3.6,0.0,57,1
22.8,7.9,0.0,49,1
22.4,4.7,0.0,55,1
20.7,7.6,0.0,62,1
23.2,6.5,0.0,52,1
24.2,11.5,0.0,41,1
22.2,4.7,0.0,53,1
19.9,14.0,0.0,93,2
20.0,15.5,0.0,93,2
19.1,11.9,0.01,95,0
20.8,12.6,0.0,93,0
21.0,13.3,0.0,95,0
24.8,15.5,0.0,82,2
21.0,11.2,0.02,88,0
21.3,15.5,0.01,94,2
23.7,4.0,0.0,86,0
24.6,3.6,0.0,86,0
21.9,16.6,0.0,92,2
24.0,6.1,0.62,100,0
22.8,14.4,0.0,90,2
19.5,16.9,0.0,91,2
19.7,9.4,0.0,96,0
23.3,10.1,0.0,83,0
19.7,13.3,0.0,96,0
21.3,10.1,0.06,96,0
21.7,18.0,0.0,90,2
24.2,3.6,0.0,84,0
23.2,6.8,0.0,86,0
23.5,4.3,0.0,87,0
24.7,6.1,0.01,86,0
23.4,9.7,0.0,87,0
21.6,5.4,0.0,95,0
24.5,3.6,0.27,93,0
25.7,8.3,0.0,81,0
24.6,3.6,0.0,87,0
25.1,4.3,0.1,89,0
25.9,5.8,0.0,79,0
21.7,4.0,0.1,93,0
21.7,9.0,0.01,93,0
23.1,7.9,0.0,90,0
26.0,3.6,0.0,81,0
24.9,6.5,0.82,90,0
26.0,3.6,0.22,94,0
25.2,5.0,0.0,80,0
23.5,5.8,0.0,89,0
24.4,5.8,0.0,79,0
27.0,6.1,0.01,85,0
27.0,3.6,1.13,94,0
24.0,3.6,0.0,91,0
21.1,5.0,0.0,92,0
24.8,3.6,0.01,88,0
26.5,6.5,0.04,83,0
27.0,10.1,0.11,85,0
25.5,3.6,0.0,89,0
25.9,3.6,0.01,83,0
26.3,8.3,0.0,85,0
25.7,3.6,0.04,84,0
22.5,3.6,0.0,97,0
26.2,6.8,0.0,34,1
30.6,22.0,0.0,48,2
25.2,6.1,0.0,33,1
26.2,12.2,0.0,36,1
27.8,13.3,0.0,28,1
31.1,12.6,0.0,46,1
25.9,12.2,0.0,35,1
28.1,8.6,0.0,58,1
27.5,9.7,0.0,32,1
29.5,16.2,0.0,28,1
24.4,4.7,0.0,48,1
26.0,6.5,0.0,45,1
25.4,3.6,0.0,47,1
24.0,3.6,0.0,57,1
25.2,3.6,0.0,51,1
27.0,7.9,0.0,61,1
23.8,4.0,0.0,56,1
25.0,4.3,0.0,37,1
25.9,4.7,0.0,41,1
23.8,3.6,0.0,54,1
25.3,6.8,0.0,34,1
26.6,5.8,0.0,69,1
26.9,14.8,0.0,71,2
24.8,11.5,0.0,84,0
27.5,25.9,0.0,72,2
26.4,10.8,0.1,73,1
26.0,12.2,0.0,77,2
26.1,9.4,0.0,73,1
23.2,4.3,0.0,80,0
25.5,15.8,0.0,71,2
22.4,6.8,0.0,87,0
22.0,3.6,0.0,95,0
23.1,3.6,0.0,62,1
23.3,4.0,0.0,56,1
24.6,5.4,0.0,66,1
25.7,6.5,0.0,73,1
22.8,6.8,0.0,71,0
25.4,6.8,0.0,74,0
23.2,7.2,0.0,71,0
24.5,5.8,0.0,48,1
23.4,5.4,0.0,58,1
22.5,4.0,0.0,62,1
23.5,3.6,0.0,68,1
25.6,3.6,0.0,45,1
24.9,6.1,0.0,56,1
26.1,5.4,0.0,69,1
27.5,5.8,0.57,84,0
24.9,5.8,0.0,77,0
25.7,5.4,0.0,73,1
23.7,4.7,0.0,84,0
25.7,5.8,0.0,50,1
25.6,6.1,0.0,48,1
28.3,6.5,0.0,65,1
26.7,6.8,0.0,71,1
24.2,7.6,0.0,38,1
26.6,7.6,0.0,67,1
27.9,5.8,0.0,69,1
28.0,3.6,0.0,64,1
26.2,6.5,0.0,63,1
25.6,4.0,0.21,78,0
27.3,8.3,0.0,56,1
28.0,3.6,0.0,66,1
26.1,6.8,0.0,71,1
27.7,4.0,0.0,66,1
28.6,3.6,0.0,65,1
27.5,6.8,0.0,72,1
22.2,3.6,0.0,58,1
27.3,5.4,0.0,72,1
28.4,6.5,0.0,62,1
22.4,5.0,0.0,77,0
22.8,4.0,0.0,73,0
25.4,4.0,0.0,59,1
26.3,4.7,0.0,44,1
26.7,15.1,0.0,76,2
26.6,16.6,0.0,77,2
26.0,6.8,0.41,89,0
23.1,18.0,3.26,94,2
28.6,5.0,0.0,65,1
28.1,3.6,0.0,66,1
29.3,3.6,0.0,66,1
25.4,6.1,0.0,65,1
21.1,4.7,0.0,91,0
23.9,4.7,0.0,87,0
24.9,4.3,0.0,59,1
25.5,3.6,0.0,38,1
25.4,6.5,0.0,56,1
25.9,3.6,0.0,46,1
26.3,7.2,0.0,48,1
24.3,5.8,0.0,83,0
25.4,3.6,0.0,40,1
24.7,4.3,0.0,91,0
25.7,5.0,0.06,87,0
24.9,7.6,0.0,86,0
24.2,7.9,0.0,88,0
26.6,6.8,0.06,88,0
24.1,3.6,0.0,87,0
25.4,5.8,0.01,87,0
23.4,6.5,1.24,92,0
24.9,9.4,0.0,91,0
24.5,6.5,0.03,90,0
24.6,10.4,0.01,86,0
23.0,4.0,0.0,80,0
27.1,10.8,0.56,86,0
25.3,4.3,0.0,93,0
19.5,6.1,0.0,96,0
29.0,9.0,1.07,89,0
27.8,4.7,0.1,80,0
25.0,13.3,0.2,80,2
23.1,13.0,0.78,92,0
22.9,3.6,0.22,73,0
24.6,5.4,0.0,52,1
24.5,5.8,0.0,74,0
22.2,3.6,0.0,90,0
22.6,3.6,0.0,85,0
23.8,4.0,0.0,77,0
26.5,4.0,0.0,45,1
24.0,9.0,0.0,74,0
27.6,3.6,0.06,66,1
14.2,3.6,1.36,93,3
24.1,3.6,0.87,93,0
25.2,4.0,0.0,68,1
27.1,5.4,0.52,71,1
23.7,3.6,0.0,61,1
25.1,5.8,0.0,75,0
24.3,5.8,0.0,68,1
23.7,3.6,0.0,56,1
24.9,3.6,0.0,51,1
24.2,4.3,0.0,50,1
23.9,3.6,0.0,58,1
24.6,5.4,0.0,53,1
25.6,11.2,0.0,49,1
26.1,6.8,0.0,44,1
25.1,4.7,0.0,62,1
22.4,4.3,0.0,92,0
25.3,3.6,0.0,75,0
22.7,3.6,1.14,90,0
25.7,8.3,0.0,47,1
24.5,5.0,0.0,82,0
24.8,5.0,1.11,78,0
25.3,4.3,0.0,61,1
23.7,6.8,0.0,74,0
25.9,3.6,0.0,38,1
22.0,3.6,0.0,93,0
23.4,3.6,0.0,61,1
24.5,3.6,0.0,46,1
26.1,3.6,0.0,47,1
24.2,3.6,0.0,83,0
22.7,3.6,1.02,92,0
22.8,3.6,1.63,93,0
24.3,5.8,0.0,74,0
27.1,9.0,0.0,75,1
17.8,9.7,0.0,77,0
28.8,5.0,0.0,65,1
13.9,15.5,0.0,45,3
24.5,4.3,0.36,89,0
14.4,10.4,0.0,42,3
15.6,9.7,0.0,57,3
27.1,4.0,0.0,39,1
21.2,9.7,0.0,35,1
11.9,3.6,0.0,33,3
6.2,4.3,0.0,48,3
-1.6,7.6,0.0,39,3
9.8,3.6,0.0,34,3
12.7,14.4,0.0,40,3
12.2,3.6,0.0,34,3
15.2,13.3,0.0,38,3
28.3,4.3,0.0,39,1
11.5,10.4,0.0,24,3
21.1,9.4,0.0,35,1
21.0,7.6,0.0,42,1
4.9,6.8,0.0,45,3
8.9,6.5,0.0,46,3
27.1,5.4,0.0,84,0
26.6,16.2,0.31,76,2
29.4,6.8,0.0,69,1
24.5,4.3,0.0,91,0
29.2,4.7,0.0,60,1
28.5,11.5,0.0,65,1
28.4,5.0,0.0,64,1
26.6,12.6,0.0,78,2
27.3,11.9,0.0,71,1
27.4,6.5,0.0,56,1
27.3,7.9,0.0,63,1
26.8,16.2,0.28,76,2
25.5,4.7,0.08,78,0
27.5,13.3,0.0,80,2
27.5,4.7,0.0,81,0
27.8,4.7,0.0,77,0
27.1,18.4,0.0,75,2
27.3,15.8,0.0,78,2
27.9,17.3,0.0,74,2
26.9,6.8,0.0,86,0
26.6,14.8,0.7,87,2
25.7,8.6,0.5,91,0
27.4,7.2,0.67,85,0
27.6,11.9,0.01,70,1
22.8,12.6,0.0,71,2
26.2,5.4,0.0,88,0
23.4,10.8,0.0,84,0
25.7,10.1,0.0,87,0
25.9,4.7,0.04,90,0
23.7,16.2,0.0,76,2
24.8,9.0,1.85,94,0
26.9,3.6,0.0,84,0
26.0,4.0,0.22,89,0
25.5,4.7,0.0,85,0
23.0,3.6,0.03,94,0
24.9,5.8,0.04,83,0
25.0,3.6,0.01,85,0
25.6,5.4,0.02,82,0
26.2,7.2,0.51,84,0
22.7,6.5,0.0,86,0
28.0,12.2,0.73,82,2
27.4,7.2,0.74,82,0
27.2,3.6,0.27,83,0
25.7,3.6,0.09,88,0
26.0,5.4,0.01,83,0
27.1,4.3,2.27,83,0
22.8,6.8,0.0,86,0
31.0,6.1,0.0,94,0
28.1,5.4,1.17,84,0
27.6,8.6,2.84,85,0
27.2,10.8,1.76,86,0
27.9,3.6,0.08,80,0
23.8,8.3,0.01,86,0
28.7,5.0,0.01,73,1
27.8,6.1,0.0,78,0
28.1,10.4,0.0,72,1
28.5,5.4,0.0,79,0
27.5,10.1,0.0,72,1
27.9,9.7,0.0,70,1
27.8,7.6,0.0,75,1
28.0,4.7,0.0,77,0
23.2,3.6,0.31,92,0
27.9,6.8,0.0,76,1
28.2,8.6,0.0,74,1
28.3,3.6,0.0,70,1
27.7,3.6,1.81,82,0
28.0,3.6,1.79,81,0
28.4,4.0,0.96,76,0
25.3,3.6,2.15,89,0
28.4,4.0,0.99,76,0
27.5,12.6,0.86,86,2
27.0,6.1,0.0,74,1
23.6,3.6,0.0,72,0
26.5,9.4,0.0,30,1
24.1,4.0,0.0,43,1
23.7,3.6,0.0,58,1
25.6,6.1,0.0,30,1
24.1,4.0,0.0,52,1
26.2,10.8,0.0,26,1
26.6,10.8,0.0,27,1
26.9,10.1,0.0,26,1
26.5,3.6,0.0,36,1
26.0,6.5,0.0,32,1
23.0,3.6,0.0,64,1
22.5,4.7,0.0,65,1
26.2,27.7,1.9,87,2
27.7,31.3,0.03,78,2
23.4,5.4,0.7,89,0
25.5,6.1,0.0,75,0
4.2,7.2,0.0,89,3
26.7,5.4,0.69,90,0
25.0,3.6,3.39,94,0
26.6,10.1,0.02,91,0
24.1,4.3,1.6,91,0
25.9,5.8,0.0,74,1
20.3,10.8,0.0,72,0
20.5,5.0,0.27,95,0
26.5,7.6,0.0,84,0
26.1,8.6,0.93,82,0
24.9,6.1,0.39,95,0
24.9,4.0,0.06,94,0
26.6,24.5,0.0,77,2
26.6,27.4,0.0,75,2
24.5,14.8,0.08,89,2
21.1,3.6,0.38,100,0
20.7,3.6,0.05,99,0
24.2,3.6,0.0,99,0
25.8,25.2,1.97,89,2
19.9,3.6,0.0,89,0
17.2,3.6,0.18,96,0
26.0,6.1,0.32,94,0
20.3,5.0,0.21,96,0
24.5,4.3,0.0,84,0
20.7,6.5,0.12,95,0
16.6,3.6,0.08,98,0
23.0,3.6,0.0,85,0
27.7,6.1,0.0,92,0
17.9,3.6,0.02,98,0
24.2,3.6,0.18,97,0
21.0,19.1,0.0,83,2
21.6,4.7,0.0,95,0
22.3,5.0,0.0,97,0
24.3,3.6,0.0,95,0
23.3,6.5,0.0,95,0
26.6,7.2,0.0,73,1
21.5,7.2,0.04,97,0
25.7,7.9,0.0,48,1
24.6,7.9,0.0,90,0
22.2,5.0,0.0,65,1
21.9,19.1,0.0,90,2
24.0,7.9,0.0,92,0
24.6,4.7,0.74,93,0
24.6,4.3,0.0,91,0
24.0,3.6,1.4,94,0
19.5,8.6,0.0,69,0
18.5,7.6,0.0,82,0
20.4,9.0,0.0,84,0
-4.3,5.0,0.0,73,3
23.1,4.3,0.0,78,0
22.2,6.8,0.0,75,0
14.8,7.9,0.0,80,3
16.4,10.8,0.0,75,3
7.6,10.4,0.0,54,3
6.0,6.5,0.0,57,3
23.3,6.5,0.0,87,0
24.5,11.5,0.29,89,0
21.6,3.6,0.06,97,0
24.5,12.6,0.22,91,0
25.0,6.1,0.37,100,0
25.1,7.6,0.66,85,0
25.0,6.8,1.83,89,0
21.3,9.4,0.1,92,0
24.0,6.8,0.6,94,0
22.8,6.5,0.02,97,0
25.0,6.1,0.07,100,0
25.0,25.9,0.02,79,2
28.0,6.1,0.9,84,0
24.0,6.8,0.05,94,0
27.4,30.2,0.19,83,2
27.0,9.0,0.51,84,0
26.0,8.6,2.24,91,0
27.1,4.7,2.46,88,0
26.0,6.1,0.17,94,0
26.7,20.9,3.75,90,2
22.5,10.1,0.0,73,0
26.6,3.6,2.69,80,0
26.6,4.0,1.18,87,0
26.0,6.1,0.24,94,0
25.6,3.6,3.48,93,0
26.8,3.6,0.12,87,0
26.5,3.6,0.0,84,0
27.1,7.9,0.11,77,0
26.0,6.1,0.48,94,0
20.8,7.2,0.0,42,1
22.8,3.6,0.0,45,1
24.0,9.0,0.0,83,0
22.9,3.6,0.0,38,1
24.3,5.0,0.0,34,1
24.6,7.6,0.0,32,1
23.6,5.8,0.0,39,1
22.3,5.4,0.0,41,1
22.9,5.8,0.0,40,1
24.1,10.4,0.0,37,1
23.4,5.8,0.0,38,1
21.7,6.5,0.0,49,1
24.1,7.6,0.0,40,1
24.9,12.6,0.0,35,1
24.2,8.3,0.0,35,1
20.2,16.6,0.0,88,2
20.4,18.7,0.0,89,2
23.3,7.9,0.0,86,0
19.0,14.0,0.07,95,2
21.6,10.1,0.0,80,0
21.7,16.9,0.02,93,2
23.6,15.1,0.0,83,2
21.3,16.6,0.03,95,2
22.3,10.4,0.0,94,0
23.0,8.6,0.0,89,0
21.9,19.8,0.0,90,2
25.0,6.8,1.36,89,0
21.9,14.8,0.0,90,2
18.9,13.0,0.01,94,0
20.5,11.9,0.02,91,0
23.5,18.0,0.0,78,2
23.0,15.1,0.0,83,2
19.1,14.0,0.0,92,2
20.8,10.8,0.59,95,0
22.2,22.0,0.02,86,2
23.3,7.2,0.09,86,0
22.4,8.3,0.0,93,0
23.3,9.4,0.0,88,0
22.4,9.4,0.0,92,0
21.4,7.9,0.01,92,0
24.3,3.6,0.06,94,0
23.5,6.8,0.0,90,0
24.8,6.8,0.0,92,0
23.4,4.7,0.0,91,0
20.1,5.0,0.0,97,0
21.2,11.2,0.0,91,0
22.6,3.6,0.11,92,0
24.8,3.6,0.0,87,0
26.5,5.4,0.0,65,1
25.4,19.4,0.08,87,2
25.5,3.6,0.0,81,0
24.0,4.7,0.2,93,0
23.8,6.8,0.0,88,0
23.0,5.4,0.17,89,0
26.6,4.3,0.0,88,0
26.0,3.6,0.03,89,0
23.7,3.6,0.1,92,0
20.5,5.4,2.14,97,0
24.4,5.4,1.74,92,0
25.5,6.8,0.12,89,0
25.8,6.5,1.74,92,0
24.2,3.6,2.26,95,0
26.1,4.7,0.0,89,0
27.2,14.8,0.38,85,2
25.7,5.4,0.0,89,0
25.1,3.6,0.0,90,0
26.5,8.3,1.3,87,0
24.8,3.6,0.18,91,0
20.6,3.6,0.02,95,0
27.2,7.2,0.0,25,1
30.2,4.3,0.0,15,1
26.5,8.6,0.0,25,1
27.6,10.4,0.0,28,1
30.2,10.4,0.0,28,1
29.9,11.5,0.0,41,1
26.7,13.0,0.0,29,1
29.3,12.6,0.0,44,1
28.5,8.3,0.0,25,1
31.2,15.1,0.0,23,1
24.1,6.8,0.0,44,1
26.3,6.5,0.0,46,1
25.2,5.4,0.0,47,1
25.0,3.6,0.0,57,1
28.2,7.6,0.0,44,1
24.2,5.0,0.0,53,1
25.5,5.0,0.0,36,1
26.5,5.4,0.0,40,1
26.1,3.6,0.0,63,1
24.2,7.2,0.0,45,1
26.9,6.8,0.0,24,1
28.6,6.8,0.0,51,1
25.5,22.7,0.01,78,2
25.6,8.6,0.0,76,0
26.5,37.1,0.0,80,2
25.2,6.8,0.04,81,0
25.9,19.1,0.0,77,2
25.0,25.9,0.0,79,2
21.3,5.8,0.0,90,0
25.2,11.5,0.0,78,0
22.2,6.1,0.0,83,0
25.1,10.8,0.0,72,1
21.1,8.6,0.0,83,0
21.4,6.5,0.0,86,0
25.0,5.4,0.0,75,0
25.5,4.0,0.0,68,1
26.0,3.6,0.0,65,1
26.5,7.2,0.0,73,1
25.4,3.6,0.0,61,1
26.1,6.1,0.0,70,1
26.0,3.6,0.0,57,1
25.8,3.6,0.0,50,1
25.6,4.7,0.0,58,1
24.8,3.6,0.0,69,1
25.2,5.4,0.0,79,0
25.6,5.0,0.0,74,0
26.1,3.6,0.0,42,1
25.8,3.6,0.0,51,1
26.4,4.7,0.0,64,1
25.7,6.8,0.14,93,0
25.9,5.0,0.0,69,1
26.4,3.6,0.0,55,1
25.6,4.3,0.0,80,0
25.7,5.4,0.0,44,1
25.7,4.3,0.0,43,1
27.5,5.8,0.0,66,1
26.9,6.8,0.0,70,1
26.2,9.7,0.0,26,1
28.9,7.6,0.0,66,1
26.9,6.5,0.0,68,1
29.2,9.0,0.0,65,1
23.9,6.5,0.48,93,0
27.8,3.6,0.0,64,1
26.1,6.5,0.0,41,1
27.3,5.0,0.0,41,1
27.9,4.3,0.0,68,1
26.7,6.5,0.0,71,1
28.4,7.6,0.0,67,1
28.8,6.8,0.0,37,1
28.6,7.9,0.0,68,1
27.5,4.0,0.0,59,1
24.5,3.6,0.0,72,0
23.9,3.6,0.0,72,0
25.7,4.3,0.0,44,1
26.6,5.0,0.0,40,1
26.6,30.2,0.0,77,2
27.0,3.6,0.05,84,0
26.8,25.6,0.0,77,2
23.3,10.4,0.91,92,0
28.9,7.2,0.0,62,1
27.8,4.0,0.0,69,1
26.2,3.6,0.0,47,1
29.5,7.2,0.0,37,1
25.4,3.6,0.0,51,1
29.1,7.9,0.0,69,1
20.6,5.0,0.0,84,0
23.7,13.7,0.0,82,2
24.4,3.6,0.0,57,1
26.2,4.7,0.0,34,1
25.1,5.8,0.0,53,1
25.8,10.1,0.0,48,1
25.8,5.8,0.0,52,1
23.9,3.6,0.0,60,1
25.6,8.6,0.0,47,1
23.6,15.5,0.0,89,2
23.0,5.4,0.03,94,0
23.4,10.1,0.0,93,0
25.6,18.0,0.0,82,2
23.0,7.6,0.0,92,0
22.8,4.3,0.09,95,0
23.1,6.8,0.01,95,0
24.8,12.2,0.51,89,0
24.2,7.6,0.04,92,0
25.5,14.4,0.0,87,2
23.0,9.7,0.0,88,0
22.8,5.0,0.0,80,0
25.2,9.4,1.74,94,0
26.1,5.8,0.0,93,0
20.1,4.7,0.2,95,0
26.0,6.1,0.13,94,0
26.5,5.0,0.15,87,0
25.1,12.6,0.0,66,1
22.1,11.2,0.05,92,0
24.3,4.3,0.0,59,1
23.7,5.4,0.0,53,1
22.0,4.0,0.0,78,0
22.0,7.6,0.0,75,0
21.5,4.3,0.0,73,0
22.0,3.6,0.0,70,0
23.0,3.6,0.0,72,0
23.2,3.6,0.0,61,1
23.6,6.8,0.0,58,1
23.0,9.0,0.0,61,1
27.4,7.2,0.0,56,1
13.7,4.7,0.0,92,3
23.6,5.8,0.0,93,0
24.6,3.6,0.0,62,1
26.5,5.4,0.0,47,1
23.5,4.7,0.0,59,1
23.3,3.6,0.0,68,1
22.8,5.0,0.0,59,1
23.3,6.1,0.0,50,1
25.2,7.6,0.0,53,1
23.1,5.4,0.0,53,1
23.3,8.6,0.0,57,1
23.9,4.7,0.0,49,1
26.2,8.3,0.0,45,1
27.2,5.0,0.0,56,1
25.1,3.6,0.0,61,1
22.6,9.0,0.0,81,0
23.2,3.6,0.0,66,1
22.9,4.0,0.0,87,0
25.9,9.0,0.0,53,1
23.5,3.6,0.0,59,1
25.1,3.6,0.51,77,0
25.0,3.6,0.0,66,1
25.8,4.0,0.0,30,1
22.4,3.6,0.05,92,0
22.8,5.4,0.0,59,1
23.2,8.3,0.0,51,1
25.9,8.6,0.0,55,1
22.0,4.7,0.0,65,1
22.7,5.0,0.0,90,0
23.0,3.6,0.0,91,0
26.5,12.6,0.0,64,1
15.7,8.6,0.0,80,3
27.0,5.0,0.0,76,0
13.9,13.3,0.0,54,3
24.1,7.6,0.12,92,0
14.1,9.4,0.0,53,3
15.6,8.3,0.0,62,3
27.1,3.6,0.0,45,1
21.8,7.9,0.0,40,1
11.6,3.6,0.0,49,3
6.7,5.4,0.0,38,3
-2.0,6.5,0.0,55,3
9.3,3.6,0.0,41,3
11.9,3.6,0.0,42,3
16.3,10.8,0.0,54,3
27.6,4.0,0.0,51,1
11.5,11.9,0.0,36,3
21.3,7.9,0.0,40,1
21.0,7.2,0.0,52,1
4.8,6.8,0.0,53,3
10.0,6.8,0.0,65,3
26.1,3.6,0.0,75,0
26.5,19.8,0.0,79,2
28.6,13.0,0.0,57,1
24.2,6.8,0.0,94,0
29.2,6.1,0.0,59,1
26.0,11.2,0.0,84,0
27.4,14.8,0.0,63,1
26.9,8.3,0.0,52,1
25.4,15.5,0.0,61,1
26.4,13.3,0.0,68,1
25.7,10.8,0.0,50,1
26.2,5.8,0.0,54,1
27.4,4.7,0.0,64,1
26.7,20.2,0.0,79,2
25.2,5.8,0.0,71,1
27.1,19.8,0.0,82,2
26.7,3.6,0.0,74,1
27.0,3.6,0.0,72,1
26.8,14.8,0.0,76,2
26.6,11.9,0.0,81,0
27.0,6.1,0.0,70,1
26.3,3.6,0.0,77,0
26.8,15.5,0.21,83,2
25.5,7.6,0.01,90,0
26.8,13.3,0.05,81,2
28.2,7.2,0.0,67,1
24.2,18.0,0.0,68,2
26.7,12.2,0.19,87,0
23.9,15.1,0.0,80,2
25.6,10.1,0.0,85,0
25.8,9.0,0.0,86,0
24.0,16.2,0.0,77,2
25.8,5.0,0.01,89,0
25.3,6.5,0.0,77,0
24.4,16.6,1.48,97,2
24.2,8.3,1.55,96,0
24.3,4.3,0.65,91,0
22.9,5.4,0.9,97,0
22.0,11.2,0.13,94,0
22.8,5.0,0.36,95,0
25.0,3.6,0.19,94,0
23.5,4.7,0.11,96,0
23.7,13.7,0.16,97,2
21.2,5.4,0.82,96,0
24.3,9.7,1.41,98,0
24.0,10.1,1.51,98,0
24.2,14.0,1.25,96,2
24.2,11.9,0.59,98,0
23.1,11.9,1.41,97,0
24.2,13.7,0.3,98,2
21.4,5.4,0.62,96,0
22.0,11.2,0.16,94,0
25.0,14.8,0.15,95,2
25.2,10.1,0.27,94,0
25.1,9.0,1.02,93,0
23.0,4.7,0.0,74,0
25.6,7.9,0.0,90,0
25.5,4.0,0.07,86,0
25.6,3.6,0.18,87,0
25.4,9.4,0.08,90,0
25.7,7.6,0.0,87,0
25.4,9.0,0.0,87,0
25.7,6.1,0.01,87,0
27.0,6.8,0.01,100,0
22.6,5.0,1.9,97,0
25.6,7.2,0.01,88,0
25.6,7.9,0.02,87,0
23.7,6.8,0.0,95,0
25.2,9.4,0.1,92,0
25.4,9.4,0.09,92,0
24.6,6.5,0.54,95,0
25.3,9.4,0.09,92,0
24.8,13.0,1.2,95,2
23.7,6.1,0.0,67,1
26.5,10.1,0.0,32,1
23.1,10.8,0.0,41,1
23.0,11.2,0.0,40,1
24.8,10.1,0.0,36,1
23.5,11.2,0.0,38,1
25.7,8.6,0.0,37,1
24.9,9.4,0.0,37,1
25.4,10.1,0.0,34,1
26.1,10.8,0.0,33,1
25.7,8.3,0.0,36,1
25.7,8.6,0.0,34,1
24.1,9.4,0.0,51,1
22.9,9.4,0.0,59,1
26.0,32.4,1.74,90,2
27.5,22.7,0.01,80,2
23.1,5.0,0.0,88,0
26.5,8.3,0.0,68,1
4.7,5.4,0.0,91,3
24.7,4.7,0.06,92,0
25.8,6.1,0.02,90,0
24.6,3.6,0.43,98,0
24.5,3.6,0.01,98,0
24.3,3.6,0.52,98,0
24.7,3.6,0.55,96,0
26.5,5.8,0.0,71,1
20.1,6.1,0.01,80,0
21.0,4.3,0.3,96,0
25.8,5.4,0.81,94,0
25.0,7.6,1.89,92,0
24.9,6.8,0.31,97,0
24.4,7.9,1.29,97,0
26.7,22.0,0.0,78,2
27.6,21.6,0.0,66,2
25.4,10.8,2.0,91,0
21.2,3.6,0.04,98,0
24.0,3.6,0.03,99,0
25.5,30.2,2.16,92,2
16.8,4.0,0.0,99,0
26.0,11.2,0.15,94,0
18.9,3.6,0.0,99,0
23.9,5.0,0.61,94,0
20.6,4.7,1.6,99,0
23.0,3.6,1.64,97,0
25.1,4.7,0.74,99,0
24.3,4.7,0.0,97,0
23.5,3.6,0.47,98,0
22.4,7.6,0.0,96,0
24.7,7.2,0.01,93,0
22.8,5.4,0.26,97,0
23.5,8.6,0.0,96,0
24.6,10.4,0.0,94,0
22.3,10.4,0.0,95,0
25.1,3.6,0.0,41,1
24.7,7.9,0.0,92,0
22.6,9.4,0.0,59,1
22.8,22.0,0.05,89,2
24.5,8.3,0.0,93,0
23.9,6.5,0.0,91,0
24.1,5.8,0.61,91,0
20.0,8.3,0.0,67,0
18.7,6.5,0.0,79,0
20.2,9.0,0.0,84,0
-4.3,6.5,0.0,69,3
23.1,4.3,0.0,71,0
22.3,6.5,0.0,71,0
14.9,7.6,0.0,81,3
16.3,10.4,0.0,74,3
7.4,11.5,0.0,61,3
5.6,9.0,0.0,68,3
22.4,6.1,0.0,90,0
25.2,11.5,2.15,91,0
21.3,3.6,0.2,97,0
26.1,13.7,0.69,84,2
24.0,4.0,2.18,100,0
25.3,10.8,1.13,88,0
25.0,4.0,0.84,94,0
21.4,11.5,0.02,92,0
23.0,6.1,2.47,100,0
22.6,3.6,0.58,96,0
24.0,4.0,0.94,100,0
24.0,19.1,0.22,89,2
27.0,6.8,0.89,89,0
23.0,6.1,1.01,100,0
27.4,33.5,0.14,82,2
25.0,6.1,0.73,94,0
25.3,16.9,0.08,95,2
25.3,15.5,0.02,96,2
26.0,11.2,0.09,94,0
25.0,10.8,0.29,96,0
18.5,5.0,0.0,76,0
25.3,3.6,0.0,86,0
24.7,23.4,5.71,97,4
26.0,11.2,0.14,94,0
25.4,20.9,0.04,96,2
24.9,23.4,2.56,96,2
23.6,18.0,3.25,97,2
25.3,4.3,0.0,87,0
26.0,11.2,0.05,94,0
20.8,7.6,0.0,52,1
22.9,11.2,0.0,43,1
22.7,9.7,0.0,43,1
23.3,9.0,0.0,42,1
23.9,7.9,0.0,39,1
23.3,10.4,0.0,35,1
22.3,8.3,0.0,43,1
22.5,5.0,0.0,43,1
23.4,8.6,0.0,37,1
22.6,6.1,0.0,40,1
22.1,5.8,0.0,44,1
23.8,10.8,0.0,35,1
24.2,3.6,0.0,33,1
23.0,8.6,0.0,42,1
20.7,19.4,0.0,85,2
20.3,19.1,0.0,89,2
23.4,14.8,0.0,84,2
19.1,14.4,0.06,95,2
20.8,22.3,0.0,87,2
21.7,24.5,0.05,90,2
24.0,19.8,0.0,80,2
21.8,22.7,0.06,95,2
22.1,20.2,0.0,92,2
22.7,10.4,0.0,90,0
22.0,25.6,0.02,90,2
25.0,4.0,2.23,94,0
23.2,23.4,0.01,88,2
19.6,18.4,0.07,94,2
20.8,19.4,0.0,88,2
23.3,22.7,0.0,78,2
22.0,16.9,0.0,88,2
20.0,16.6,0.0,91,2
21.3,16.6,1.34,97,2
22.1,29.2,0.04,84,2
23.1,4.7,0.18,88,0
23.6,9.4,0.38,84,0
22.0,12.6,0.0,95,0
23.1,11.2,0.0,91,0
22.4,10.1,0.0,94,0
22.2,3.6,0.29,97,0
24.6,5.4,0.0,92,0
25.4,5.4,0.0,74,0
24.8,3.6,0.01,84,0
25.0,5.8,0.02,80,0
24.0,5.4,0.01,87,0
24.5,3.6,0.0,66,1
21.4,7.2,0.04,94,0
22.4,16.9,0.14,94,2
23.2,8.3,0.74,86,0
24.2,4.3,0.0,73,0
25.7,37.8,2.38,90,2
22.3,3.6,0.0,67,1
24.2,4.7,0.0,67,1
23.8,4.7,0.0,88,0
24.2,4.7,0.82,84,0
23.4,6.5,0.0,74,0
26.0,3.6,0.01,94,0
27.6,12.6,0.0,80,2
26.0,3.6,0.08,94,0
26.0,3.6,0.43,94,0
25.0,6.1,0.61,94,0
20.9,7.6,0.0,97,0
24.1,7.9,0.08,94,0
24.1,9.0,0.06,90,0
24.1,5.0,1.31,95,0
26.3,6.1,0.01,90,0
26.8,14.4,0.04,88,2
26.0,6.5,0.0,85,0
24.7,5.4,0.76,92,0
24.4,5.8,1.0,93,0
20.0,5.4,0.0,93,0
25.9,7.2,0.0,29,1
30.1,9.4,0.0,26,1
25.4,5.4,0.0,27,1
25.8,7.2,0.0,31,1
26.7,3.6,0.0,25,1
28.9,15.1,0.0,41,1
25.1,7.9,0.0,30,1
28.2,6.8,0.0,27,1
27.3,11.9,0.0,28,1
28.7,6.8,0.0,21,1
22.9,5.4,0.0,59,1
23.8,7.9,0.0,31,1
26.0,3.6,0.0,38,1
24.6,6.1,0.0,40,1
24.7,6.5,0.0,42,1
26.6,7.9,0.0,40,1
23.3,9.4,0.0,40,1
24.9,6.1,0.0,24,1
26.5,6.8,0.0,46,1
25.0,5.4,0.0,49,1
22.9,5.8,0.0,44,1
25.7,10.8,0.0,28,1
25.6,5.4,0.0,48,1
24.9,10.1,0.0,80,0
27.0,23.0,0.0,77,2
25.8,9.0,0.0,76,0
25.8,14.8,0.0,79,2
21.6,5.4,0.0,91,0
25.7,16.9,0.0,67,2
21.7,8.3,0.0,84,0
21.5,6.8,0.0,85,0
25.0,3.6,0.0,78,0
25.4,3.6,0.02,77,0
26.6,3.6,0.03,67,1
22.4,5.0,0.14,90,0
24.7,9.7,0.0,93,0
24.4,7.9,0.0,44,1
26.1,8.6,0.0,61,1
24.7,7.9,0.0,41,1
26.3,7.6,0.02,49,1
25.1,7.6,0.0,48,1
24.4,3.6,0.0,62,1
25.2,3.6,0.0,81,0
26.1,4.3,0.0,74,0
26.6,7.9,0.0,39,1
27.2,4.3,0.01,60,1
26.8,3.6,0.0,48,1
25.1,12.6,0.01,96,0
26.3,7.2,0.0,66,1
27.2,4.3,0.0,57,1
25.0,4.7,0.0,81,0
27.4,5.4,0.0,53,1
25.9,9.7,0.0,85,0
24.8,7.9,0.55,91,0
24.6,9.0,0.0,38,1
25.4,9.7,0.0,90,0
25.2,7.9,0.0,88,0
24.5,5.4,0.16,94,0
25.1,9.0,0.0,89,0
26.1,3.6,0.0,49,1
25.3,6.8,0.0,63,1
27.2,3.6,0.0,49,1
24.8,9.0,0.0,89,0
24.8,9.7,0.0,94,0
26.1,8.6,0.0,85,0
25.8,6.5,0.0,54,1
26.0,7.6,0.87,90,0
22.7,6.1,0.0,59,1
25.2,9.0,0.0,89,0
27.3,7.2,0.0,59,1
22.9,5.0,0.0,54,1
23.9,6.5,0.0,67,1
26.5,3.6,0.0,55,1
27.6,8.3,0.0,59,1
27.4,24.1,0.0,67,2
23.9,16.2,0.0,70,2
26.6,21.6,0.0,78,2
23.7,16.2,0.17,89,2
26.6,8.3,0.0,83,0
25.6,9.4,0.0,56,1
26.7,3.6,0.0,49,1
24.7,7.6,0.0,53,1
20.3,3.6,0.0,90,0
24.1,13.3,0.0,79,2
23.3,9.0,0.0,54,1
25.4,6.1,0.0,32,1
24.0,3.6,0.0,52,1
26.2,8.3,0.0,56,1
23.5,5.8,0.0,59,1
24.8,5.8,0.0,37,1
23.3,19.4,0.0,85,2
24.8,7.2,0.15,91,0
24.0,10.4,0.0,90,0
22.7,13.3,0.0,93,2
24.3,18.0,0.0,79,2
23.3,6.5,0.0,93,0
23.6,6.8,0.0,91,0
24.6,7.6,0.03,91,0
24.6,11.2,0.0,88,0
24.2,10.1,0.0,89,0
25.1,14.4,0.0,84,2
23.1,11.2,0.0,86,0
22.9,4.0,0.61,98,0
22.8,5.0,0.0,88,0
24.7,7.6,0.34,96,0
25.2,11.5,0.01,95,0
25.6,3.6,1.47,95,0
25.5,4.0,0.04,90,0
24.7,4.0,0.31,93,0
25.4,6.5,0.02,90,0
26.0,11.2,0.04,94,0
24.3,28.4,12.92,97,4
25.2,20.2,0.26,96,2
22.9,12.6,0.0,85,0
24.0,3.6,0.0,99,0
25.8,15.5,0.0,67,2
21.8,14.0,0.05,92,2
22.4,3.6,0.0,62,1
23.9,9.4,0.0,66,1
23.2,5.4,0.0,69,1
21.3,9.4,0.0,75,0
21.1,3.6,0.0,76,0
22.2,3.6,0.0,72,0
22.5,7.6,0.0,78,0
23.4,3.6,0.0,89,0
23.9,3.6,0.0,65,1
27.0,4.3,0.0,60,1
21.8,5.8,0.0,58,1
24.9,6.5,0.0,87,0
13.0,5.8,0.0,99,3
22.5,5.8,0.0,82,0
24.0,7.2,0.0,65,1
25.1,4.7,0.0,85,0
21.0,6.5,0.0,62,1
22.9,5.4,0.0,54,1
23.4,4.3,0.0,66,1
22.9,8.3,0.0,62,1
23.1,7.9,0.0,48,1
25.2,9.0,0.0,58,1
22.8,6.8,0.0,59,1
20.9,6.1,0.0,62,1
23.0,7.9,0.0,53,1
24.1,3.6,0.0,41,1
25.6,7.6,0.0,42,1
26.7,10.8,0.0,43,1
24.6,3.6,0.0,57,1
21.9,9.0,0.0,76,0
23.1,5.8,0.0,67,1
25.2,7.6,0.0,42,1
24.5,4.7,0.0,72,0
22.1,5.4,0.0,59,1
27.0,6.1,0.86,94,0
23.6,5.4,0.11,90,0
24.5,6.8,0.0,62,1
22.5,6.5,0.0,74,0
25.5,4.0,0.0,25,1
22.6,4.7,0.0,92,0
22.3,5.8,0.0,52,1
22.9,9.4,0.0,44,1
26.5,10.4,0.0,48,1
22.4,6.5,0.0,71,0
22.1,5.8,0.0,97,0
22.8,6.1,0.14,96,0
23.1,5.4,0.0,69,1
23.4,11.5,0.0,80,0
16.7,7.6,0.0,80,3
25.5,5.0,0.0,83,0
13.2,13.3,0.0,62,3
24.0,9.4,0.14,90,0
14.4,8.6,0.0,52,3
17.0,8.6,0.0,71,3
21.2,5.0,0.0,55,1
12.1,3.6,0.04,64,3
7.0,6.1,0.0,68,3
-0.4,5.4,0.0,42,3
9.9,3.6,0.08,59,3
13.3,11.2,0.14,72,3
12.0,3.6,0.1,59,3
15.8,9.4,0.09,67,3
28.8,9.4,0.0,44,1
11.5,8.3,0.0,55,3
20.8,4.3,0.0,53,1
21.6,7.9,0.0,61,1
5.9,10.1,0.03,65,3
9.9,5.4,0.09,75,3
26.2,12.2,0.0,88,0
25.8,16.2,0.0,74,2
27.6,14.4,0.0,43,1
24.1,8.6,0.01,93,0
27.6,6.1,0.0,61,1
26.6,17.6,0.0,37,1
26.5,8.6,0.0,51,1
23.7,15.5,0.0,60,1
24.3,9.0,0.0,59,1
25.4,4.0,0.0,48,1
26.3,7.9,0.0,45,1
26.0,16.6,0.0,74,2
22.6,6.1,0.0,88,0
26.7,15.8,0.0,77,2
26.8,11.9,0.0,85,0
25.6,15.5,0.0,71,2
26.1,15.8,0.0,80,2
27.0,9.0,0.0,62,1
24.9,15.1,0.0,66,2
26.5,12.6,0.0,87,2
26.9,17.3,0.5,84,2
25.9,9.4,0.0,86,0
27.6,20.5,0.53,84,2
28.8,12.6,0.0,59,1
23.5,17.6,0.0,72,2
26.5,9.0,0.58,88,0
25.4,12.2,0.0,89,0
26.1,6.1,0.1,88,0
24.0,25.9,0.0,72,2
25.2,7.9,0.12,91,0
25.8,11.2,0.0,70,1
24.2,10.4,0.0,98,0
24.2,3.6,0.01,94,0
23.9,4.3,1.1,93,0
23.1,18.4,0.96,98,2
23.0,9.0,0.18,94,0
22.7,8.6,0.02,99,0
26.0,11.2,0.45,94,0
23.1,7.9,0.97,99,0
23.7,10.8,0.02,99,0
21.9,5.4,1.25,99,0
25.5,8.6,0.0,94,0
25.0,8.6,0.0,95,0
24.1,9.7,0.0,98,0
24.2,9.7,0.0,98,0
23.3,5.8,0.0,99,0
24.1,9.4,0.15,98,0
22.6,4.3,0.92,98,0
23.0,15.8,3.23,95,2
28.0,11.2,0.46,94,0
25.6,10.4,0.44,94,0
24.7,10.8,2.94,97,0
25.3,8.6,2.04,96,0
26.0,11.2,1.76,94,0
24.9,16.2,0.84,97,2
24.7,10.1,0.43,92,0
25.1,19.8,0.46,94,2
24.9,15.8,0.85,96,2
24.8,12.2,0.57,92,0
24.9,14.0,1.29,92,2
24.4,17.3,0.77,93,2
24.7,17.3,0.2,93,2
24.4,16.9,0.49,92,2
28.0,11.2,1.22,94,0
24.0,4.3,0.2,96,0
24.7,18.4,0.08,93,2
25.0,20.5,0.13,95,2
23.3,13.3,0.82,96,2
25.1,11.2,0.03,95,0
25.3,11.2,0.05,96,0
25.1,16.2,0.58,97,2
24.5,11.2,0.58,96,0
25.0,16.2,0.53,97,2
25.5,9.0,0.64,94,0
26.0,6.8,0.0,65,1
22.6,3.6,0.0,58,1
25.3,5.4,0.0,22,1
23.3,3.6,0.0,34,1
23.2,5.4,0.0,38,1
24.3,3.6,0.0,30,1
23.8,6.1,0.0,38,1
25.0,7.9,0.0,25,1
24.0,5.4,0.0,25,1
24.7,6.8,0.0,23,1
25.0,6.1,0.0,22,1
25.1,7.9,0.0,25,1
24.9,5.4,0.0,28,1
22.8,4.7,0.0,51,1
22.1,3.6,0.0,61,1
25.3,14.8,0.57,85,2
27.7,24.5,0.0,81,2
22.4,7.6,0.03,96,0
25.0,8.3,0.0,71,1
5.4,5.4,0.0,89,3
25.7,5.4,0.36,92,0
25.0,3.6,0.52,98,0
24.6,3.6,1.53,99,0
24.9,3.6,0.54,98,0
24.4,6.1,0.99,97,0
26.4,8.6,0.0,83,0
19.9,7.2,0.0,79,0
19.8,4.3,0.15,99,0
25.0,7.6,0.9,94,0
25.3,6.5,0.8,95,0
24.8,3.6,2.9,97,0
27.0,23.8,0.0,78,2
27.1,26.3,0.0,74,2
25.0,4.3,0.55,87,0
21.0,3.6,0.12,98,0
20.9,3.6,0.19,99,0
23.8,3.6,0.11,99,0
24.5,11.2,0.57,88,0
19.0,3.6,0.03,99,0
17.0,4.0,0.06,99,0
27.0,6.8,0.63,94,0
20.3,4.0,0.08,98,0
23.9,4.0,0.28,93,0
20.8,5.0,1.47,98,0
23.1,4.0,1.82,96,0
17.2,5.4,0.92,99,0
17.0,3.6,0.0,100,0
24.5,5.0,0.69,98,0
24.1,3.6,0.47,98,0
21.0,22.0,0.0,88,2
22.2,9.7,0.03,97,0
25.1,8.6,0.0,86,0
22.5,7.6,0.0,96,0
23.8,5.8,0.13,99,0
23.7,10.1,0.0,93,0
22.8,11.2,0.03,96,0
22.1,11.9,0.01,95,0
24.7,3.6,0.0,40,1
24.6,10.8,0.0,77,0
21.8,3.6,0.0,62,1
22.2,7.9,0.26,89,0
24.4,10.4,0.0,80,0
24.3,9.7,0.04,93,0
23.8,10.1,0.61,95,0
23.8,7.9,0.0,95,0
19.6,7.9,0.0,73,0
18.6,7.6,0.0,85,0
20.0,9.4,0.0,85,0
-4.1,4.3,0.0,71,3
22.8,4.0,0.0,74,0
22.1,5.8,0.0,77,0
14.8,7.6,0.0,87,3
19.6,9.7,0.0,78,0
7.4,11.5,0.0,68,3
5.8,6.1,0.0,69,3
22.3,6.8,0.07,95,0
24.8,4.3,0.5,88,0
21.5,3.6,0.11,98,0
25.6,9.7,0.84,87,0
26.0,6.8,1.24,94,0
25.5,14.4,0.87,87,2
25.0,3.6,0.14,100,0
22.1,10.4,0.07,92,0
23.0,4.0,0.57,100,0
22.9,3.6,0.04,97,0
26.0,6.8,0.15,94,0
24.0,20.2,0.19,89,2
27.0,3.6,0.55,89,0
23.0,4.0,0.13,100,0
27.6,22.0,0.43,81,2
27.0,4.0,0.09,94,0
25.0,10.4,0.24,96,0
25.2,10.4,0.0,94,0
27.0,6.8,0.69,94,0
25.4,9.0,0.0,94,0
16.9,6.5,0.0,83,3
24.5,3.6,2.35,89,0
25.1,6.8,0.27,96,0
27.0,6.8,0.72,94,0
24.8,10.1,0.0,97,0
24.3,8.3,1.44,99,0
23.8,6.8,0.0,97,0
25.2,5.0,0.16,88,0
27.0,6.8,0.7,94,0
21.7,7.9,0.0,61,1
22.7,5.8,0.0,40,1
22.3,3.6,0.0,32,1
22.3,5.4,0.0,36,1
22.5,4.3,0.0,35,1
22.9,4.0,0.0,32,1
22.5,6.1,0.0,24,1
21.8,5.4,0.0,40,1
22.3,3.6,0.0,37,1
22.9,7.9,0.0,25,1
21.6,3.6,0.0,27,1
21.4,3.6,0.0,48,1
22.5,4.3,0.0,23,1
23.9,5.8,0.0,21,1
22.1,3.6,0.0,33,1
20.1,15.8,0.0,90,2
19.9,14.0,0.0,92,2
23.3,14.0,0.0,86,2
18.5,12.2,0.01,92,0
20.3,26.3,0.0,86,2
20.4,20.9,0.0,94,2
23.4,19.1,0.0,81,2
20.3,24.5,0.36,95,2
22.2,12.2,0.05,96,0
22.9,9.4,0.01,91,0
21.1,29.5,0.05,92,2
25.0,3.6,0.38,100,0
21.9,24.8,0.04,87,2
18.9,20.2,0.0,91,2
19.3,14.0,0.01,94,2
23.0,26.6,0.0,79,2
19.5,18.0,0.0,89,2
19.5,15.1,0.07,96,2
22.0,32.0,0.05,87,2
23.0,7.2,0.0,73,0
23.5,10.4,0.0,78,0
22.9,3.6,0.0,90,0
23.8,3.6,0.18,88,0
23.5,4.3,0.0,89,0
20.2,10.1,3.0,98,0
24.0,5.4,0.0,91,0
24.6,9.7,0.0,72,1
24.2,4.0,0.0,77,0
24.3,5.4,0.0,76,0
24.4,4.3,0.0,87,0
25.0,10.8,0.0,64,1
20.1,9.7,1.55,95,0
20.5,19.4,2.9,94,2
21.2,12.2,0.27,94,0
23.7,7.2,0.0,71,1
24.1,18.0,0.0,72,2
24.4,12.2,0.0,84,0
24.4,9.7,0.0,75,0
24.2,9.0,0.0,72,1
23.3,4.3,0.0,83,0
24.6,8.6,0.0,80,0
23.9,10.4,0.0,71,1
27.0,6.8,0.59,100,0
26.6,17.6,0.23,86,2
27.0,6.8,0.17,100,0
24.6,4.7,0.01,87,0
21.3,12.2,0.09,97,0
24.2,8.3,0.01,94,0
27.0,4.0,0.89,94,0
27.0,4.0,0.59,94,0
24.9,3.6,0.01,90,0
26.0,14.0,0.17,89,2
24.3,7.6,0.4,95,0
27.0,4.0,1.35,94,0
26.0,10.1,1.0,91,0
27.2,24.1,1.57,85,2
25.9,9.7,0.4,89,0
24.4,7.6,0.09,93,0
26.3,14.8,1.39,88,2
23.8,5.0,0.07,93,0
25.6,3.6,0.0,24,1
29.9,14.8,0.0,18,1
24.8,5.0,0.0,25,1
25.7,7.2,0.0,21,1
26.8,14.0,0.0,28,1
28.9,17.3,0.0,27,1
26.0,8.3,0.0,21,1
27.8,10.8,0.0,31,1
26.9,4.7,0.0,23,1
29.4,13.7,0.0,22,1
24.1,10.8,0.0,43,1
25.5,4.7,0.0,37,1
24.6,6.8,0.0,38,1
26.0,3.6,0.0,42,1
25.1,5.4,0.0,39,1
26.5,10.1,0.0,34,1
23.1,4.0,0.0,44,1
24.9,3.6,0.0,35,1
25.5,8.6,0.0,30,1
24.7,3.6,0.0,53,1
23.5,6.8,0.0,46,1
24.7,5.4,0.0,24,1
25.7,7.6,0.0,40,1
26.0,18.7,0.0,73,2
24.9,8.6,0.0,80,0
26.8,25.2,0.0,80,2
26.6,18.4,0.0,76,2
22.3,5.4,0.0,92,0
25.9,6.5,0.0,71,1
23.0,5.4,0.0,77,0
25.8,16.6,0.0,69,2
20.9,10.8,0.0,87,0
21.5,6.1,0.0,88,0
25.3,5.0,0.0,67,1
25.1,6.5,0.0,62,1
26.5,8.3,0.0,57,1
26.7,6.1,0.0,80,0
24.4,9.7,0.0,49,1
26.9,7.9,0.0,79,0
24.8,9.4,0.0,44,1
25.2,7.9,0.0,35,1
24.8,6.1,0.0,39,1
24.3,7.9,0.0,65,1
25.0,6.1,0.0,69,1
25.5,4.7,0.0,76,0
26.4,4.7,0.0,78,0
24.9,11.9,0.0,30,1
26.0,10.1,0.0,42,1
27.6,5.0,0.85,75,0
25.9,9.7,1.02,91,0
26.6,7.2,0.0,79,0
27.9,7.9,0.18,71,1
25.3,5.0,0.0,83,0
26.4,10.1,0.0,42,1
26.2,10.4,0.0,41,1
25.3,3.6,0.22,84,0
24.7,6.1,1.47,92,0
23.7,5.4,0.0,24,1
26.0,9.7,0.0,82,0
25.4,4.3,0.55,87,0
25.1,18.0,0.14,91,2
24.2,5.4,1.21,91,0
24.8,8.3,0.01,89,0
28.2,8.3,0.0,64,1
25.1,9.4,0.0,62,1
28.8,8.6,0.0,51,1
25.1,9.7,0.0,89,0
26.5,3.6,0.7,82,0
26.1,8.3,0.0,80,0
29.0,3.6,0.0,69,1
25.7,14.8,0.5,84,2
22.7,6.5,0.0,43,1
25.4,13.7,0.75,86,2
26.4,5.0,0.11,80,0
23.0,8.3,0.0,47,1
22.9,3.6,0.0,61,1
26.9,10.4,0.0,48,1
26.2,11.9,0.0,31,1
27.1,29.5,0.0,75,2
27.3,25.2,0.0,78,2
23.3,16.2,0.22,94,2
25.8,7.9,0.0,76,0
24.7,10.4,0.17,92,0
26.6,10.4,0.0,49,1
28.5,5.0,0.0,72,1
24.9,8.6,0.0,58,1
24.5,13.7,1.0,92,2
20.0,6.5,0.0,89,0
24.1,11.5,0.0,80,0
24.0,20.2,0.01,89,2
23.8,3.6,0.0,44,1
25.5,6.5,0.0,24,1
24.1,3.6,0.0,42,1
25.6,10.1,0.0,39,1
25.3,3.6,0.0,42,1
23.2,5.4,0.0,54,1
24.9,3.6,0.0,38,1
23.2,14.0,3.54,97,2
23.8,8.6,0.0,95,0
23.2,5.4,0.0,92,0
23.2,11.2,0.06,95,0
25.5,14.0,0.09,89,2
23.3,4.7,0.0,89,0
23.2,3.6,0.0,90,0
23.7,4.7,0.0,93,0
24.2,5.8,0.0,94,0
24.4,3.6,0.04,95,0
23.6,7.2,0.19,96,0
24.8,10.1,0.02,93,0
23.0,19.1,1.58,89,2
22.8,14.8,0.0,87,2
22.2,4.3,0.22,95,0
26.3,16.2,2.26,91,2
25.2,3.6,0.8,97,0
20.1,4.0,0.01,98,0
24.8,3.6,1.32,96,0
25.3,16.2,0.0,69,2
22.9,13.0,0.12,91,0
23.0,6.1,0.0,60,1
23.6,10.4,0.0,41,1
23.0,4.0,0.0,53,1
21.0,12.2,0.0,83,0
20.9,4.7,0.0,74,0
21.6,3.6,0.0,56,1
22.8,4.7,0.0,94,0
22.4,6.5,0.0,72,0
24.1,4.0,0.0,88,0
20.0,3.6,0.0,83,0
23.8,7.6,0.04,94,0
13.9,12.2,0.16,97,3
23.4,9.0,0.0,94,0
22.7,7.9,0.0,81,0
21.5,11.2,0.0,72,0
23.1,9.4,0.0,65,1
21.7,7.2,0.0,76,0
23.0,11.9,0.0,51,1
24.1,8.3,0.0,49,1
23.3,7.6,0.0,42,1
22.4,11.9,0.0,65,1
24.2,3.6,0.0,42,1
25.5,7.6,0.0,40,1
21.6,11.2,0.0,70,0
22.4,13.0,0.0,89,0
22.8,12.6,0.0,77,2
21.8,4.0,0.0,98,0
23.6,8.3,0.0,90,0
27.0,4.0,0.56,94,0
22.7,11.5,0.44,96,0
22.8,13.7,0.0,73,2
25.8,3.6,0.0,29,1
22.1,6.8,0.0,97,0
22.1,11.9,0.0,70,1
23.4,7.9,0.0,40,1
24.7,9.4,0.0,46,1
22.3,3.6,0.0,76,0
22.0,11.2,0.07,98,0
22.7,13.0,0.08,98,0
23.1,10.1,0.0,80,0
16.0,8.3,0.0,76,3
12.8,13.0,0.0,64,3
23.2,10.8,0.42,95,0
13.1,8.3,0.0,60,3
15.9,7.6,0.0,74,3
27.6,3.6,0.0,73,1
20.7,7.2,0.0,55,1
10.8,3.6,0.01,66,3
6.1,4.7,0.0,60,3
-1.3,7.9,0.01,55,3
9.8,3.6,0.0,69,3
12.0,12.2,0.0,67,3
9.0,3.6,0.0,70,3
15.2,10.8,0.0,62,3
27.8,4.7,0.0,68,1
10.7,10.1,0.0,50,3
20.2,7.2,0.0,54,1
20.4,7.2,0.0,59,1
4.8,7.6,0.0,62,3
8.5,6.8,0.0,79,3
23.8,11.5,0.0,84,0
25.7,14.0,0.0,61,1
25.8,11.2,0.0,83,0
26.5,13.3,0.0,47,1
25.1,11.2,0.0,77,0
22.9,10.8,0.0,75,0
24.7,11.5,0.0,60,1
26.6,7.6,0.0,49,1
25.5,7.6,0.0,46,1
24.5,11.5,0.0,82,0
25.5,6.8,0.0,74,0
22.5,5.8,0.0,88,0
26.6,17.3,0.0,77,2
24.8,13.0,0.0,81,2
25.2,13.3,0.0,79,2
25.7,14.8,0.0,73,2
25.9,10.4,0.0,75,1
26.0,6.8,0.0,61,1
25.5,15.8,0.0,69,2
24.2,10.8,0.0,83,0
26.1,9.7,0.0,82,0
25.7,6.8,0.0,88,0
27.4,19.8,0.0,83,2
28.1,11.9,0.0,62,1
24.0,10.8,0.0,73,1
26.4,14.4,0.0,88,2
23.7,14.4,0.0,78,2
25.6,6.8,0.0,86,0
25.8,8.3,0.0,88,0
24.2,24.5,0.0,77,2
25.5,4.0,0.0,88,0
24.5,6.1,0.0,72,1
24.4,9.4,0.02,97,0
23.3,5.0,0.63,97,0
23.3,3.6,1.33,98,0
22.0,3.6,0.0,100,0
23.1,11.2,1.38,98,0
26.0,3.6,1.26,94,0
23.6,11.5,0.68,97,0
24.0,11.9,0.0,99,0
22.0,5.0,0.04,98,0
25.3,9.4,0.0,94,0
25.1,8.6,0.0,96,0
24.4,9.0,0.37,98,0
24.4,8.6,0.0,98,0
23.8,9.7,0.16,99,0
24.3,9.7,0.07,98,0
22.6,4.0,0.04,97,0
23.0,17.6,5.11,99,4
28.0,9.0,2.78,94,0
25.8,11.5,0.0,92,0
25.4,11.2,0.0,94,0
25.2,9.0,0.1,95,0
26.0,3.6,0.09,94,0
22.1,11.2,0.0,88,0
24.8,11.9,1.49,96,0
25.8,13.3,0.01,93,2
25.5,11.9,0.0,94,0
25.1,10.8,1.41,94,0
25.2,9.0,2.32,94,0
24.9,11.5,1.92,96,0
24.3,11.5,1.28,98,0
25.4,13.7,0.22,94,2
28.0,9.0,0.05,94,0
22.8,3.6,0.45,97,0
25.6,13.7,0.0,94,2
25.7,13.3,0.0,94,2
23.8,6.8,0.63,98,0
25.9,12.2,0.0,92,0
24.9,11.2,0.27,95,0
25.8,12.2,0.0,92,0
25.5,10.8,0.0,93,0
23.0,3.6,0.0,61,1
20.1,7.9,0.0,47,1
24.6,3.6,0.0,31,1
24.5,4.0,0.0,25,1
22.1,7.9,0.0,35,1
21.5,9.0,0.0,35,1
23.5,5.8,0.0,27,1
22.5,8.6,0.0,30,1
23.4,5.8,0.0,27,1
24.0,6.1,0.0,26,1
24.7,6.5,0.0,25,1
25.8,3.6,0.0,24,1
24.2,4.0,0.0,26,1
20.8,6.5,0.0,46,1
20.2,7.2,0.0,47,1
25.3,6.1,0.11,87,0
27.5,17.3,0.13,80,2
22.6,8.6,0.09,98,0
25.9,7.9,0.0,68,1
5.8,3.6,0.0,93,3
25.3,4.0,0.9,94,0
25.6,6.5,0.21,91,0
24.8,3.6,0.01,95,0
24.3,4.7,1.91,97,0
24.7,3.6,0.25,97,0
24.6,3.6,1.43,95,0
25.4,4.0,0.0,86,0
19.7,6.1,0.06,92,0
20.6,3.6,0.02,96,0
24.8,4.0,2.81,96,0
25.7,4.7,0.04,89,0
24.8,4.7,0.13,96,0
24.0,6.1,1.78,97,0
27.2,28.1,1.05,83,2
27.0,24.1,0.07,79,2
24.2,6.1,0.0,90,0
21.0,3.6,0.02,99,0
20.8,3.6,0.22,99,0
23.9,3.6,0.26,99,0
24.5,5.0,0.09,89,0
19.4,3.6,0.03,99,0
16.8,4.0,0.0,97,0
26.0,6.8,0.15,89,0
19.7,3.6,0.05,98,0
23.2,4.3,1.06,97,0
20.4,5.0,1.44,99,0
16.5,3.6,0.0,98,0
23.0,3.6,1.09,96,0
16.8,5.0,1.12,99,0
17.7,3.6,0.0,99,0
24.2,5.0,0.0,98,0
24.2,6.1,0.02,98,0
23.9,3.6,0.25,97,0
22.0,7.6,0.0,98,0
23.8,10.4,0.69,91,0
22.2,6.8,0.0,98,0
23.5,3.6,0.0,99,0
23.3,9.4,0.0,95,0
22.8,15.1,0.04,97,2
25.3,5.4,0.0,84,0
21.9,8.6,0.0,97,0
25.2,5.4,0.0,37,1
24.0,9.7,0.0,91,0
20.0,7.6,0.0,47,1
22.0,15.8,0.0,86,2
23.7,9.7,0.0,92,0
23.7,15.1,1.08,95,2
23.9,8.6,0.16,97,0
23.1,7.9,5.45,98,4
17.9,7.9,0.0,65,3
18.3,6.8,0.01,85,0
20.1,7.2,0.24,90,0
-4.5,10.1,0.0,74,3
20.1,7.6,0.0,43,1
20.1,5.8,0.0,58,1
14.9,6.5,0.0,89,3
15.1,9.0,0.0,77,3
7.0,7.9,0.0,80,3
5.4,7.2,0.0,77,3
22.6,14.4,0.08,96,2
24.3,6.5,0.01,91,0
25.4,3.6,0.1,86,0
26.0,4.0,0.02,94,0
25.2,4.7,0.46,87,0
25.0,6.1,0.03,94,0
21.9,10.4,0.01,93,0
23.0,3.6,0.02,100,0
23.3,4.3,0.0,97,0
26.0,3.6,0.68,94,0
23.0,3.6,0.0,100,0
27.5,14.0,0.0,77,2
27.0,4.0,1.26,94,0
24.8,10.8,0.0,95,0
25.1,10.1,0.0,95,0
26.0,6.8,1.0,89,0
25.4,10.1,0.0,93,0
18.7,5.8,0.34,94,0
24.3,6.1,3.12,96,0
25.3,6.1,0.0,94,0
26.0,6.8,0.64,89,0
24.5,9.7,0.13,97,0
24.3,9.4,0.03,98,0
23.5,7.2,1.38,99,0
24.8,6.5,0.83,93,0
26.0,6.8,0.25,89,0
20.3,7.2,0.0,59,1
21.1,6.5,0.0,43,1
21.4,5.8,0.0,43,1
21.9,4.3,0.0,37,1
21.4,4.7,0.0,27,1
21.2,3.6,0.0,50,1
21.8,3.6,0.0,54,1
21.6,5.0,0.0,26,1
21.4,3.6,0.0,30,1
21.0,6.5,0.0,57,1
22.4,4.7,0.0,27,1
23.2,7.6,0.0,24,1
21.4,3.6,0.0,37,1
19.4,6.8,0.0,95,0
19.2,8.3,0.0,96,0
23.2,13.0,0.0,84,2
17.5,6.5,0.0,96,0
20.2,15.8,0.0,93,2
20.1,11.5,0.0,98,0
23.7,13.3,0.0,79,2
19.9,13.3,0.0,97,0
22.8,12.2,0.0,77,0
22.9,14.8,0.0,87,2
21.1,14.8,0.0,93,2
21.8,12.6,0.0,86,0
18.3,13.7,0.0,93,0
18.3,6.5,0.0,97,0
23.0,12.2,0.0,84,0
19.2,8.6,0.0,93,0
19.1,10.8,0.0,98,0
21.9,15.5,0.0,90,2
22.2,15.1,0.0,84,2
21.7,8.3,0.0,87,0
22.2,12.2,0.0,87,0
23.3,15.5,0.0,85,2
22.8,11.9,0.01,86,0
20.0,8.6,0.0,98,0
24.2,8.3,0.0,93,0
23.6,17.6,0.0,79,2
22.9,13.0,0.0,84,2
24.2,12.2,0.0,84,0
22.1,11.5,0.0,82,0
23.7,6.5,0.0,72,0
19.5,7.2,0.0,96,0
20.4,10.8,0.0,92,0
20.7,9.0,0.0,94,0
23.5,10.4,0.0,81,0
22.1,18.7,0.0,83,2
25.7,5.4,0.07,82,0
23.3,16.2,0.0,87,2
23.3,14.4,0.0,83,2
24.1,8.3,0.0,91,0
22.4,15.8,0.0,86,2
22.5,12.2,0.0,83,0
25.5,4.7,0.0,78,0
28.0,9.0,0.01,84,0
20.8,7.9,0.0,99,0
23.8,8.6,0.32,96,0
27.0,4.0,0.51,94,0
27.0,4.0,1.05,94,0
24.2,3.6,0.0,89,0
25.7,9.7,0.03,88,0
23.7,9.0,0.12,97,0
27.0,4.0,0.31,94,0
25.3,4.7,1.35,93,0
27.5,14.4,0.98,86,2
25.9,4.7,0.63,90,0
23.5,6.5,0.24,98,0
25.9,3.6,0.01,88,0
23.4,6.8,0.56,98,0
22.9,4.3,0.0,95,0
25.6,3.6,0.0,25,1
28.4,18.7,0.0,34,1
25.2,6.5,0.0,26,1
24.7,10.1,0.0,25,1
27.1,10.8,0.0,25,1
27.9,14.0,0.0,35,1
24.5,11.2,0.0,21,1
26.9,15.8,0.0,30,1
26.6,3.6,0.0,25,1
29.5,15.5,0.0,20,1
23.8,8.6,0.0,39,1
25.5,10.4,0.0,39,1
24.3,10.8,0.0,41,1
25.0,6.8,0.0,54,1
25.0,12.2,0.0,41,1
26.0,13.0,0.0,31,1
23.8,12.2,0.0,40,1
24.4,10.4,0.0,37,1
25.7,3.6,0.0,32,1
24.0,7.9,0.0,45,1
23.2,8.6,0.0,44,1
25.2,3.6,0.0,26,1
24.5,5.0,0.0,34,1
25.8,12.2,0.0,70,1
27.3,33.8,0.0,79,2
27.2,5.8,0.0,70,1
26.9,20.5,0.03,80,2
22.2,3.6,0.0,89,0
25.2,15.5,0.0,72,2
21.5,10.8,0.0,83,0
22.3,5.0,0.0,84,0
21.8,11.5,0.0,42,1
22.3,10.8,0.0,39,1
24.2,8.3,0.0,41,1
25.0,5.8,0.45,84,0
22.8,4.3,0.0,35,1
25.8,3.6,0.0,84,0
23.6,7.2,0.0,31,1
24.6,6.1,0.0,42,1
23.4,5.8,0.0,39,1
21.4,10.8,0.0,38,1
22.1,9.4,0.0,53,1
23.4,10.4,0.0,45,1
25.4,4.0,0.0,34,1
24.6,6.1,0.0,44,1
26.5,4.0,0.0,78,0
25.5,8.3,1.07,92,0
25.6,7.6,0.0,62,1
26.6,8.6,0.0,47,1
25.0,4.3,0.0,43,1
25.0,3.6,0.0,43,1
25.4,6.5,0.04,90,0
23.5,5.4,0.0,27,1
26.0,6.1,0.04,84,0
24.1,11.5,0.37,90,0
25.3,7.6,0.0,83,0
24.6,9.4,2.31,97,0
23.4,3.6,0.8,96,0
23.2,10.1,3.04,97,0
26.6,4.7,0.0,66,1
22.3,10.8,0.0,78,0
23.8,10.4,2.32,96,0
24.7,7.2,0.39,88,0
26.3,3.6,0.0,80,0
24.1,7.9,1.42,92,0
20.8,9.4,0.0,41,1
23.8,13.3,0.78,95,2
25.0,6.8,0.31,90,0
21.3,8.6,0.0,35,1
20.4,8.3,0.0,47,1
26.1,7.2,0.0,41,1
25.8,5.0,0.0,37,1
27.2,26.3,0.0,78,2
28.0,15.1,0.01,89,2
27.3,29.9,0.15,83,2
23.9,12.6,0.16,91,0
25.3,4.3,0.04,85,0
23.7,10.8,2.69,96,0
24.8,9.7,0.0,46,1
26.5,4.0,0.0,80,0
23.8,8.3,0.0,49,1
23.7,12.6,2.22,96,0
21.0,5.8,0.0,81,0
24.3,5.0,0.0,80,0
23.6,7.6,0.0,54,1
25.9,3.6,0.0,24,1
24.4,4.3,0.0,43,1
25.2,4.0,0.0,43,1
21.7,10.8,0.0,72,0
25.0,3.6,0.0,34,1
23.9,14.8,0.0,87,2
23.0,10.4,0.0,88,0
23.6,12.6,0.0,89,0
25.4,11.2,0.0,86,0
23.5,7.9,0.0,86,0
22.9,10.8,0.0,87,0
23.8,9.4,0.0,91,0
24.6,7.9,0.0,91,0
25.0,10.1,0.0,89,0
23.3,10.1,0.0,86,0
22.3,4.0,0.11,88,0
26.4,7.6,1.18,90,0
24.7,5.4,2.14,96,0
26.0,6.8,1.17,89,0
23.0,6.8,0.0,61,1
26.0,10.4,0.0,69,1
22.2,12.6,0.01,89,0
19.4,8.6,0.0,75,0
22.0,12.6,0.0,46,1
21.1,9.4,0.0,57,1
19.3,10.4,0.0,61,1
19.8,4.3,0.0,89,0
20.4,6.5,0.0,65,1
20.7,12.2,0.0,69,0
19.4,4.0,0.0,61,1
21.2,3.6,0.0,56,1
21.6,8.6,0.0,46,1
20.7,9.0,0.0,68,0
22.3,7.6,0.0,54,1
10.2,9.7,0.0,54,3
20.2,7.6,0.0,75,0
22.5,8.3,0.0,78,0
22.0,5.4,0.0,49,1
20.6,10.8,0.0,69,0
21.5,12.6,0.0,63,1
22.1,5.8,0.0,72,0
21.2,7.6,0.0,51,1
22.1,13.0,0.0,45,1
22.6,10.1,0.0,45,1
21.8,9.0,0.0,48,1
20.3,12.2,0.0,70,0
21.5,12.6,0.0,52,1
23.7,6.1,0.0,43,1
24.0,8.6,0.0,37,1
23.8,9.0,0.0,37,1
21.7,12.6,0.0,76,2
19.5,11.5,0.0,63,1
22.0,9.7,0.0,78,0
18.8,6.5,0.0,55,1
23.5,8.3,0.0,39,1
20.8,5.8,0.0,54,1
21.0,14.0,0.0,68,2
26.0,4.0,0.12,100,0
21.9,6.5,0.0,86,0
22.6,11.9,0.0,75,0
20.9,9.7,0.0,66,1
25.5,6.8,0.0,25,1
18.8,4.0,0.0,62,3
21.3,11.5,0.0,64,1
21.4,12.2,0.0,44,1
23.5,8.6,0.0,43,1
20.9,3.6,0.0,76,0
18.5,9.0,0.0,58,3
19.5,7.9,0.0,73,0
23.8,10.1,0.0,78,0
14.7,8.6,0.0,74,3
22.6,6.1,0.0,80,0
13.2,14.0,0.0,46,3
22.9,10.8,0.0,85,0
13.6,9.7,0.0,34,3
16.7,8.6,0.0,59,3
24.2,6.1,0.0,39,1
20.5,5.0,0.0,52,1
11.6,3.6,0.0,51,3
6.9,5.0,0.0,57,3
-1.2,6.1,0.02,43,3
8.2,3.6,0.0,56,3
12.9,12.6,0.0,59,3
7.8,3.6,0.0,56,3
15.8,11.2,0.0,57,3
24.9,9.7,0.0,35,1
11.6,8.6,0.0,45,3
20.7,4.7,0.0,51,1
19.9,5.8,0.0,57,1
5.5,9.0,0.01,52,3
9.0,6.5,0.0,67,3
23.8,7.6,0.0,85,0
25.4,6.8,0.0,71,1
26.1,19.4,0.0,65,2
24.0,7.9,0.0,94,0
26.0,11.2,0.0,85,0
26.2,15.8,0.0,61,1
25.1,11.5,0.0,80,0
23.8,12.2,0.0,70,1
25.1,11.9,0.0,68,1
24.2,7.9,0.0,57,1
25.4,7.2,0.0,55,1
24.5,11.5,0.0,85,0
22.9,6.1,0.0,81,0
24.7,9.0,0.0,81,0
25.2,10.4,0.0,80,0
25.9,14.4,0.0,71,2
26.0,10.8,0.0,71,1
26.0,11.2,0.0,61,1
25.7,14.8,0.0,74,2
24.1,6.5,0.0,83,0
26.0,15.5,0.02,89,2
25.8,12.2,0.0,89,0
27.8,7.2,0.11,85,0
28.9,3.6,0.0,70,1
25.3,5.4,0.0,64,1
26.5,10.8,0.0,87,0
24.3,9.0,0.0,68,1
24.7,9.4,0.0,85,0
26.5,4.3,0.0,86,0
24.9,15.5,0.0,72,2
25.1,12.6,0.0,87,2
26.3,7.2,0.0,71,1
24.8,13.0,0.62,92,2
24.5,3.6,0.62,96,0
23.4,7.2,0.0,93,0
23.3,8.6,0.96,99,0
23.0,3.6,0.12,94,0
23.0,6.1,0.57,98,0
23.9,8.3,0.81,96,0
24.0,13.7,0.4,95,2
21.8,5.8,2.41,98,0
25.5,10.1,0.0,94,0
25.2,11.5,1.01,93,0
24.5,12.2,0.88,95,0
24.1,9.4,0.36,95,0
23.7,11.2,1.11,97,0
24.2,9.7,0.0,95,0
22.5,6.8,1.15,97,0
22.9,14.8,0.01,99,2
23.0,3.6,0.15,94,0
27.0,9.0,0.3,89,0
25.8,10.4,0.03,92,0
25.0,14.0,2.39,95,2
24.7,11.5,1.89,97,0
26.0,6.1,0.58,94,0
22.0,9.4,0.0,80,0
25.3,10.1,0.82,93,0
24.2,17.3,1.47,95,2
25.8,13.0,1.88,88,2
25.4,14.0,1.81,93,2
24.1,16.6,0.99,98,2
24.3,16.6,0.66,97,2
24.5,15.1,0.75,96,2
24.4,14.0,0.12,97,2
25.5,13.7,1.49,90,2
27.0,9.0,1.74,89,0
22.5,6.5,0.07,98,0
25.8,13.0,1.87,88,2
26.0,13.7,1.87,88,2
24.0,6.1,0.01,97,0
25.5,9.0,0.0,93,0
25.6,9.4,0.0,93,0
25.6,11.2,0.0,92,0
25.2,10.1,0.27,92,0
25.1,13.0,0.26,95,2
24.0,6.1,0.0,65,1
21.0,4.3,0.0,72,0
24.9,3.6,0.0,24,1
22.0,8.3,0.0,39,1
21.3,9.7,0.0,43,1
23.5,6.8,0.0,33,1
22.2,10.1,0.0,40,1
24.8,7.2,0.0,25,1
23.5,4.7,0.0,28,1
23.7,4.7,0.0,27,1
24.4,4.7,0.0,27,1
24.7,7.2,0.0,25,1
24.5,5.8,0.0,30,1
21.3,6.1,0.0,52,1
20.9,4.7,0.0,59,1
25.4,5.4,0.0,80,0
26.6,20.5,2.49,85,2
22.9,10.8,0.04,92,0
26.8,6.1,0.0,64,1
4.9,5.0,0.0,91,3
25.3,7.6,0.03,89,0
23.7,3.6,0.54,94,0
24.6,6.5,0.29,95,0
24.3,3.6,0.02,94,0
24.1,3.6,6.29,99,4
24.1,3.6,0.01,97,0
24.0,4.7,3.15,98,0
22.7,7.2,0.0,65,1
19.5,4.3,0.84,94,0
24.3,3.6,1.01,97,0
25.1,5.4,0.21,93,0
24.1,6.8,1.51,96,0
23.8,10.1,1.14,95,0
26.8,29.5,0.0,85,2
26.5,26.6,0.0,85,2
23.7,4.7,0.0,92,0
20.1,4.0,0.0,99,0
19.8,3.6,0.0,99,0
22.6,3.6,0.0,99,0
24.9,5.0,0.0,81,0
19.2,3.6,0.02,100,0
16.3,3.6,0.0,98,0
27.0,6.1,2.99,100,0
19.7,3.6,0.28,100,0
18.8,3.6,0.07,98,0
22.2,4.0,1.38,97,0
20.4,5.4,0.07,98,0
16.2,3.6,0.0,99,0
22.9,4.7,0.0,96,0
20.7,5.4,0.04,99,0
17.7,3.6,0.0,100,0
23.6,5.8,0.0,97,0
23.3,3.6,0.01,97,0
22.0,19.1,0.0,83,2
21.7,7.6,0.0,96,0
23.4,10.8,0.0,75,0
21.9,6.5,0.0,93,0
21.1,10.8,0.0,82,0
22.1,12.6,0.0,94,0
23.7,7.2,1.15,94,0
21.4,9.0,0.0,96,0
25.3,9.7,0.0,29,1
21.5,12.6,0.0,59,1
22.0,5.0,0.0,59,1
24.4,5.4,0.0,73,0
22.0,11.9,0.0,72,0
22.7,7.9,0.0,94,0
22.5,9.7,0.01,97,0
20.1,7.2,0.0,70,0
17.9,5.4,0.0,81,0
19.6,5.8,0.0,84,0
-4.5,4.7,0.0,51,3
20.0,4.3,0.0,70,0
20.2,5.0,0.0,73,0
14.5,7.2,0.0,88,3
15.6,9.0,0.0,76,3
6.8,10.1,0.0,73,3
5.2,6.1,0.0,68,3
21.6,13.0,0.0,94,0
23.9,4.7,0.0,92,0
22.0,4.0,0.0,97,0
25.4,7.9,0.33,87,0
26.0,6.1,0.15,94,0
25.2,3.6,0.19,88,0
21.7,9.7,0.0,92,0
23.3,5.4,0.0,97,0
26.0,6.1,0.02,94,0
26.0,6.8,0.2,94,0
26.9,8.6,0.0,76,1
26.0,4.0,0.01,100,0
25.0,16.6,1.77,95,2
25.4,18.7,0.85,93,2
27.0,6.1,3.64,100,0
25.2,13.3,0.0,94,2
21.7,4.3,1.03,98,0
24.0,13.0,1.51,96,0
24.2,10.4,9.99,99,4
27.0,6.1,3.19,100,0
25.1,11.5,0.33,95,0
24.7,10.1,2.82,97,0
23.9,11.2,0.88,98,0
24.6,6.5,0.41,95,0
27.0,6.1,3.4,100,0
20.0,5.8,0.0,57,1
21.5,8.3,0.0,42,1
21.6,5.8,0.0,38,1
21.9,6.1,0.0,36,1
21.7,6.1,0.0,33,1
21.3,7.6,0.0,39,1
21.7,6.1,0.0,36,1
21.9,3.6,0.0,30,1
22.0,4.0,0.0,32,1
20.2,5.0,0.0,42,1
22.7,7.6,0.0,31,1
23.6,3.6,0.0,26,1
21.7,4.7,0.0,34,1
19.9,8.6,0.0,94,0
19.2,8.6,0.0,96,0
23.6,9.7,0.0,71,1
18.0,6.5,0.0,95,0
21.7,16.6,0.0,82,2
20.8,13.0,0.0,91,0
26.0,9.0,0.0,64,1
21.0,13.0,0.03,88,0
21.5,12.6,0.04,90,0
22.0,10.8,0.0,78,0
23.3,11.2,0.0,73,0
22.5,14.0,0.0,86,2
24.4,10.4,0.51,77,0
18.2,11.5,0.0,96,0
18.4,6.1,0.0,96,0
25.8,10.8,0.0,69,1
23.0,13.0,0.0,83,2
20.3,7.2,0.0,91,0
20.0,8.6,0.01,97,0
23.6,14.8,0.0,81,2
21.9,11.9,0.0,76,0
22.0,10.4,0.0,83,0
21.8,11.5,0.0,80,0
23.7,9.7,0.0,72,1
22.3,13.7,0.0,75,2
21.2,9.0,0.19,94,0
22.0,9.0,0.0,79,0
22.8,15.1,0.0,74,2
22.4,11.2,0.0,77,0
23.0,11.5,0.0,82,0
21.7,10.4,0.0,78,0
23.5,9.4,0.0,73,0
19.7,6.8,0.0,93,0
22.3,10.8,0.4,85,0
21.4,6.8,0.0,92,0
22.5,7.2,0.0,76,0
22.2,15.1,0.0,87,2
25.2,4.3,0.0,83,0
23.0,4.0,0.0,78,0
22.7,12.2,0.0,86,0
22.4,12.2,0.0,77,0
21.2,9.4,0.0,70,0
21.7,7.6,0.0,76,0
21.9,13.7,0.0,81,2
25.1,3.6,0.0,79,0
24.4,5.4,0.0,97,0
20.4,6.5,0.0,98,0
23.1,10.1,0.0,96,0
26.0,4.0,0.13,100,0
23.7,3.6,0.74,97,0
25.8,10.1,1.04,93,0
23.2,5.4,0.0,97,0
26.0,4.0,0.11,100,0
25.8,5.0,0.0,89,0
26.6,21.2,0.12,89,2
25.6,5.8,0.0,88,0
24.6,6.8,1.29,98,0
23.2,7.9,0.0,96,0
20.0,7.2,0.0,94,0
25.0,4.0,0.0,24,1
28.2,22.0,0.0,41,1
25.1,9.7,0.0,24,1
24.7,6.8,0.0,22,1
27.2,11.5,0.0,17,1
27.8,16.2,0.0,35,1
24.7,7.6,0.0,22,1
25.8,15.5,0.0,44,1
27.1,6.5,0.0,21,1
29.5,10.8,0.0,10,1
23.4,14.8,0.0,39,1
25.7,10.4,0.0,34,1
23.8,7.6,0.0,41,1
25.0,6.1,0.0,44,1
24.0,7.2,0.0,40,1
24.7,12.6,0.0,45,1
22.8,10.8,0.0,44,1
23.6,10.8,0.0,40,1
25.0,6.8,0.0,28,1
23.1,10.4,0.0,53,1
22.5,9.0,0.0,42,1
25.1,11.2,0.0,23,1
24.3,10.1,0.0,45,1
25.5,6.5,0.0,75,0
26.8,35.6,0.22,82,2
26.6,6.1,0.0,76,0
26.6,24.5,0.0,84,2
22.2,4.7,0.0,83,0
25.3,12.2,0.0,73,1
22.2,9.0,0.0,82,0
22.3,5.4,0.0,79,0
21.4,4.3,0.0,56,1
22.1,3.6,0.0,60,1
22.3,6.8,0.0,54,1
23.6,8.3,0.03,93,0
22.8,8.3,0.0,40,1
22.4,6.5,0.0,63,1
22.9,8.6,0.0,39,1
23.9,4.0,0.0,41,1
23.5,5.0,0.0,44,1
20.9,3.6,0.0,58,1
24.0,3.6,0.0,65,1
21.5,4.7,0.0,65,1
21.4,3.6,0.0,62,1
24.2,5.8,0.0,30,1
23.6,6.1,0.0,44,1
23.4,3.6,0.0,58,1
25.3,11.2,3.4,96,0
21.6,3.6,0.0,61,1
23.4,4.7,0.0,53,1
22.3,7.9,0.0,72,0
23.9,7.2,0.0,36,1
24.0,7.9,0.0,35,1
23.4,15.1,0.0,95,2
23.5,5.0,0.0,29,1
23.5,13.7,0.73,98,2
23.7,11.5,0.01,93,0
24.4,14.0,0.72,97,2
23.8,7.2,0.13,96,0
23.5,9.0,0.12,97,0
23.5,4.3,0.0,41,1
22.6,11.2,0.0,84,0
24.7,7.9,0.0,37,1
23.8,11.2,0.76,98,0
23.9,10.4,1.09,92,0
23.8,12.6,0.0,96,0
23.7,9.7,0.0,42,1
23.6,16.9,0.74,98,2
20.8,6.8,0.0,55,1
24.3,14.8,0.38,97,2
22.9,6.5,0.0,91,0
20.3,6.8,0.0,51,1
21.4,7.2,0.0,71,0
23.3,6.5,0.0,38,1
24.7,7.2,0.0,30,1
26.6,27.7,0.0,85,2
28.0,15.1,0.04,89,2
27.0,31.0,0.01,84,2
23.8,12.2,2.14,94,0
23.3,7.2,0.0,94,0
23.9,10.4,1.16,98,0
24.0,4.0,0.0,43,1
23.1,9.7,0.0,45,1
24.6,13.7,0.2,97,2
21.8,4.0,0.0,74,0
24.6,5.8,0.0,75,0
23.0,8.6,0.0,46,1
24.9,6.1,0.0,25,1
24.1,6.1,0.0,44,1
24.4,7.6,0.0,34,1
25.3,4.3,0.0,39,1
21.8,12.6,0.0,63,1
24.6,8.6,0.0,30,1
22.9,14.4,0.0,74,2
23.1,9.0,0.0,73,0
22.7,11.9,0.0,74,0
21.7,6.8,0.0,84,0
22.2,12.2,0.0,77,0
23.9,13.0,0.0,69,1
21.9,6.5,0.0,82,0
22.0,9.7,0.0,80,0
22.2,10.1,0.0,78,0
22.7,9.0,0.0,77,0
24.4,13.0,0.0,79,2
23.1,10.4,0.0,77,0
24.8,11.9,0.0,72,1
24.0,11.2,0.0,83,0
23.7,7.9,0.0,70,1
22.1,3.6,1.14,96,0
26.1,22.0,1.26,91,2
24.1,5.0,1.48,97,0
19.2,3.6,0.09,99,0
26.0,19.1,3.6,94,2
26.0,19.1,3.64,94,2
24.5,5.4,0.86,97,0
26.2,6.8,0.0,72,1
21.2,10.8,0.0,92,0
19.4,7.6,0.0,77,0
21.4,12.6,0.0,54,1
20.5,10.4,0.0,72,0
19.1,9.0,0.0,66,0
19.7,5.4,0.0,88,0
19.4,6.8,0.0,76,0
20.0,11.9,0.0,73,0
18.8,4.7,0.0,62,3
20.1,6.5,0.0,62,1
21.1,8.6,0.0,54,1
21.0,6.8,0.0,83,0
22.6,6.5,0.0,74,0
9.7,7.2,0.0,60,3
19.6,5.4,0.0,86,0
22.9,5.8,0.0,62,1
21.9,5.0,0.0,57,1
21.5,11.5,0.0,70,0
21.7,7.2,0.0,75,0
20.2,13.3,0.0,54,1
22.0,12.6,0.0,47,1
22.4,7.2,0.0,45,1
21.1,7.9,0.0,54,1
21.3,13.3,0.0,53,1
23.5,5.4,0.0,37,1
24.0,3.6,0.0,43,1
24.3,3.6,0.0,43,1
23.1,7.9,0.0,60,1
19.4,7.2,0.0,64,1
21.8,10.8,0.0,75,0
18.2,7.9,0.0,64,3
23.4,6.1,0.0,41,1
20.4,7.6,0.0,54,1
21.9,4.7,0.0,93,0
22.3,11.2,0.0,65,1
20.1,13.7,0.0,72,2
25.2,3.6,0.0,24,1
17.5,3.6,0.0,70,3
20.5,12.2,0.0,67,1
21.6,8.6,0.0,42,1
22.9,9.7,0.0,42,1
20.2,5.0,0.0,76,0
18.2,7.6,0.0,62,3
19.0,6.5,0.0,69,0
23.8,11.2,0.0,83,0
12.4,8.6,0.0,76,3
13.6,13.3,0.0,54,3
20.0,9.0,0.0,68,0
13.7,9.4,0.0,56,3
15.0,8.6,0.0,62,3
23.5,5.8,0.0,72,0
21.1,6.1,0.0,41,1
11.6,4.3,0.0,41,3
7.4,4.7,0.0,44,3
21.6,6.5,0.0,40,1
-1.9,6.5,0.0,39,3
8.2,3.6,0.0,35,3
12.9,13.3,0.0,47,3
7.8,3.6,0.0,35,3
15.8,12.2,0.0,40,3
24.4,6.8,0.0,41,1
12.4,10.4,0.0,38,3
20.4,5.8,0.0,41,1
20.6,7.6,0.0,56,1
5.9,6.8,0.0,47,3
9.2,6.8,0.0,53,3
25.7,9.7,0.0,76,0
26.5,16.2,0.0,62,1
20.8,7.2,0.0,79,0
25.5,9.0,0.0,85,0
25.6,14.4,0.0,64,1
24.9,9.0,0.0,79,0
23.7,14.0,0.0,76,2
22.1,11.2,0.0,63,1
24.5,11.2,0.0,70,1
24.0,9.0,0.0,55,1
24.9,8.6,0.0,54,1
24.4,12.6,0.0,89,0
25.8,10.1,0.0,76,0
23.1,5.4,0.0,85,0
26.9,20.5,0.0,71,2
25.0,11.9,0.0,85,0
25.5,13.3,0.0,83,2
25.5,16.9,0.0,74,2
26.2,13.3,0.0,73,2
23.0,3.6,0.0,65,1
25.2,13.7,0.0,71,2
24.4,8.3,0.0,87,0
25.4,11.5,0.0,77,0
24.3,8.6,0.0,72,1
26.0,7.9,0.0,70,1
28.5,4.3,0.0,67,1
23.8,4.3,0.0,78,0
24.6,11.5,0.0,68,1
25.6,4.7,0.0,61,1
24.4,9.0,0.0,85,0
24.0,6.1,0.0,69,1
26.4,8.3,0.0,63,1
24.2,11.2,0.0,78,0
27.3,4.7,0.15,65,1
24.4,3.6,0.29,98,0
24.1,7.6,0.0,96,0
22.4,9.7,0.0,87,0
23.2,7.6,0.13,98,0
23.0,11.2,0.01,94,0
22.8,10.1,0.09,99,0
25.0,4.0,0.08,100,0
23.1,8.6,0.14,99,0
23.8,9.0,0.68,98,0
21.9,6.5,0.07,95,0
23.9,19.4,2.81,98,2
24.1,18.7,9.85,98,4
24.6,7.6,0.13,96,0
23.9,9.0,3.49,99,0
23.5,11.2,0.3,95,0
23.5,16.2,0.03,98,2
22.3,5.4,0.08,94,0
22.7,7.6,0.02,99,0
23.8,20.9,0.11,98,2
23.6,25.6,0.17,96,2
23.6,26.3,0.31,96,2
25.0,4.0,0.13,100,0
22.0,7.2,0.0,75,0
24.0,15.8,0.17,96,2
23.3,21.2,1.83,96,2
23.8,16.2,0.12,94,2
23.8,22.7,0.85,95,2
23.6,7.2,0.0,95,0
23.8,8.3,0.0,93,0
24.2,9.4,0.0,96,0
23.5,18.4,0.12,95,2
27.0,6.1,0.05,94,0
21.3,7.2,0.0,91,0
23.7,19.4,0.07,94,2
23.9,20.2,0.03,94,2
23.5,7.9,0.11,98,0
23.6,20.2,0.02,96,2
23.9,20.2,0.02,96,2
24.0,19.8,0.0,95,2
23.8,12.6,0.51,98,0
23.9,19.8,0.0,95,2
23.7,24.5,0.16,97,2
23.0,3.6,0.0,73,0
20.5,9.7,0.0,72,0
24.8,3.6,0.0,21,1
22.6,4.3,0.0,34,1
21.4,6.1,0.0,43,1
23.7,4.0,0.0,26,1
22.3,4.3,0.0,35,1
25.0,4.0,0.0,23,1
23.6,5.4,0.0,21,1
24.5,7.9,0.0,20,1
24.5,6.1,0.0,20,1
25.0,3.6,0.0,23,1
24.5,4.3,0.0,24,1
21.1,5.8,0.0,62,1
20.4,6.8,0.0,58,1
24.8,7.2,0.01,90,0
25.5,18.0,1.11,90,2
20.3,7.6,0.0,84,0
26.8,4.7,0.02,74,1
5.2,3.6,0.78,97,3
23.2,11.9,4.37,99,0
22.3,3.6,0.44,99,0
23.3,23.4,2.6,98,2
23.6,3.6,0.41,96,0
23.5,3.6,1.73,99,0
23.2,3.6,0.02,98,0
23.7,4.3,2.17,98,0
23.4,6.8,0.0,94,0
18.2,5.0,1.04,96,0
23.3,6.8,0.57,98,0
23.1,5.0,0.9,98,0
23.7,5.0,0.6,98,0
23.2,6.5,0.92,97,0
26.7,25.9,0.07,85,2
26.3,19.4,0.0,87,2
23.9,7.2,0.02,93,0
19.7,4.3,0.0,99,0
19.6,4.0,0.0,99,0
24.5,7.2,0.02,92,0
18.1,3.6,0.03,99,0
17.0,3.6,0.14,98,0
27.0,19.1,0.01,94,2
18.7,3.6,0.0,99,0
18.0,3.6,0.0,98,0
22.0,3.6,1.08,98,0
19.8,4.0,0.19,98,0
16.6,3.6,0.0,100,0
22.6,5.4,0.0,98,0
26.6,4.0,0.16,99,0
17.9,3.6,0.01,99,0
23.8,6.1,0.14,98,0
22.5,3.6,0.02,98,0
21.0,9.0,0.0,94,0
19.3,5.4,0.0,78,0
20.7,11.9,0.0,68,1
17.9,7.2,0.0,83,0
21.4,3.6,0.0,80,0
19.4,11.5,0.0,81,0
20.2,6.1,0.0,80,0
18.6,9.4,0.0,73,0
24.4,3.6,0.0,33,1
21.2,10.4,0.0,76,0
20.2,6.8,0.0,57,1
24.7,8.3,0.0,63,1
20.7,12.2,0.0,75,0
20.8,12.6,0.0,74,2
20.6,6.1,0.0,72,0
20.9,9.0,0.0,72,0
19.5,6.5,0.0,74,0
17.3,3.6,0.0,88,0
-4.5,3.6,0.0,54,3
20.0,8.3,0.0,77,0
21.0,5.4,0.0,77,0
14.4,4.7,0.0,85,3
15.5,7.9,0.0,78,3
6.8,10.4,0.0,64,3
4.7,6.5,0.0,60,3
19.1,9.7,0.0,77,0
24.1,6.5,0.02,91,0
25.3,7.2,0.0,88,0
25.4,3.6,0.13,86,0
21.9,10.1,0.0,92,0
23.4,4.3,0.0,96,0
27.0,3.6,1.5,89,0
24.9,8.6,1.53,98,0
24.5,12.6,3.29,99,0
27.0,19.1,0.7,94,2
24.1,17.3,1.39,98,2
14.0,5.8,0.7,97,3
22.4,13.3,9.02,99,4
25.2,8.6,0.0,92,0
27.0,19.1,0.41,94,2
25.0,8.6,0.0,96,0
24.8,10.8,0.0,96,0
24.4,11.2,0.01,95,0
22.6,17.3,8.75,98,4
27.0,19.1,1.37,94,2
20.4,7.6,0.0,55,1
20.2,7.9,0.0,56,1
21.9,5.4,0.0,46,1
22.6,6.1,0.0,42,1
22.7,4.7,0.0,34,1
22.7,3.6,0.0,26,1
22.3,4.3,0.0,25,1
22.0,3.6,0.0,46,1
22.1,3.6,0.0,45,1
22.7,6.1,0.0,22,1
22.5,5.8,0.0,35,1
20.8,4.7,0.0,52,1
23.0,5.4,0.0,25,1
25.0,6.5,0.0,19,1
22.5,5.4,0.0,36,1
20.3,8.6,0.0,93,0
19.7,9.0,0.0,94,0
23.9,9.7,0.0,69,1
18.0,5.4,0.0,96,0
21.0,13.3,0.09,90,0
21.3,10.8,0.04,92,0
25.8,3.6,0.0,65,1
21.0,9.0,0.02,94,0
21.6,8.3,0.0,77,0
23.4,10.1,0.0,69,1
23.1,10.4,0.05,82,0
25.5,6.8,0.13,67,1
18.4,10.4,0.0,95,0
19.5,5.8,0.0,97,0
25.8,7.9,0.0,65,1
24.0,9.0,0.02,83,0
20.6,7.9,0.06,89,0
20.8,9.4,0.03,93,0
23.5,12.2,0.16,77,0
21.3,11.9,0.0,77,0
21.7,9.7,0.0,75,0
21.4,10.8,0.0,73,0
23.4,11.9,0.0,68,1
21.8,14.0,0.0,69,2
21.0,7.9,0.07,94,0
21.7,8.3,0.0,85,0
22.4,13.3,0.0,75,2
22.1,7.9,0.0,74,0
21.5,8.3,0.0,76,0
23.6,7.2,0.0,65,1
21.0,4.3,0.0,83,0
22.2,9.4,0.03,81,0
21.8,4.3,0.0,88,0
21.5,8.6,0.0,77,0
21.9,16.6,0.0,88,2
24.3,3.6,0.0,90,0
23.0,6.8,0.0,78,0
21.1,10.1,0.0,72,0
22.1,11.9,0.0,73,0
20.4,6.5,0.0,79,0
21.1,7.6,0.0,71,0
22.2,10.1,0.0,72,0
22.7,6.8,0.0,75,0
18.0,4.7,0.0,77,0
21.1,9.0,0.0,76,0
25.1,6.1,0.0,87,0
25.7,7.2,0.0,92,0
21.4,5.8,0.0,78,0
24.3,8.3,0.0,67,1
26.2,14.4,0.0,80,2
24.6,7.9,0.0,63,1
21.6,10.4,0.0,80,0
25.4,11.5,0.0,87,0
21.4,11.2,0.0,78,0
17.2,6.5,0.0,73,3
26.4,10.8,0.0,19,1
27.6,27.0,0.0,61,2
24.9,13.7,0.0,20,1
26.1,5.8,0.0,19,1
25.8,16.6,0.0,40,1
27.4,15.1,0.0,42,1
26.4,7.6,0.0,18,1
25.7,15.1,0.0,46,1
27.7,15.1,0.0,16,1
29.2,16.6,0.0,25,1
21.1,13.3,0.0,54,1
22.8,11.2,0.0,43,1
24.9,13.3,0.0,28,1
22.8,11.5,0.0,42,1
24.0,6.1,0.0,54,1
22.9,13.0,0.0,43,1
24.5,12.2,0.0,49,1
22.1,9.7,0.0,46,1
23.4,13.3,0.0,46,1
24.4,5.8,0.0,46,1
23.6,11.5,0.0,50,1
21.5,6.8,0.0,46,1
25.9,13.3,0.0,18,1
24.1,10.4,0.0,39,1
25.2,3.6,0.0,84,0
27.1,35.6,0.01,81,2
26.7,3.6,0.01,76,0
26.5,21.2,0.0,83,2
24.2,4.3,0.0,81,0
25.3,13.0,0.0,70,1
23.7,7.6,0.0,70,1
22.8,5.4,0.0,78,0
22.0,7.9,0.0,82,0
22.6,4.3,0.0,76,0
23.3,7.6,0.0,76,0
23.5,3.6,0.09,94,0
22.9,4.7,0.0,55,1
23.5,7.2,0.0,95,0
23.4,3.6,0.0,52,1
23.8,5.8,0.0,56,1
23.5,5.0,0.0,53,1
21.3,8.3,0.0,68,1
22.0,8.3,0.0,76,0
22.8,8.6,0.0,90,0
24.0,6.1,0.0,52,1
23.7,3.6,0.0,55,1
24.0,6.8,0.0,92,0
26.0,11.5,0.68,95,0
23.5,8.6,0.0,92,0
24.1,8.3,0.0,89,0
22.3,7.2,0.0,95,0
23.9,3.6,0.0,51,1
23.9,3.6,0.0,52,1
23.7,5.0,0.0,22,1
23.7,7.9,0.0,96,0
24.2,9.4,0.0,94,0
22.9,8.6,0.0,75,0
23.9,5.4,0.03,96,0
23.3,6.1,0.0,68,1
22.6,10.4,0.0,68,1
24.2,6.5,0.0,48,1
24.3,7.2,0.04,96,0
24.1,7.9,0.0,95,0
23.5,6.8,0.0,48,1
23.2,6.8,0.0,97,0
20.4,3.6,0.0,57,1
24.0,8.3,0.0,95,0
20.9,3.6,0.0,46,1
20.4,10.8,0.0,68,0
23.6,4.0,0.0,50,1
24.8,5.0,0.0,49,1
26.3,19.1,0.0,88,2
26.9,28.4,0.01,84,2
23.9,16.2,7.23,96,4
23.5,5.8,0.0,97,0
24.2,7.2,0.03,97,0
22.8,9.4,0.0,42,1
23.9,3.6,0.0,77,0
21.6,7.2,0.0,46,1
24.2,8.6,0.01,96,0
22.2,8.3,0.0,49,1
25.2,5.0,0.0,23,1
22.6,9.7,0.0,44,1
24.0,3.6,0.0,48,1
24.6,6.5,0.0,34,1
21.3,10.1,0.0,70,0
24.5,3.6,0.0,29,1
22.8,14.0,0.0,75,2
22.7,5.8,0.0,78,0
22.2,10.4,0.0,77,0
21.0,6.5,0.0,81,0
21.6,10.8,0.0,78,0
24.5,11.9,0.0,73,1
21.1,6.8,0.0,82,0
21.5,9.7,0.0,78,0
21.6,8.3,0.0,79,0
24.0,12.2,0.0,80,0
23.3,11.5,0.0,77,0
24.1,11.5,0.0,75,0
24.0,3.6,0.0,78,0
24.6,6.1,0.0,65,1
22.9,4.0,0.64,98,0
26.1,10.1,0.72,94,0
23.5,4.3,0.34,97,0
18.1,3.6,0.0,98,0
27.0,19.1,0.63,94,2
25.4,12.6,0.0,91,0
25.7,5.0,0.0,78,0
22.7,10.8,0.01,92,0
24.7,7.9,0.0,66,1
21.6,14.4,0.0,64,2
20.7,8.3,0.0,70,0
18.7,8.6,0.0,59,3
19.5,4.7,0.0,88,0
19.6,5.4,0.0,76,0
20.0,10.8,0.0,74,0
19.2,5.4,0.0,67,0
19.7,6.8,0.0,63,1
21.4,8.3,0.0,46,1
20.7,13.7,0.0,73,2
23.9,6.8,0.0,85,0
13.6,6.5,0.0,81,3
19.8,4.3,0.0,82,0
22.3,7.9,0.0,68,1
22.7,5.8,0.0,67,1
20.2,13.0,0.0,75,2
21.5,11.5,0.0,66,1
21.5,8.3,0.0,73,0
20.4,11.9,0.0,51,1
22.0,13.3,0.0,63,1
22.2,10.4,0.0,50,1
21.5,10.4,0.0,62,1
20.2,14.0,0.0,75,2
21.6,15.8,0.0,67,2
24.1,6.1,0.0,49,1
24.3,10.1,0.0,40,1
24.7,7.2,0.0,35,1
22.2,10.1,0.0,68,1
19.6,6.8,0.0,60,1
21.5,11.2,0.0,74,0
19.5,6.8,0.0,71,0
24.2,7.9,0.0,39,1
20.4,5.0,0.0,51,1
20.8,13.0,0.0,71,2
22.5,10.1,0.0,69,1
20.3,10.1,0.0,73,0
25.9,10.4,0.0,30,1
18.8,3.6,0.0,78,0
21.1,16.2,0.0,72,2
22.2,13.0,0.0,53,1
23.5,11.9,0.0,48,1
20.4,5.4,0.0,76,0
20.1,6.1,0.0,74,0
20.8,5.4,0.0,86,0
20.7,8.6,0.0,70,0
24.5,10.1,0.0,87,0
24.9,5.8,0.0,89,0
14.2,11.5,0.0,52,3
21.9,7.2,0.0,77,0
14.4,8.6,0.0,51,3
15.4,8.3,0.0,63,3
25.5,7.6,0.0,41,1
21.7,6.1,0.0,43,1
12.3,4.0,0.0,32,3
8.8,5.4,0.0,43,3
-0.4,3.6,0.0,39,3
9.3,3.6,0.0,32,3
13.9,12.6,0.0,40,3
8.8,3.6,0.0,32,3
16.4,11.9,0.0,28,3
25.5,8.3,0.0,35,1
13.3,9.0,0.0,30,3
21.1,6.1,0.0,43,1
21.1,7.9,0.0,52,1
7.4,4.0,0.0,36,3
9.9,6.5,0.0,44,3
26.0,11.5,0.0,81,0
27.1,13.3,0.0,67,1
20.6,6.1,0.0,77,0
25.9,11.9,0.0,86,0
26.3,11.9,0.0,69,1
25.2,11.2,0.0,82,0
24.2,11.5,0.0,80,0
24.9,11.9,0.0,74,1
24.1,6.8,0.0,64,1
25.1,4.0,0.0,64,1
23.3,6.5,0.0,90,0
26.7,21.6,0.0,75,2
25.0,9.7,0.0,86,0
25.6,11.5,0.0,83,0
25.6,17.6,0.0,77,2
26.2,16.2,0.0,78,2
25.0,6.1,0.0,57,1
25.4,14.4,0.0,74,2
24.3,9.0,0.0,75,0
25.8,8.3,0.0,64,1
24.2,4.0,0.0,71,0
24.2,10.4,0.0,69,1
23.7,6.1,0.0,57,1
23.2,9.0,0.0,80,0
23.8,6.1,0.0,68,1
26.8,9.4,0.0,55,1
23.4,10.4,0.0,77,0
26.6,3.6,0.0,63,1
24.4,11.2,0.0,92,0
24.6,5.8,0.0,95,0
23.1,4.7,0.01,96,0
23.0,7.9,0.05,97,0
22.7,5.8,0.02,98,0
23.5,8.6,0.01,96,0
21.8,7.2,0.01,95,0
23.9,11.5,0.09,97,0
23.9,9.4,0.03,98,0
24.6,8.6,0.0,92,0
23.3,6.1,0.03,96,0
23.7,10.8,0.04,97,0
22.8,5.0,0.04,92,0
22.9,7.6,0.03,95,0
27.0,3.6,0.0,100,0
23.9,10.4,0.1,96,0
23.7,14.4,0.0,95,2
23.8,17.3,0.01,94,2
23.7,14.0,0.0,91,2
8.4,5.0,0.0,43,3
24.2,5.0,0.01,93,0
24.2,5.0,0.0,94,0
24.2,8.3,0.0,91,0
23.8,6.5,0.0,97,0
23.5,5.8,0.29,94,0
22.7,5.0,0.0,75,0
23.6,6.8,0.17,94,0
23.6,6.8,0.0,95,0
23.2,4.7,0.01,98,0
23.8,7.9,0.01,94,0
24.0,8.3,0.01,94,0
23.9,8.3,0.0,95,0
23.7,5.8,0.05,96,0
24.0,14.4,0.19,94,2
20.6,6.8,0.0,66,1
25.4,3.6,0.0,23,1
23.3,4.3,0.0,34,1
22.2,3.6,0.0,40,1
24.1,7.2,0.0,38,1
23.1,3.6,0.0,44,1
25.8,4.3,0.0,22,1
24.3,7.9,0.0,23,1
25.6,6.1,0.0,20,1
25.3,5.8,0.0,22,1
25.8,4.7,0.0,22,1
24.6,5.8,0.0,33,1
21.1,8.3,0.0,65,1
20.1,7.9,0.0,52,1
25.8,9.4,0.05,88,0
27.0,28.1,1.06,82,2
22.2,6.8,0.0,88,0
26.1,3.6,0.21,77,0
4.9,3.6,0.12,95,3
23.2,17.6,0.92,97,2
22.1,11.5,3.6,99,0
23.3,25.2,0.13,96,2
23.3,6.5,2.13,98,0
22.2,6.1,0.64,99,0
23.5,3.6,0.58,97,0
22.5,7.6,0.94,99,0
23.8,3.6,0.0,76,0
18.4,3.6,0.0,94,0
22.9,6.8,3.11,99,0
23.0,13.0,1.02,98,0
23.5,5.4,0.43,99,0
23.1,4.7,0.72,99,0
26.6,22.7,0.0,89,2
26.9,15.5,0.06,83,2
20.2,3.6,0.04,99,0
22.2,4.0,0.21,99,0
25.3,7.9,0.03,90,0
18.9,3.6,0.29,100,0
17.6,3.6,0.13,98,0
19.3,3.6,0.02,98,0
18.9,3.6,0.37,98,0
22.5,3.6,0.03,99,0
20.4,3.6,0.2,100,0
17.9,3.6,0.09,99,0
22.9,5.8,0.49,99,0
27.6,3.6,0.78,100,0
18.3,3.6,0.01,99,0
23.6,6.1,3.69,100,0
22.7,3.6,0.51,97,0
23.0,6.8,0.53,83,0
18.4,3.6,0.0,80,0
22.0,5.8,0.0,75,0
18.8,5.4,0.0,88,0
21.1,3.6,0.0,83,0
20.1,8.6,0.0,81,0
20.9,4.3,0.0,93,0
24.3,5.8,0.0,89,0
18.3,9.4,0.0,87,0
25.0,11.9,0.0,44,1
21.6,7.6,0.0,70,0
20.0,7.6,0.0,51,1
23.6,13.7,0.0,61,1
21.4,7.9,0.0,71,0
21.9,8.6,0.0,78,0
21.7,6.8,0.0,82,0
22.1,6.8,0.0,80,0
19.5,6.5,0.0,78,0
17.8,4.7,0.0,88,0
19.7,6.5,0.0,89,0
-3.2,4.7,0.0,37,3
20.1,6.5,0.0,81,0
20.1,5.4,0.0,83,0
14.9,5.4,0.0,89,3
15.3,8.6,0.0,81,3
7.3,6.8,0.0,75,3
5.4,6.5,0.0,59,3
20.4,7.6,0.0,95,0
23.3,6.1,0.0,90,0
26.1,10.8,0.02,82,0
25.4,10.4,0.27,88,0
21.4,10.8,0.0,91,0
23.0,6.1,0.01,94,0
23.4,4.7,0.0,94,0
28.0,3.6,0.01,84,0
26.8,10.8,0.0,70,1
24.8,7.2,0.47,98,0
24.9,6.8,0.01,97,0
24.0,11.2,0.01,98,0
14.6,3.6,0.36,97,3
23.1,15.5,0.0,95,2
25.2,9.0,0.0,96,0
24.5,7.6,0.0,98,0
24.2,7.2,0.02,95,0
23.0,20.2,0.07,96,2
20.9,8.6,0.0,50,1
21.0,8.6,0.0,51,1
22.4,6.1,0.0,42,1
22.0,3.6,0.0,94,0
23.1,4.0,0.0,34,1
23.5,5.4,0.0,32,1
23.3,7.2,0.0,29,1
23.1,8.3,0.0,29,1
22.3,3.6,0.0,39,1
22.5,4.3,0.0,42,1
23.0,10.1,0.0,27,1
22.9,4.3,0.0,32,1
20.9,5.4,0.0,47,1
23.4,7.2,0.0,27,1
25.0,11.5,0.0,20,1
23.2,4.7,0.0,32,1
20.3,8.3,0.0,89,0
19.3,9.7,0.0,91,0
23.7,10.8,0.0,58,1
19.5,6.1,0.01,92,0
22.7,17.3,0.02,79,2
22.2,12.6,0.54,91,0
24.5,5.8,0.0,59,1
23.0,6.8,0.05,83,0
23.1,9.0,0.06,79,0
20.9,9.7,0.0,70,0
22.6,11.9,0.0,64,1
24.0,11.2,0.0,75,0
23.6,10.8,0.0,72,1
18.7,10.4,0.0,91,0
20.0,6.5,0.0,94,0
25.1,7.2,0.0,62,1
24.0,11.2,0.07,83,0
22.5,6.5,0.25,79,0
20.7,6.5,0.01,92,0
23.6,9.0,0.0,74,0
21.0,13.0,0.0,77,2
21.3,10.8,0.0,85,0
21.0,9.4,0.0,71,0
23.4,9.0,0.0,65,1
22.1,11.5,0.0,66,1
20.6,6.8,0.0,92,0
20.9,8.6,0.0,87,0
22.0,12.6,0.0,78,2
22.1,9.4,0.0,74,0
21.7,11.5,0.0,83,0
21.2,9.0,0.0,76,0
23.2,7.6,0.0,69,1
19.4,5.0,0.0,84,0
21.6,8.6,0.0,84,0
20.3,6.1,0.0,87,0
21.2,9.0,0.0,79,0
21.9,14.4,0.0,81,2
24.4,9.4,0.0,90,0
22.3,11.2,0.0,81,0
21.8,11.2,0.0,77,0
19.9,7.9,0.0,72,0
21.0,9.0,0.0,71,0
21.7,11.9,0.0,77,0
25.1,3.6,0.0,84,0
21.5,6.1,0.0,74,0
17.9,3.6,0.0,80,0
21.6,6.8,0.0,78,0
24.7,6.5,0.0,89,0
22.7,5.8,0.0,74,0
23.7,7.2,0.0,74,0
26.0,14.8,0.0,76,2
23.4,6.1,0.0,68,1
24.1,8.3,0.0,77,0
25.0,10.4,0.0,77,0
23.6,8.6,0.0,78,0
16.7,6.5,0.0,70,3
20.2,6.5,0.0,78,0
25.9,18.0,0.0,35,1
27.2,28.8,0.0,66,2
24.1,10.4,0.0,41,1
27.1,4.7,0.0,21,1
26.4,23.0,0.0,42,2
26.1,16.6,0.0,61,2
27.8,9.4,0.0,23,1
25.5,16.6,0.0,47,1
27.3,16.2,0.0,33,1
29.5,24.1,0.0,34,1
21.4,15.8,0.0,66,2
23.3,13.7,0.0,49,1
24.9,10.4,0.0,47,1
23.7,12.6,0.0,51,1
26.0,3.6,0.0,54,1
23.6,11.2,0.0,52,1
24.2,14.0,0.0,46,1
21.9,9.7,0.0,55,1
24.1,19.8,0.0,47,2
25.4,6.8,0.0,32,1
22.1,10.8,0.0,55,1
22.1,11.2,0.0,58,1
24.7,14.4,0.0,38,1
23.6,10.1,0.0,52,1
27.3,4.7,0.0,79,0
25.8,3.6,0.0,81,0
27.8,23.0,0.0,79,2
27.0,9.7,0.0,72,1
26.3,15.1,0.0,89,2
23.5,4.0,0.0,72,0
26.1,7.2,0.0,77,0
23.8,6.1,0.0,82,0
24.6,16.2,0.0,61,2
23.1,7.9,0.0,68,1
22.2,6.1,0.0,69,0
21.9,5.8,0.0,64,1
22.8,4.7,0.0,59,1
23.6,3.6,0.0,58,1
24.4,3.6,0.0,82,0
23.6,5.4,0.0,52,1
23.9,5.4,0.0,75,0
23.9,3.6,0.0,53,1
24.3,4.3,0.0,50,1
23.8,6.1,0.0,50,1
21.8,6.5,0.0,66,1
21.9,4.3,0.0,68,0
22.6,4.0,0.0,68,1
24.9,5.8,0.0,32,1
24.5,3.6,0.0,48,1
24.4,4.0,0.0,51,1
23.3,4.3,0.0,63,1
24.8,3.6,0.0,47,1
22.0,3.6,0.0,76,0
24.8,4.0,0.0,34,1
24.8,3.6,0.0,33,1
25.1,5.0,0.03,89,0
25.0,10.8,0.12,89,0
24.2,7.6,0.0,26,1
24.0,8.6,0.02,96,0
25.5,4.7,0.1,86,0
23.8,6.1,0.0,96,0
23.1,6.8,0.0,72,0
24.1,3.6,0.12,94,0
24.5,6.5,0.0,40,1
22.1,9.7,0.0,77,0
25.3,7.9,0.0,35,1
24.2,5.4,0.05,96,0
25.2,4.3,0.0,85,0
24.4,7.6,0.72,94,0
23.7,9.0,0.0,43,1
24.2,5.8,0.01,94,0
21.4,3.6,0.0,47,1
24.0,8.3,0.0,96,0
24.7,4.7,0.0,86,0
21.6,3.6,0.0,63,1
20.8,6.5,0.0,72,0
24.0,6.5,0.0,35,1
25.6,4.3,0.0,30,1
26.9,16.9,0.0,83,2
26.8,23.4,0.0,88,2
27.0,6.8,0.34,89,0
24.3,14.8,0.0,89,2
24.8,4.3,0.01,91,0
24.1,5.0,0.31,96,0
22.9,11.9,0.0,50,1
24.0,9.0,0.0,52,1
22.3,10.1,0.0,53,1
24.0,8.3,0.14,98,0
22.7,4.7,0.0,76,0
23.8,7.2,0.0,70,1
22.7,6.1,0.0,60,1
25.5,4.3,0.0,27,1
23.4,5.8,0.0,53,1
24.2,8.3,0.0,40,1
25.2,8.6,0.0,51,1
21.5,11.9,0.0,65,1
24.4,14.0,0.0,43,1
21.8,13.3,0.0,68,2
22.2,6.8,0.0,78,0
21.9,10.8,0.0,76,0
20.7,6.5,0.0,79,0
21.2,11.2,0.0,75,0
22.9,13.0,0.0,66,1
20.6,7.6,0.0,82,0
21.1,10.4,0.0,78,0
21.0,8.6,0.0,80,0
22.1,7.6,0.0,79,0
22.8,11.5,0.0,76,0
22.7,10.4,0.0,73,0
22.5,12.2,0.0,71,1
21.0,11.2,0.0,78,0
23.0,5.4,0.0,58,1
20.9,3.6,0.11,99,0
26.0,12.2,0.0,91,0
22.9,7.6,1.4,99,0
20.9,15.1,0.0,72,2
19.1,3.6,0.49,98,0
25.1,10.4,0.0,95,0
25.9,4.7,0.01,73,1
21.5,13.3,0.0,90,2
25.1,7.6,0.0,66,1
22.5,17.6,0.0,63,2
21.6,11.5,0.0,71,0
20.2,12.2,0.0,75,0
20.7,3.6,0.0,82,0
20.5,7.2,0.0,75,0
20.9,11.9,0.0,73,0
19.8,6.8,0.0,87,0
21.8,5.4,0.0,71,0
23.6,11.2,0.0,61,1
20.4,11.9,0.0,79,0
22.3,9.4,0.0,55,1
14.6,5.8,0.0,64,3
20.3,4.7,0.0,89,0
22.7,4.0,0.0,78,0
22.3,8.3,0.0,55,1
20.2,11.2,0.0,79,0
21.2,9.0,0.0,77,0
22.5,9.7,0.0,74,0
21.4,11.9,0.0,67,1
21.2,11.5,0.0,69,1
23.6,10.4,0.0,56,1
21.9,13.7,0.0,66,2
20.4,11.9,0.0,80,0
21.1,12.6,0.0,73,2
24.2,8.6,0.0,52,1
26.1,13.3,0.0,46,1
26.1,5.0,0.0,43,1
22.5,7.9,0.0,72,0
20.0,4.0,0.0,78,0
22.4,10.8,0.0,79,0
19.5,6.1,0.0,69,0
25.7,14.8,0.0,45,1
21.9,6.8,0.0,62,1
20.8,10.1,0.0,79,0
20.3,8.3,0.0,63,1
22.7,6.5,0.0,73,0
21.3,12.6,0.0,71,2
26.4,14.8,0.0,40,1
19.0,3.6,0.0,89,0
21.0,13.3,0.0,75,2
23.2,15.5,0.0,53,1
25.1,13.0,0.0,51,1
21.7,3.6,0.0,78,0
18.8,5.0,0.0,63,3
19.1,5.4,0.0,72,0
24.1,10.8,0.0,87,0
12.6,9.4,0.0,62,3
23.9,8.6,0.0,52,1
15.0,14.0,0.0,41,3
21.6,8.6,0.0,64,1
14.8,10.4,0.0,43,3
16.4,9.0,0.0,60,3
26.1,6.5,0.0,37,1
22.7,6.8,0.0,43,1
14.8,3.6,0.0,38,3
9.1,5.8,0.0,44,3
1.0,8.6,0.01,38,3
10.9,3.6,0.0,39,3
14.1,11.5,0.0,42,3
10.5,3.6,0.0,41,3
17.3,10.1,0.0,43,3
26.8,9.4,0.0,48,1
13.5,7.9,0.0,37,3
22.2,6.1,0.0,43,1
21.9,6.5,0.0,52,1
8.2,10.4,0.01,43,3
11.4,5.4,0.0,45,3
23.8,6.1,0.0,88,0
25.8,11.2,0.0,78,0
26.4,17.6,0.0,71,2
23.1,3.6,0.0,88,0
26.0,9.4,0.0,83,0
26.3,14.0,0.0,72,2
25.2,10.1,0.0,81,0
24.0,9.4,0.0,84,0
24.6,11.2,0.0,79,0
24.3,8.3,0.0,71,1
25.1,4.3,0.0,72,1
24.7,9.7,0.0,86,0
23.4,5.0,0.0,89,0
26.7,18.0,0.0,75,2
24.7,6.5,0.0,84,0
25.1,7.2,0.0,82,0
25.9,17.3,0.0,77,2
26.2,14.4,0.0,76,2
26.0,14.4,0.0,74,2
24.4,4.3,0.0,86,0
24.7,11.2,0.0,79,0
24.7,6.1,0.0,79,0
26.0,6.5,0.0,70,1
28.0,6.5,0.0,65,1
25.1,4.3,0.07,74,0
24.7,7.6,0.0,71,1
23.7,10.4,0.0,59,1
23.4,8.3,0.0,86,0
24.2,4.7,0.0,71,1
27.1,11.2,0.0,49,1
24.2,9.0,0.0,79,0
27.6,5.8,0.0,57,1
24.1,5.0,0.0,88,0
23.2,5.0,1.29,92,0
23.0,4.7,0.88,95,0
21.4,6.8,0.02,91,0
24.0,9.4,0.0,91,0
24.3,9.4,0.0,92,0
24.6,7.6,0.0,88,0
23.0,8.6,0.0,97,0
23.1,6.8,0.0,94,0
23.1,9.7,0.0,97,0
21.9,6.5,0.08,91,0
21.8,7.9,0.0,69,0
28.0,3.6,1.32,89,0
24.5,7.9,0.0,92,0
23.6,10.8,0.0,95,0
23.6,11.5,0.02,94,0
26.0,3.6,0.97,94,0
21.5,7.9,0.0,78,0
24.5,8.3,0.04,92,0
23.8,12.6,0.0,92,0
23.8,10.1,0.0,95,0
25.5,3.6,0.95,84,0
26.0,3.6,0.19,81,0
24.4,11.9,0.01,92,0
24.2,9.7,0.0,94,0
28.0,3.6,0.94,89,0
22.5,4.0,0.0,90,0
25.0,8.6,0.0,90,0
25.1,3.6,0.01,84,0
24.0,5.8,0.0,93,0
23.2,4.0,0.0,93,0
24.4,7.9,0.0,91,0
24.1,9.7,0.01,90,0
21.5,5.0,0.0,64,1
27.8,8.6,0.0,35,1
24.3,6.8,0.0,44,1
23.1,5.8,0.0,52,1
25.5,7.2,0.0,32,1
23.9,6.8,0.0,49,1
27.3,5.0,0.0,36,1
26.6,7.2,0.0,28,1
26.8,5.4,0.0,35,1
27.7,4.3,0.0,31,1
27.2,5.4,0.0,36,1
26.9,5.4,0.0,34,1
22.2,6.1,0.0,52,1
20.8,8.3,0.0,48,1
25.6,11.5,0.05,89,0
27.4,20.9,0.31,81,2
22.0,9.7,0.0,86,0
26.8,3.6,0.0,75,0
3.9,4.3,0.0,92,3
23.3,13.3,0.74,95,2
21.8,10.4,8.2,97,4
23.7,18.4,0.12,94,2
23.4,5.4,0.14,96,0
22.0,3.6,0.0,98,0
23.0,4.7,0.01,97,0
23.9,5.8,0.0,66,1
18.7,3.6,0.15,97,0
22.8,3.6,0.0,98,0
22.8,6.5,0.8,98,0
22.8,13.7,0.03,97,2
22.6,3.6,2.32,99,0
22.4,6.1,2.47,99,0
26.5,18.0,0.01,87,2
26.8,17.3,0.03,84,2
23.4,7.2,0.01,93,0
25.3,9.4,0.04,91,0
18.1,3.6,0.22,99,0
15.7,3.6,0.01,97,3
19.7,3.6,0.01,94,0
18.3,3.6,0.01,94,0
22.0,3.6,0.03,98,0
19.1,3.6,0.5,99,0
16.4,3.6,0.8,100,0
22.2,4.3,0.78,99,0
26.3,3.6,0.22,100,0
16.6,3.6,2.35,100,0
23.8,5.4,0.52,99,0
23.7,4.7,0.62,99,0
22.2,4.7,0.01,97,0
22.0,6.8,0.01,83,0
20.1,7.6,0.0,78,0
21.5,8.3,0.0,65,1
19.0,4.0,0.0,79,0
23.4,3.6,0.0,87,0
20.1,6.5,0.0,73,0
20.7,3.6,0.0,67,0
24.7,3.6,0.0,66,1
19.9,7.6,0.0,73,0
25.7,14.4,0.0,47,1
21.3,7.6,0.0,72,0
20.5,8.3,0.0,47,1
24.5,10.1,0.0,58,1
21.0,7.9,0.0,72,0
22.2,10.1,0.0,66,1
23.3,7.9,0.0,71,1
24.8,5.8,0.0,73,0
20.0,5.8,0.0,76,0
18.4,4.0,0.0,87,0
20.0,6.1,0.0,85,0
1.0,3.6,0.0,57,3
20.6,4.7,0.0,79,0
20.4,4.7,0.0,82,0
15.9,4.7,0.0,93,3
15.7,7.9,0.0,80,3
7.5,6.1,0.05,88,3
6.5,3.6,0.04,75,3
19.3,7.2,0.0,65,0
23.9,5.4,0.02,92,0
21.9,3.6,0.0,93,0
26.3,10.4,0.0,78,0
21.7,9.4,0.0,90,0
23.3,4.0,0.0,90,0
27.4,12.6,0.0,64,1
28.0,6.1,0.0,74,1
24.6,8.3,0.0,94,0
24.6,9.4,0.0,95,0
23.6,11.2,0.0,96,0
18.0,3.6,0.12,97,0
23.1,12.2,0.08,91,0
25.3,5.8,0.0,91,0
24.7,7.6,0.0,90,0
24.0,5.0,0.0,93,0
23.3,17.6,0.0,90,2
21.7,6.5,0.0,52,1
23.3,4.0,0.0,42,1
23.0,6.8,0.0,89,0
24.0,5.8,0.0,40,1
24.4,8.3,0.0,39,1
24.9,9.7,0.0,31,1
24.4,11.5,0.0,33,1
23.5,5.8,0.0,44,1
24.1,5.0,0.0,43,1
25.0,10.4,0.0,30,1
24.2,10.1,0.0,38,1
22.1,6.8,0.0,46,1
24.7,11.2,0.0,35,1
24.3,9.0,0.0,38,1
21.2,9.7,0.0,87,0
20.0,10.4,0.0,92,0
24.0,10.4,0.0,63,1
20.0,3.6,0.06,93,0
24.0,17.3,0.15,74,2
22.6,12.2,0.26,88,0
24.7,11.5,0.0,58,1
22.0,6.8,0.07,83,0
23.6,7.9,0.06,78,0
21.5,7.2,0.0,74,0
23.0,9.7,0.0,64,1
24.7,9.0,0.1,75,0
26.0,4.0,0.04,94,0
24.3,3.6,0.0,61,1
20.9,11.5,0.58,89,0
20.8,7.6,0.03,96,0
26.5,7.6,0.0,47,1
23.0,4.3,0.03,75,0
20.9,5.0,0.07,89,0
24.8,5.4,0.01,58,1
21.8,10.4,0.0,82,0
21.3,8.6,0.0,74,0
24.2,10.1,0.0,57,1
22.0,14.0,0.0,67,2
20.7,6.8,0.0,93,0
22.1,8.3,0.0,86,0
23.1,11.2,0.0,72,1
22.0,6.5,0.0,73,0
22.8,8.3,0.0,75,0
23.8,8.6,0.0,72,1
20.3,4.7,0.0,86,0
22.2,8.3,0.0,84,0
21.4,5.0,0.01,91,0
22.2,6.5,0.0,73,0
23.0,10.1,0.0,79,0
24.8,8.6,0.01,90,0
24.0,4.0,0.0,83,0
21.2,7.9,0.0,75,0
22.8,10.1,0.0,72,0
21.6,5.4,0.0,80,0
21.7,4.7,0.0,70,0
21.8,12.2,0.0,72,0
25.6,5.0,0.0,83,0
23.7,4.0,0.0,90,0
23.2,7.9,0.0,75,0
24.7,4.0,0.0,89,0
25.4,5.8,0.0,89,0
25.2,3.6,0.0,73,0
26.8,13.3,0.0,78,2
24.7,3.6,0.0,75,0
25.0,5.8,0.0,79,0
24.8,6.1,0.0,78,0
18.8,4.0,0.0,89,0
26.6,23.0,0.0,41,2
27.1,29.9,0.0,68,2
24.8,16.6,0.0,47,1
28.8,9.7,0.0,32,1
25.9,19.8,0.0,50,2
26.4,22.0,0.0,66,2
28.5,5.8,0.0,32,1
25.6,15.5,0.0,53,1
27.6,23.0,0.0,42,2
28.9,27.0,0.0,44,2
22.3,11.2,0.0,60,1
25.0,14.8,0.0,52,1
23.4,13.7,0.0,56,1
27.0,15.1,0.0,54,1
23.8,14.0,0.0,54,1
24.0,14.0,0.0,60,1
20.9,7.9,0.0,67,1
23.3,13.7,0.0,54,1
28.1,9.0,0.0,39,1
22.6,9.4,0.0,67,1
21.5,9.0,0.0,67,1
25.3,19.8,0.0,45,1
23.9,10.1,0.0,63,1
27.0,4.0,0.22,84,0
25.9,5.8,0.0,78,0
27.5,23.0,0.0,83,2
27.3,11.2,0.0,67,1
26.3,12.6,0.0,86,2
23.8,4.7,0.0,72,0
27.0,4.0,0.0,84,0
25.4,10.1,0.0,57,1
23.4,3.6,0.0,79,0
23.0,4.7,0.0,66,1
22.6,3.6,0.0,62,1
23.6,4.7,0.0,55,1
24.5,4.0,0.0,53,1
24.7,3.6,0.0,68,1
24.3,6.5,0.0,46,1
24.3,4.3,0.0,61,1
24.6,7.2,0.0,46,1
25.6,6.1,0.0,39,1
24.9,5.4,0.0,44,1
22.5,5.0,0.0,62,1
22.5,3.6,0.0,67,1
23.3,3.6,0.0,61,1
27.2,3.6,0.0,38,1
25.3,6.8,0.0,45,1
25.1,5.0,0.0,53,1
24.0,3.6,0.0,60,1
25.3,6.1,0.0,53,1
22.3,3.6,0.0,75,0
26.0,5.8,0.0,35,1
26.2,5.8,0.0,35,1
24.2,4.7,0.0,55,1
25.6,3.6,0.0,68,1
26.4,6.8,0.0,27,1
27.1,6.1,0.03,78,0
24.5,3.6,0.0,56,1
25.9,3.6,0.0,83,0
24.1,4.7,0.0,86,0
23.2,7.2,0.0,55,1
25.9,5.0,0.0,35,1
22.7,10.4,0.0,78,0
27.0,6.1,0.0,40,1
24.5,9.4,0.0,62,1
24.7,3.6,0.0,58,1
25.2,6.8,0.0,56,1
25.3,10.8,0.0,54,1
25.7,3.6,0.0,82,0
22.4,5.0,0.0,60,1
26.2,5.0,0.0,82,0
24.1,8.6,0.0,54,1
22.4,5.8,0.0,63,1
21.9,5.0,0.0,71,0
25.7,5.0,0.0,35,1
27.5,3.6,0.0,37,1
26.9,15.8,0.0,83,2
28.0,6.1,0.14,84,0
28.0,9.0,0.02,89,0
26.5,18.0,0.04,87,2
28.0,9.0,0.06,89,0
24.2,12.2,0.02,87,0
24.1,7.2,0.0,52,1
24.7,8.6,0.0,69,1
24.9,13.0,0.0,51,1
24.9,8.6,0.0,48,1
24.0,10.8,0.0,57,1
25.7,4.7,0.0,84,0
22.4,3.6,0.0,80,0
24.4,5.8,0.0,63,1
23.2,12.6,0.0,63,1
27.4,14.0,0.0,36,1
24.0,7.9,0.0,55,1
26.7,11.5,0.0,44,1
25.8,13.0,0.0,52,1
25.4,14.8,0.0,47,1
22.5,12.6,0.0,75,2
23.2,6.5,0.0,76,0
22.4,10.4,0.0,78,0
21.0,5.8,0.0,79,0
21.7,11.5,0.0,78,0
23.6,11.2,0.0,75,0
21.6,6.5,0.0,80,0
21.7,9.0,0.0,75,0
21.6,8.6,0.0,80,0
23.2,10.8,0.0,81,0
22.6,8.3,0.0,80,0
22.6,10.8,0.0,79,0
23.3,11.9,0.0,64,1
20.1,3.6,0.08,98,0
26.0,8.6,0.06,91,0
22.5,4.0,1.3,98,0
18.7,3.6,0.01,94,0
21.8,9.7,4.47,98,0
27.0,3.6,0.15,71,1
22.2,11.9,0.0,88,0
22.0,15.5,0.0,68,2
22.1,10.1,0.0,72,0
21.1,11.2,0.0,72,0
20.4,3.6,0.0,82,0
21.4,5.8,0.0,76,0
21.3,10.8,0.0,77,0
21.2,4.7,0.0,84,0
24.1,13.0,0.0,54,1
21.2,10.8,0.0,80,0
23.1,7.6,0.0,69,1
16.1,4.0,0.0,81,3
21.5,4.0,0.0,87,0
23.2,4.0,0.0,75,0
23.9,8.3,0.0,61,1
20.8,9.4,0.0,82,0
22.0,8.6,0.0,78,0
22.9,7.6,0.0,72,0
21.8,13.7,0.0,63,1
21.6,11.2,0.0,76,0
23.2,14.0,0.0,54,1
21.8,12.2,0.0,71,0
21.8,12.2,0.0,77,0
24.3,9.4,0.0,53,1
25.7,14.8,0.0,49,1
26.5,13.7,0.0,47,1
23.4,6.1,0.0,74,0
21.5,9.0,0.0,72,0
22.5,9.4,0.0,75,0
20.7,9.0,0.0,79,0
26.2,16.6,0.0,44,1
22.7,8.6,0.0,64,1
21.5,9.4,0.0,80,0
23.3,7.2,0.0,74,0
21.6,11.2,0.0,74,0
26.3,14.0,0.0,45,1
19.9,3.6,0.0,87,0
21.4,12.2,0.0,78,0
22.7,15.5,0.0,53,1
25.1,14.0,0.0,45,1
21.9,3.6,0.0,71,0
20.8,6.5,0.0,73,0
21.0,6.5,0.0,79,0
23.6,11.5,0.0,85,0
16.5,9.4,0.0,50,3
24.6,9.4,0.0,65,1
14.7,16.2,0.0,43,3
21.7,3.6,0.0,76,0
14.9,11.9,0.0,44,3
16.3,10.4,0.0,44,3
27.2,9.0,0.0,48,1
23.2,7.9,0.0,40,1
13.5,3.6,0.0,43,3
8.3,6.1,0.0,57,3
-0.4,5.0,0.01,44,3
11.0,3.6,0.0,48,3
14.6,12.6,0.0,44,3
9.8,3.6,0.0,49,3
17.4,11.2,0.0,42,3
27.3,11.9,0.0,43,1
13.2,8.6,0.0,43,3
23.0,7.6,0.0,41,1
22.2,9.7,0.0,50,1
6.8,7.9,0.02,54,3
10.8,6.8,0.0,52,3
23.8,5.4,0.0,83,0
25.6,10.8,0.0,79,0
26.9,15.5,0.0,68,2
22.3,3.6,0.0,82,0
26.5,8.6,0.0,72,1
26.5,14.0,0.0,68,1
25.4,9.7,0.0,76,0
24.2,12.2,0.0,77,2
25.0,10.4,0.0,74,1
24.9,7.9,0.0,67,1
25.4,5.8,0.0,71,1
24.6,7.9,0.0,81,0
23.3,4.0,0.0,86,0
26.6,16.2,0.0,73,2
24.8,6.1,0.0,80,0
25.1,7.2,0.0,78,0
26.0,16.9,0.0,74,2
26.0,12.2,0.0,75,1
26.0,12.6,0.0,73,1
25.3,10.1,0.0,76,0
26.2,3.6,0.0,76,0
27.0,4.0,0.0,77,0
27.6,8.3,0.0,70,1
24.6,3.6,0.16,84,0
25.3,7.6,0.0,81,0
23.1,7.9,0.0,67,1
23.3,7.2,0.0,79,0
25.2,4.3,0.0,81,0
25.7,8.3,0.0,51,1
24.1,8.3,0.0,75,0
25.5,4.7,0.0,72,1
24.8,3.6,0.55,88,0
25.1,4.3,0.41,89,0
22.6,5.4,0.0,67,1
20.8,6.1,0.0,72,0
22.3,5.8,0.0,94,0
21.9,6.8,0.0,90,0
23.3,5.8,0.0,93,0
24.5,7.2,0.1,88,0
20.2,7.2,0.0,78,0
24.9,3.6,0.55,88,0
24.4,3.6,0.0,87,0
23.7,7.9,0.01,89,0
24.6,3.6,0.15,88,0
20.7,6.8,0.0,78,0
21.8,7.6,0.0,71,0
24.1,4.3,0.0,94,0
24.5,7.2,0.0,88,0
21.9,5.8,0.0,71,0
25.3,6.8,0.0,87,0
24.3,5.8,0.01,92,0
27.0,7.6,0.33,79,0
25.6,5.0,0.02,88,0
26.1,9.7,0.0,72,1
24.9,9.4,0.0,77,0
25.4,6.5,0.92,86,0
23.5,6.5,0.0,72,0
25.7,6.8,0.03,82,0
29.0,3.6,0.05,94,0
22.2,6.5,0.0,87,0
26.6,6.8,0.03,79,0
26.8,6.8,0.04,80,0
22.9,5.8,0.0,66,1
25.6,4.7,0.02,88,0
25.8,4.3,0.02,88,0
26.1,5.0,0.0,83,0
24.2,4.7,0.12,88,0
24.3,5.0,0.0,93,0
28.0,6.1,0.0,70,1
23.4,7.2,0.0,60,1
29.1,18.0,0.0,36,1
26.6,3.6,0.0,46,1
25.1,4.3,0.0,51,1
27.3,5.4,0.0,42,1
26.3,3.6,0.0,48,1
28.7,18.4,0.0,36,1
28.4,13.0,0.0,38,1
28.6,11.9,0.0,39,1
29.1,15.5,0.0,36,1
28.6,18.4,0.0,36,1
28.3,11.5,0.0,37,1
24.4,6.5,0.0,52,1
25.1,9.7,0.01,92,0
26.3,25.2,0.34,85,2
20.6,5.8,0.0,64,1
25.7,3.6,0.01,81,0
5.8,3.6,0.0,94,3
23.5,4.3,1.09,97,0
22.4,3.6,0.35,98,0
23.4,6.5,0.95,97,0
23.0,6.1,0.21,98,0
22.5,3.6,0.28,98,0
22.3,4.7,0.04,99,0
22.2,3.6,0.27,96,0
24.5,5.0,0.0,65,1
18.5,3.6,0.54,95,0
22.6,5.8,0.18,98,0
22.9,7.9,0.65,97,0
22.3,3.6,0.26,97,0
22.0,3.6,0.39,97,0
26.5,19.8,0.05,88,2
27.2,18.0,0.06,81,2
21.0,3.6,0.05,98,0
21.3,3.6,0.52,99,0
21.8,3.6,0.15,99,0
24.6,7.9,0.01,94,0
17.8,3.6,0.2,100,0
15.1,3.6,0.0,98,3
18.1,3.6,0.01,99,0
17.5,3.6,0.22,98,0
21.1,3.6,0.0,94,0
18.6,4.3,0.16,98,0
15.2,3.6,0.0,100,3
20.5,3.6,0.54,98,0
25.6,4.0,0.1,98,0
16.5,3.6,0.01,100,0
23.4,7.2,0.15,98,0
23.4,7.2,0.02,98,0
21.9,4.7,0.03,99,0
19.4,4.3,0.0,76,0
22.0,4.3,0.0,72,0
19.4,5.4,0.0,80,0
21.2,4.0,0.0,74,0
20.8,7.2,0.0,73,0
20.0,3.6,0.0,80,0
24.1,6.5,0.0,68,1
19.3,7.2,0.0,71,0
26.0,12.6,0.0,51,1
22.6,4.7,0.0,76,0
24.5,3.6,0.0,41,1
24.6,11.2,0.0,59,1
22.1,5.4,0.0,73,0
21.7,7.2,0.0,71,0
21.0,5.4,0.0,78,0
21.3,5.0,0.0,74,0
18.8,7.9,0.0,63,3
18.1,4.7,0.0,76,0
19.4,7.2,0.0,83,0
-0.8,4.3,0.0,50,3
21.9,4.7,0.0,65,1
21.4,6.1,0.0,68,0
14.8,6.5,0.0,84,3
15.2,10.1,0.0,65,3
6.9,6.8,0.0,84,3
5.3,5.8,0.0,80,3
20.1,3.6,0.0,82,0
25.3,4.0,0.02,90,0
21.3,3.6,0.0,89,0
25.7,5.0,0.01,81,0
26.0,4.0,0.02,89,0
24.6,6.8,0.0,81,0
27.0,6.1,0.03,89,0
21.0,7.9,0.03,83,0
24.0,3.6,0.05,94,0
26.0,4.0,0.01,89,0
27.4,9.0,0.0,65,1
28.0,6.1,0.06,89,0
27.2,8.6,0.07,81,0
25.2,8.3,0.0,91,0
24.1,5.0,0.0,95,0
17.5,5.4,0.07,95,0
23.3,6.8,0.02,96,0
25.4,9.4,0.0,91,0
25.4,3.6,1.1,86,0
24.9,6.1,0.71,87,0
22.8,7.9,0.41,96,0
27.0,3.6,0.04,94,0
22.9,9.7,0.0,50,1
25.4,6.8,0.0,49,1
26.1,8.3,0.0,46,1
26.3,4.3,0.0,48,1
26.8,5.8,0.0,45,1
25.4,7.9,0.0,49,1
25.3,11.2,0.0,44,1
25.2,11.2,0.0,44,1
25.9,11.9,0.0,47,1
26.1,10.4,0.0,47,1
23.5,9.4,0.0,48,1
25.5,5.0,0.0,48,1
27.5,12.6,0.0,38,1
26.1,5.4,0.0,48,1
22.0,8.3,0.12,88,0
24.0,9.4,0.0,60,1
21.4,3.6,0.13,84,0
25.3,8.6,0.0,65,1
22.9,8.6,0.07,88,0
24.2,11.2,0.0,60,1
24.0,6.8,0.21,74,0
22.8,8.3,0.0,71,0
21.8,3.6,0.0,75,0
23.0,7.9,0.0,68,1
24.5,3.6,0.0,62,1
27.0,6.1,0.02,89,0
24.0,9.7,0.0,60,1
22.0,6.5,0.18,80,0
22.3,5.0,0.04,84,0
24.1,4.7,0.0,56,1
24.0,6.1,0.05,83,0
23.8,3.6,0.04,71,0
20.2,3.6,0.0,89,0
23.5,4.0,0.0,56,1
22.3,10.1,0.0,72,0
22.3,10.1,0.0,73,0
21.6,7.9,0.0,72,0
24.3,11.9,0.0,58,1
22.6,12.6,0.0,64,1
20.6,4.0,0.0,93,0
22.9,5.4,0.0,81,0
22.4,3.6,0.0,75,0
23.6,6.1,0.0,77,0
21.6,5.0,0.0,76,0
24.3,7.2,0.0,71,1
20.7,4.7,0.0,82,0
22.0,3.6,0.0,81,0
22.6,3.6,0.01,83,0
23.2,5.8,0.0,72,0
23.5,9.4,0.0,77,0
25.1,9.0,0.0,92,0
26.0,3.6,0.0,74,0
21.9,6.1,0.0,67,1
23.2,7.2,0.0,70,1
22.4,6.1,0.0,80,0
21.9,5.8,0.0,72,0
22.6,9.7,0.0,70,1
25.4,7.2,0.0,83,0
21.8,4.3,0.0,86,0
19.2,3.6,0.0,79,0
22.1,6.1,0.0,76,0
24.6,6.8,0.05,88,0
25.0,11.2,0.0,93,0
22.8,3.6,0.0,79,0
25.7,3.6,0.04,85,0
26.9,14.4,0.0,84,2
25.2,4.3,0.0,82,0
22.7,5.4,0.0,71,0
25.0,9.7,0.0,92,0
22.5,6.5,0.0,73,0
18.7,4.7,0.0,86,0
26.9,20.9,0.0,41,1
27.6,29.5,0.0,66,2
25.2,16.2,0.0,47,1
29.2,12.6,0.0,41,1
26.2,21.6,0.0,50,2
26.6,20.5,0.0,66,2
28.7,11.5,0.0,43,1
25.8,14.4,0.0,54,1
28.0,23.0,0.0,40,2
29.0,26.3,0.0,42,2
22.7,11.2,0.0,68,1
25.2,13.3,0.0,56,1
23.9,12.6,0.0,61,1
23.9,13.0,0.0,60,1
24.4,13.0,0.0,65,1
23.7,15.5,0.0,61,1
28.0,13.0,0.0,40,1
23.4,8.3,0.0,65,1
21.9,8.6,0.0,74,0
25.6,18.7,0.0,45,1
24.1,10.1,0.0,67,1
27.0,3.6,0.07,84,0
25.0,4.0,0.1,89,0
24.8,4.7,0.67,88,0
27.7,25.9,0.0,78,2
27.6,8.3,0.0,54,1
26.2,15.8,0.09,88,2
24.0,4.3,0.16,83,0
25.0,4.0,0.44,89,0
25.4,10.1,0.0,73,1
23.0,4.0,0.19,86,0
23.3,4.0,0.33,83,0
23.7,5.0,0.0,68,1
24.9,4.3,0.0,58,1
25.8,5.8,0.0,55,1
24.5,6.1,0.0,65,1
26.0,5.8,0.0,51,1
25.1,7.2,0.0,60,1
26.3,5.4,0.0,50,1
27.0,3.6,0.0,46,1
26.6,3.6,0.0,49,1
23.8,6.8,0.0,62,1
23.6,5.4,0.0,72,0
24.5,6.5,0.0,64,1
27.8,6.8,0.0,40,1
26.7,3.6,0.0,48,1
26.0,8.3,0.0,50,1
26.5,11.9,0.06,88,0
25.1,6.8,0.0,59,1
26.7,4.7,0.0,50,1
23.1,6.1,0.0,72,0
27.1,12.2,0.0,46,1
27.4,12.2,0.0,45,1
24.6,7.9,0.0,59,1
28.1,11.2,0.0,38,1
24.6,7.2,0.0,61,1
24.1,7.6,0.0,75,0
23.4,10.4,0.0,62,1
26.6,11.5,0.0,49,1
23.7,9.4,0.0,75,0
27.6,10.8,0.0,44,1
23.5,8.6,0.0,62,1
24.8,5.4,0.0,62,1
24.5,8.6,0.0,60,1
26.2,10.1,0.0,49,1
24.9,5.8,0.0,62,1
24.3,6.8,0.0,56,1
24.1,7.2,0.0,67,1
24.8,8.3,0.0,55,1
24.1,6.5,0.0,57,1
23.5,7.2,0.0,62,1
26.1,12.6,0.0,49,1
28.1,10.1,0.0,41,1
27.1,19.8,0.0,81,2
27.0,3.6,0.37,84,0
28.0,9.0,0.6,89,0
26.6,19.8,0.02,88,2
23.6,12.6,0.0,79,2
24.9,7.6,0.0,61,1
23.3,8.6,0.0,63,1
25.0,14.0,0.0,45,1
26.7,10.1,0.0,52,1
23.7,14.0,0.0,54,1
23.6,8.3,0.0,66,1
21.2,3.6,1.05,92,0
25.4,7.6,0.0,74,1
23.3,11.5,0.0,69,1
27.6,15.1,0.0,39,1
24.0,10.4,0.0,61,1
26.6,13.0,0.0,47,1
25.7,10.4,0.0,57,1
22.1,8.6,0.0,77,0
25.7,13.7,0.0,52,1
22.3,8.3,0.0,79,0
23.3,5.4,0.0,76,0
22.6,5.8,0.0,80,0
21.3,4.3,0.0,82,0
22.0,5.0,0.0,79,0
24.3,9.4,0.0,78,0
22.0,5.4,0.0,77,0
21.8,5.8,0.0,78,0
22.6,7.6,0.0,78,0
23.0,4.7,0.0,78,0
22.7,10.4,0.0,84,0
22.5,7.2,0.0,84,0
22.8,9.0,0.0,82,0
24.0,11.2,0.0,74,0
22.9,9.7,0.0,69,1
20.5,3.6,0.23,94,0
26.3,11.9,0.04,89,0
22.4,5.4,0.13,98,0
17.8,3.6,0.16,98,0
25.4,9.4,1.13,90,0
26.0,3.6,0.06,83,0
21.2,10.8,0.06,76,0
25.5,3.6,0.0,72,1
22.7,14.0,0.0,67,2
22.4,10.4,0.0,69,1
21.0,8.3,0.0,73,0
21.6,3.6,0.0,79,0
21.7,7.2,0.0,79,0
21.7,9.7,0.0,74,0
21.3,7.2,0.0,84,0
22.6,6.8,0.0,73,0
24.0,13.7,0.0,64,1
20.0,6.1,0.0,83,0
23.8,11.5,0.0,65,1
16.4,4.3,0.0,82,3
21.9,4.0,0.0,82,0
23.6,3.6,0.0,71,0
24.1,11.9,0.0,65,1
22.4,8.6,0.0,75,0
23.0,6.5,0.0,67,1
22.0,13.0,0.0,68,1
21.9,11.5,0.0,75,0
24.4,13.7,0.0,58,1
22.3,11.9,0.0,70,1
21.5,10.1,0.0,77,0
22.0,13.0,0.0,75,2
24.5,9.7,0.0,58,1
26.0,15.1,0.0,50,1
27.2,16.2,0.0,44,1
23.7,5.4,0.0,69,1
21.5,7.2,0.0,72,0
22.7,9.0,0.0,70,1
20.9,9.7,0.0,80,0
26.1,14.8,0.0,47,1
22.8,9.0,0.0,68,1
22.1,11.9,0.0,77,0
23.5,7.2,0.0,68,1
22.0,9.7,0.0,72,0
26.4,13.7,0.0,47,1
20.2,3.6,0.0,84,0
22.0,12.6,0.0,74,2
22.6,16.2,0.0,63,2
25.2,15.5,0.0,53,1
22.3,5.0,0.0,66,1
21.1,7.2,0.0,75,0
21.1,5.4,0.0,81,0
23.0,13.0,0.0,85,2
18.9,9.4,0.0,49,1
25.5,8.6,0.0,60,1
14.3,16.6,0.0,45,3
14.8,11.9,0.0,45,3
16.3,11.2,0.0,44,3
27.8,14.4,0.0,43,1
22.7,10.1,0.0,49,1
12.6,3.6,0.0,48,3
7.3,5.8,0.01,69,3
-0.8,5.8,0.0,46,3
10.4,3.6,0.0,57,3
14.4,13.3,0.0,45,3
9.1,3.6,0.0,57,3
16.8,11.9,0.0,49,3
27.8,15.5,0.0,46,1
12.4,10.4,0.0,53,3
23.0,10.1,0.0,49,1
22.9,11.5,0.0,44,1
6.4,8.3,0.0,51,3
10.0,6.8,0.0,52,3
23.9,5.8,0.0,81,0
25.2,14.0,0.0,79,2
27.0,15.8,0.0,66,2
22.2,3.6,0.0,81,0
26.6,7.9,0.0,74,1
26.4,14.4,0.0,70,2
25.8,8.3,0.0,73,1
24.8,11.2,0.0,75,0
25.0,9.7,0.0,71,1
25.5,6.5,0.0,72,1
24.5,7.9,0.0,82,0
25.3,14.4,0.0,79,2
22.8,5.4,0.0,87,0
26.6,18.0,0.0,73,2
24.9,6.5,0.0,78,0
25.3,7.2,0.0,77,0
25.8,17.6,0.0,75,2
26.0,13.0,0.0,75,2
26.0,4.0,0.0,74,0
25.9,12.6,0.0,73,1
24.6,4.3,0.0,79,0
25.6,10.4,0.0,86,0
24.8,6.8,0.01,85,0
27.1,7.6,0.01,80,0
26.8,10.1,0.0,73,1
22.4,5.4,0.03,92,0
24.1,7.2,0.0,72,0
23.8,7.6,0.0,87,0
25.2,4.3,0.0,84,0
24.8,4.3,0.0,62,1
24.1,7.6,0.0,82,0
25.7,6.1,0.0,79,0
24.0,7.9,0.0,70,1
23.4,5.4,0.0,77,0
22.2,6.5,0.0,77,0
21.7,9.4,0.0,79,0
21.7,6.5,0.0,83,0
22.7,6.5,0.0,80,0
23.8,8.3,0.0,73,0
20.5,5.8,0.0,78,0
24.6,6.1,0.0,81,0
23.9,4.7,0.0,77,0
24.4,5.8,0.0,70,1
23.7,6.1,0.0,73,0
22.7,6.5,0.0,76,0
23.9,6.8,0.0,73,0
20.8,6.1,0.0,77,0
22.6,10.4,0.0,78,0
24.7,5.4,0.0,76,0
25.0,7.2,0.0,79,0
25.3,3.6,0.05,84,0
22.8,3.6,0.0,66,1
24.7,8.6,0.0,73,1
24.3,7.2,0.03,88,0
25.3,5.4,0.0,72,1
25.2,6.1,0.0,75,0
25.0,6.8,0.0,74,0
24.8,8.6,0.0,79,0
24.8,3.6,0.0,73,0
24.4,10.1,0.0,78,0
24.5,4.3,0.0,72,0
21.3,6.1,0.0,79,0
25.6,5.8,0.0,71,1
24.2,7.9,0.0,71,1
24.9,5.8,0.0,73,0
23.7,4.0,0.0,72,0
25.1,9.7,0.0,79,0
28.0,3.6,0.0,79,0
23.9,6.5,0.0,69,1
29.4,18.7,0.0,34,1
26.8,3.6,0.0,51,1
25.2,3.6,0.0,62,1
27.8,10.1,0.0,42,1
28.7,16.6,0.0,37,1
28.7,13.0,0.0,39,1
29.3,14.4,0.0,38,1
29.6,17.3,0.0,35,1
28.6,16.6,0.0,37,1
28.5,13.3,0.0,37,1
24.6,8.6,0.0,65,1
24.1,5.4,0.0,44,1
25.4,7.9,0.01,92,0
26.5,13.3,0.0,82,2
21.6,3.6,0.0,80,0
3.8,3.6,0.01,94,3
22.0,3.6,0.64,97,0
23.8,4.7,0.1,92,0
22.8,4.3,0.01,97,0
22.1,3.6,0.27,96,0
21.6,3.6,0.01,96,0
22.1,5.4,0.74,97,0
17.2,8.3,0.11,89,0
23.0,3.6,0.0,96,0
22.3,3.6,1.19,97,0
22.7,3.6,1.28,95,0
22.9,3.6,3.46,98,0
22.3,4.7,0.74,97,0
26.5,19.8,2.06,83,2
24.4,13.3,1.97,92,2
25.3,3.6,0.02,90,0
20.8,4.0,0.0,99,0
24.9,5.8,0.0,94,0
18.2,3.6,0.03,98,0
29.0,9.0,0.1,89,0
18.0,3.6,0.0,99,0
16.8,3.6,0.0,98,0
21.5,3.6,1.32,98,0
17.8,5.0,0.39,98,0
14.6,3.6,0.0,99,3
20.8,4.0,0.07,96,0
25.4,5.0,0.37,99,0
16.1,3.6,0.0,99,0
22.6,3.6,2.76,99,0
22.8,4.3,1.09,99,0
22.3,3.6,0.0,96,0
22.0,15.1,0.12,88,2
19.5,4.0,0.0,81,0
23.6,3.6,0.0,79,0
21.0,4.0,0.0,86,0
21.8,3.6,0.0,84,0
22.3,5.8,0.0,83,0
21.0,4.7,0.0,82,0
24.6,7.2,0.0,72,1
19.8,6.8,0.0,78,0
25.9,13.0,0.0,54,1
23.7,5.8,0.0,42,1
24.9,9.7,0.0,65,1
23.5,3.6,0.0,79,0
23.2,7.2,0.0,82,0
22.4,4.3,0.0,79,0
22.7,4.3,0.0,83,0
19.1,8.3,0.0,67,0
18.0,6.5,0.0,71,3
19.3,7.9,0.0,83,0
-5.3,4.0,0.0,57,3
22.6,3.6,0.0,70,0
21.7,6.1,0.0,72,0
14.5,7.6,0.0,83,3
15.5,10.4,0.0,72,3
5.8,7.9,0.0,79,3
4.6,4.7,0.0,65,3
25.1,5.4,0.07,90,0
27.0,4.0,0.0,89,0
26.0,6.8,0.33,94,0
22.1,8.3,0.0,91,0
24.2,3.6,0.0,85,0
27.0,4.0,0.02,89,0
26.0,9.0,0.1,89,0
27.3,6.1,0.0,67,1
28.0,6.1,0.09,89,0
25.6,9.0,0.63,91,0
25.8,7.9,0.31,88,0
29.0,9.0,0.04,89,0
25.8,6.5,0.01,84,0
19.6,6.5,0.08,94,0
22.9,6.8,0.18,94,0
29.0,9.0,0.05,89,0
24.3,7.6,0.0,88,0
23.5,10.4,0.0,73,0
23.4,7.6,0.0,73,0
22.4,6.8,0.22,95,0
22.9,11.9,0.0,45,1
25.5,7.6,0.0,59,1
26.2,8.3,0.0,52,1
27.0,4.7,0.0,47,1
27.2,6.5,0.0,46,1
25.9,9.7,0.0,47,1
25.2,11.2,0.0,60,1
25.3,14.0,0.0,57,1
26.3,13.0,0.0,49,1
26.3,11.2,0.0,46,1
23.9,10.1,0.0,59,1
25.6,8.3,0.0,42,1
27.6,13.3,0.0,39,1
26.6,6.8,0.0,48,1
21.8,11.5,0.28,88,0
22.0,10.4,0.2,88,0
24.6,9.4,0.0,63,1
21.1,4.7,0.16,85,0
23.4,10.8,0.03,77,0
24.8,11.2,0.0,67,1
22.0,15.1,0.14,88,2
22.7,9.0,0.0,76,0
22.4,4.3,0.0,78,0
23.6,10.1,0.0,69,1
24.0,3.6,0.0,71,0
25.5,3.6,0.54,91,0
24.5,7.2,0.0,62,1
21.5,9.7,0.02,86,0
21.7,7.2,0.4,88,0
24.2,3.6,0.0,57,1
24.0,6.8,0.18,89,0
23.2,3.6,0.05,70,0
20.4,3.6,0.0,88,0
23.2,3.6,0.0,58,1
22.7,7.9,0.0,72,0
22.5,12.6,0.0,79,2
22.3,4.7,0.0,70,0
25.0,10.4,0.0,57,1
23.8,10.4,0.0,60,1
21.1,6.5,0.0,93,0
23.6,4.7,0.0,81,0
24.2,7.9,0.0,67,1
23.5,4.0,0.0,70,0
24.1,5.4,0.0,78,0
22.8,4.0,0.0,72,0
24.8,10.1,0.0,65,1
21.0,4.3,0.0,81,0
22.5,4.3,0.0,81,0
22.4,4.3,0.0,83,0
23.7,4.3,0.0,71,0
23.8,9.4,0.0,74,0
25.1,7.9,0.0,91,0
22.4,4.0,0.0,66,1
23.9,4.3,0.0,66,1
22.9,5.8,0.0,77,0
22.6,4.3,0.0,62,1
23.1,6.8,0.0,66,1
25.5,7.9,0.0,80,0
20.7,4.0,0.0,85,0
18.9,3.6,0.0,79,0
23.1,3.6,0.0,79,0
26.2,4.7,0.0,86,0
23.4,3.6,0.0,81,0
25.4,3.6,0.0,88,0
26.5,14.4,0.22,88,2
25.2,4.7,0.0,88,0
23.3,4.0,0.0,81,0
25.4,8.6,0.0,79,0
23.2,4.0,0.0,81,0
18.6,3.6,0.0,89,0
27.2,24.1,0.0,41,2
27.6,34.2,0.0,66,2
25.3,19.4,0.0,48,1
29.7,14.8,0.0,41,1
26.3,24.5,0.0,52,2
26.6,23.8,0.0,73,2
28.7,11.2,0.0,45,1
25.7,16.2,0.0,56,1
28.1,25.9,0.0,40,2
28.9,29.2,0.0,44,2
23.0,11.5,0.0,67,1
25.4,14.8,0.0,57,1
24.0,13.0,0.0,62,1
24.0,13.3,0.0,63,1
24.6,13.7,0.0,65,1
21.6,8.6,0.0,70,0
24.3,19.1,0.0,61,2
28.3,14.8,0.0,41,1
23.6,9.0,0.0,65,1
22.2,11.2,0.0,72,0
25.9,22.3,0.0,45,2
28.0,6.8,1.82,79,0
26.6,8.3,0.28,80,0
28.0,6.8,0.45,79,0
23.7,10.1,0.09,93,0
27.4,26.6,0.0,79,2
27.3,6.5,0.0,65,1
26.1,16.9,2.31,85,2
28.0,6.8,0.09,79,0
26.0,9.0,0.02,89,0
21.0,5.4,0.68,95,0
25.8,8.3,0.0,81,0
28.0,6.8,0.17,79,0
21.9,11.2,0.08,90,0
24.0,11.9,0.0,87,0
21.5,5.0,0.27,96,0
21.4,7.9,0.28,93,0
24.5,4.7,0.0,73,0
25.6,4.3,0.0,68,1
26.5,4.7,0.0,63,1
25.3,6.1,0.0,68,1
27.1,3.6,0.0,56,1
25.8,6.5,0.0,66,1
27.8,10.8,0.0,46,1
27.7,6.5,0.0,50,1
24.6,5.0,0.0,72,0
24.3,4.7,0.0,75,0
28.5,13.0,0.0,40,1
27.7,11.5,0.0,48,1
26.6,10.8,0.0,54,1
26.1,8.6,0.01,89,0
25.8,6.8,0.0,67,1
27.0,10.4,0.0,54,1
23.8,6.5,0.0,76,0
27.4,12.2,0.0,47,1
27.6,11.5,0.0,45,1
25.5,5.8,0.0,68,1
25.5,4.7,0.0,69,1
28.5,11.9,0.0,39,1
25.6,7.9,0.0,71,1
25.6,4.3,0.0,66,1
24.5,9.0,0.0,78,0
24.4,11.2,0.0,71,1
27.0,13.7,0.0,45,1
23.7,9.4,0.0,73,0
28.0,14.8,0.0,42,1
24.5,9.7,0.0,72,1
25.6,5.8,0.0,65,1
25.7,7.9,0.0,69,1
26.3,14.8,0.0,53,1
24.9,7.2,0.0,76,0
24.6,5.8,0.0,68,1
25.1,9.4,0.0,72,1
26.0,8.3,0.0,57,1
24.7,4.0,0.0,70,1
24.1,5.0,0.0,70,1
27.0,14.0,0.0,45,1
28.7,14.0,0.0,40,1
24.1,13.3,3.62,94,2
28.0,6.8,0.42,79,0
29.0,15.1,1.99,84,2
26.5,22.0,2.81,85,2
29.0,15.1,1.87,84,2
24.0,10.4,0.0,87,0
25.7,10.1,0.0,62,1
24.4,10.1,0.0,72,1
25.0,15.5,0.0,53,1
27.1,13.3,0.0,49,1
24.1,13.7,0.0,58,1
24.6,10.1,0.0,72,1
20.7,6.8,0.99,98,0
23.8,7.9,0.41,89,0
23.6,13.0,0.0,70,1
27.8,15.5,0.0,40,1
24.8,12.6,0.0,61,1
26.9,14.0,0.0,48,1
25.9,11.2,0.0,57,1
22.5,8.6,0.0,75,0
25.7,14.0,0.0,54,1
23.7,5.4,0.0,79,0
23.4,6.5,0.0,81,0
22.6,3.6,0.0,78,0
22.7,5.8,0.0,80,0
24.9,5.4,0.0,77,0
22.7,5.0,0.0,78,0
22.8,5.0,0.0,82,0
23.7,4.7,0.0,79,0
23.8,3.6,0.0,80,0
23.4,6.1,0.0,81,0
23.3,3.6,0.0,78,0
24.4,8.6,0.0,72,1
20.7,3.6,0.05,91,0
26.3,7.9,0.0,86,0
22.3,3.6,0.36,96,0
23.4,4.0,0.23,92,0
22.1,9.7,0.0,85,0
25.5,4.0,0.0,67,1
22.2,14.4,0.0,67,2
22.1,9.7,0.0,68,1
20.6,9.0,0.0,65,1
21.2,6.1,0.0,73,0
21.5,10.8,0.0,74,0
21.1,6.5,0.0,76,0
22.1,6.8,0.0,68,1
23.9,13.3,0.0,63,1
21.0,3.6,0.0,83,0
23.8,10.8,0.0,65,1
16.1,4.0,0.0,83,3
21.9,4.7,0.0,78,0
23.9,9.4,0.0,63,1
22.5,7.2,0.0,72,0
23.2,4.7,0.0,69,1
21.7,13.3,0.0,67,2
21.7,10.8,0.0,73,0
23.5,13.3,0.0,58,1
22.0,11.9,0.0,69,1
22.0,11.2,0.0,74,0
24.5,10.4,0.0,58,1
25.7,15.5,0.0,49,1
23.1,9.4,0.0,67,1
21.1,6.8,0.0,62,1
23.2,6.5,0.0,71,0
20.8,8.6,0.0,75,0
25.2,13.7,0.0,45,1
22.7,9.4,0.0,66,1
22.1,10.8,0.0,75,0
23.8,5.4,0.0,68,1
21.7,10.4,0.0,70,0
26.4,13.7,0.0,48,1
20.2,3.6,0.0,77,0
22.0,12.2,0.0,76,0
22.7,15.1,0.0,65,2
24.8,16.2,0.0,52,1
22.6,5.8,0.0,68,1
21.1,6.1,0.0,78,0
23.1,15.1,0.0,84,2
17.3,10.4,0.0,54,3
25.7,9.4,0.0,59,1
12.5,17.6,0.0,36,3
23.1,4.0,0.0,78,0
13.4,13.3,0.0,34,3
16.6,11.5,0.0,46,3
27.2,12.6,0.0,45,1
22.3,7.9,0.01,42,1
10.4,3.6,0.0,56,3
6.4,4.7,0.01,75,3
-1.3,7.2,0.03,37,3
7.9,3.6,0.08,64,3
11.8,14.8,0.13,61,3
7.1,3.6,0.07,64,3
14.8,12.6,0.0,59,3
27.3,15.1,0.0,45,1
10.5,11.5,0.0,55,3
22.4,7.2,0.01,41,1
21.8,11.5,0.01,39,1
5.2,10.4,0.01,43,3
7.7,7.9,0.03,65,3
25.5,13.0,0.0,78,2
26.7,15.1,0.0,62,1
23.2,4.0,0.0,83,0
26.8,7.9,0.0,73,1
26.0,6.1,0.0,79,0
25.8,12.6,0.0,74,2
25.5,7.9,0.0,72,1
23.4,13.3,0.0,78,2
24.4,12.6,0.0,79,2
24.4,9.4,0.0,75,0
25.2,7.6,0.0,78,0
25.1,7.6,0.0,78,0
25.6,13.3,0.0,78,2
22.5,5.4,0.0,89,0
26.8,18.0,0.0,75,2
25.3,6.1,0.0,80,0
25.8,6.5,0.0,79,0
25.8,15.8,0.0,78,2
26.2,12.6,0.0,74,1
26.0,6.8,0.0,74,1
25.4,15.1,0.0,78,2
25.0,4.3,0.0,79,0
26.1,9.4,0.0,85,0
24.3,4.3,0.94,94,0
26.5,7.2,0.0,85,0
26.7,9.4,0.0,77,0
23.3,3.6,0.44,89,0
25.8,7.9,0.01,85,0
25.8,9.0,0.0,65,1
25.0,4.7,0.0,84,0
25.0,5.8,0.0,87,0
26.0,7.2,0.0,70,1
25.1,6.1,0.0,85,0
25.0,4.7,0.29,81,0
24.6,5.4,0.0,82,0
22.8,4.0,0.0,79,0
22.3,6.1,0.0,77,0
22.2,6.8,0.0,81,0
23.5,7.6,0.0,78,0
24.9,7.6,0.0,79,0
20.8,4.7,0.0,78,0
26.8,7.2,0.67,78,0
25.4,6.8,0.0,79,0
25.7,6.5,0.0,74,1
23.4,6.5,0.0,79,0
21.5,4.7,0.0,80,0
22.8,8.6,0.0,75,0
26.3,7.6,0.0,78,0
25.7,4.7,0.08,82,0
25.6,6.5,0.0,83,0
22.8,8.3,0.0,69,1
24.9,8.6,0.0,83,0
25.2,9.0,0.0,84,0
26.1,5.4,0.0,75,0
25.6,4.7,0.0,75,0
25.9,5.0,0.0,75,0
24.5,8.6,0.0,72,1
26.4,3.6,0.0,76,0
22.8,4.7,0.0,81,0
26.8,3.6,0.0,74,1
24.1,6.5,0.0,69,1
25.6,8.6,0.0,79,0
25.7,8.6,0.0,78,0
24.6,4.0,0.0,78,0
26.4,7.2,0.73,81,0
28.0,3.6,0.0,58,1
23.2,9.0,0.0,48,1
28.0,13.3,0.0,39,1
24.9,8.3,0.0,47,1
24.4,7.2,0.0,53,1
26.6,7.2,0.0,36,1
24.9,8.6,0.0,53,1
27.7,12.2,0.0,40,1
29.6,6.1,0.0,31,1
28.9,11.9,0.0,35,1
28.4,11.9,0.0,36,1
27.6,12.6,0.0,40,1
27.2,5.0,0.0,38,1
23.8,8.6,0.0,47,1
23.6,7.6,0.0,37,1
26.0,3.6,0.0,88,0
27.3,12.6,0.0,80,2
21.7,4.7,0.0,78,0
25.6,3.6,0.0,82,0
3.1,3.6,0.02,94,3
23.4,4.0,0.4,90,0
26.0,6.1,0.63,94,0
24.1,8.6,0.18,88,0
22.8,4.0,0.0,96,0
22.4,4.0,0.0,98,0
21.9,4.3,0.0,95,0
25.0,3.6,0.0,69,1
17.8,6.5,0.22,94,0
23.5,3.6,0.0,94,0
22.7,5.8,0.0,95,0
22.6,9.0,0.69,94,0
22.6,3.6,2.23,97,0
22.2,3.6,0.0,97,0
26.9,17.6,0.21,82,2
26.5,20.5,1.65,86,2
24.5,5.8,0.06,93,0
19.3,3.6,0.0,98,0
25.5,3.6,0.0,90,0
17.7,3.6,0.0,96,0
15.4,3.6,0.0,98,3
16.6,3.6,0.0,97,0
21.2,4.7,0.0,96,0
17.5,4.7,0.05,98,0
15.0,3.6,0.0,99,3
20.5,3.6,0.0,97,0
22.1,4.3,0.0,99,0
14.9,3.6,0.0,99,3
23.4,4.3,0.02,97,0
22.0,4.0,0.0,95,0
23.5,4.0,0.02,97,0
21.0,3.6,0.07,94,0
20.6,4.3,0.0,86,0
23.8,4.7,0.0,78,0
21.5,5.8,0.0,86,0
24.6,4.0,0.0,86,0
22.6,5.4,0.0,83,0
21.1,3.6,0.0,81,0
24.6,3.6,0.0,70,1
20.8,4.7,0.0,86,0
25.6,13.7,0.0,53,1
23.9,5.4,0.0,74,0
23.8,7.6,0.0,38,1
25.9,7.2,0.0,60,1
23.8,6.5,0.0,75,0
23.5,6.1,0.0,79,0
23.0,5.0,0.0,83,0
18.2,10.8,0.0,49,3
17.7,7.2,0.0,56,3
18.3,9.4,0.0,71,3
-2.5,5.8,0.0,54,3
22.1,5.4,0.0,51,1
20.8,9.0,0.0,56,1
13.5,8.6,0.0,66,3
14.3,12.2,0.0,56,3
5.8,7.9,0.0,73,3
3.2,5.4,0.0,53,3
20.7,5.0,0.0,79,0
24.8,5.8,0.02,92,0
26.7,9.7,0.0,78,0
25.9,8.6,0.0,82,0
26.0,11.2,1.34,89,0
22.6,7.2,0.0,93,0
25.0,6.1,0.03,89,0
24.5,4.7,0.0,89,0
29.0,3.6,0.2,79,0
25.0,6.1,0.07,89,0
27.4,3.6,0.0,61,1
25.9,7.2,0.0,77,0
26.4,7.9,0.0,77,0
27.4,7.6,0.0,75,1
19.8,5.4,0.0,94,0
22.9,8.3,0.04,93,0
25.5,7.2,0.0,80,0
25.3,6.5,0.0,81,0
25.3,5.4,0.0,75,0
24.4,6.5,0.0,77,0
23.1,7.9,0.15,92,0
22.5,11.5,0.01,39,1
23.9,10.4,0.0,51,1
20.0,15.1,0.0,88,2
25.8,8.3,0.01,46,1
26.3,6.5,0.0,41,1
28.0,5.8,0.0,30,1
25.5,11.2,0.0,39,1
25.5,6.8,0.09,42,1
25.3,10.8,0.0,41,1
25.6,9.4,0.0,28,1
26.6,13.0,0.0,42,1
23.1,7.6,0.0,43,1
23.7,7.9,0.0,37,1
25.6,10.8,0.0,40,1
25.6,4.0,0.0,32,1
26.6,6.8,0.03,39,1
21.3,6.5,0.0,92,0
21.5,11.2,0.0,92,0
25.7,10.4,0.0,60,1
21.2,5.0,0.24,85,0
23.2,12.2,0.01,83,0
21.9,9.4,0.02,93,0
25.6,8.3,0.0,65,1
21.0,3.6,0.21,94,0
23.0,9.0,0.0,79,0
24.5,7.6,0.0,66,1
25.3,9.0,0.0,62,1
24.6,8.6,0.0,73,1
26.0,11.2,1.71,89,0
25.5,5.4,0.0,60,1
22.1,9.0,0.21,82,0
21.3,5.4,0.01,92,0
25.8,3.6,0.0,58,1
22.0,6.1,0.09,94,0
21.7,8.6,0.1,85,0
20.9,5.0,0.0,88,0
25.0,5.0,0.0,57,1
23.3,5.4,0.0,65,1
23.0,13.0,0.0,76,2
22.9,6.8,0.0,67,1
25.7,12.2,0.0,53,1
24.0,13.3,0.0,56,1
21.5,5.4,0.0,89,0
23.8,6.5,0.0,64,1
24.4,4.0,0.0,72,0
23.2,5.8,0.0,65,1
25.5,8.3,0.0,66,1
21.3,4.7,0.0,74,0
22.8,5.4,0.0,74,0
23.0,5.8,0.0,67,1
22.3,4.0,0.0,78,0
23.5,4.0,0.0,66,1
24.3,10.4,0.0,65,1
25.1,4.0,0.04,90,0
23.6,6.8,0.0,63,1
23.6,7.6,0.0,63,1
22.7,5.4,0.0,76,0
22.5,10.4,0.0,64,1
22.9,7.9,0.0,63,1
29.0,11.2,0.0,89,0
25.5,7.9,0.0,77,0
23.6,4.0,0.0,84,0
19.2,3.6,0.0,80,0
23.6,3.6,0.0,83,0
24.2,5.0,0.0,76,0
24.2,4.0,0.0,87,0
24.8,5.0,0.0,81,0
26.3,10.8,0.0,77,0
25.2,7.6,0.0,84,0
23.5,4.0,0.0,83,0
18.4,4.3,0.0,83,0
23.0,4.3,0.0,84,0
26.6,23.4,0.0,46,2
26.3,28.4,0.0,69,2
24.8,17.6,0.0,51,1
29.0,15.8,0.0,39,1
25.8,26.6,0.0,54,2
26.3,27.7,0.0,75,2
26.9,6.1,0.0,37,1
25.5,21.2,0.0,65,2
27.4,27.4,0.0,46,2
28.0,28.4,0.0,54,2
21.8,11.9,0.0,75,0
21.9,13.7,0.0,65,1
24.6,14.0,0.0,58,1
23.4,12.6,0.0,63,1
24.0,14.0,0.0,61,1
24.5,13.7,0.0,62,1
21.1,10.8,0.0,66,1
24.4,17.3,0.0,59,2
27.5,12.6,0.0,45,1
22.7,8.6,0.0,69,1
21.2,13.0,0.0,69,2
25.4,20.9,0.0,49,2
23.5,10.8,0.0,69,1
25.2,3.6,0.59,89,0
27.6,24.8,0.54,79,2
27.2,3.6,0.0,73,1
24.0,3.6,0.32,94,0
24.4,7.2,0.49,79,0
22.6,5.4,0.0,92,0
24.5,4.3,0.0,58,1
27.7,6.8,0.0,51,1
20.6,5.0,0.0,78,0
24.9,3.6,0.0,69,1
26.5,6.1,0.0,55,1
25.9,6.5,0.0,67,1
26.2,6.5,0.0,55,1
27.2,11.9,0.0,45,1
27.1,7.2,0.0,50,1
24.4,3.6,0.0,56,1
25.0,4.7,0.0,69,1
24.0,5.4,0.0,59,1
25.2,4.3,0.0,65,1
27.3,9.7,0.0,46,1
27.9,16.6,0.0,46,1
26.5,9.4,0.0,52,1
25.9,6.1,0.0,77,0
26.0,6.1,0.0,60,1
27.7,11.2,0.0,48,1
22.5,9.4,0.0,74,0
27.1,14.0,0.0,49,1
27.2,12.6,0.0,49,1
25.1,8.3,0.0,66,1
25.4,6.1,0.0,71,1
28.8,7.9,0.0,34,1
25.5,7.9,0.0,70,1
25.5,7.2,0.0,69,1
24.2,11.2,0.0,68,1
26.3,13.3,0.0,48,1
23.3,8.3,0.0,73,0
27.0,13.3,0.0,45,1
24.5,10.1,0.0,69,1
25.4,4.3,0.0,69,1
25.5,8.3,0.0,67,1
25.6,14.4,0.0,58,1
25.5,7.2,0.0,58,1
23.7,3.6,0.0,54,1
23.2,7.9,0.0,45,1
26.0,12.6,0.0,50,1
27.7,11.2,0.0,46,1
26.6,16.2,0.54,84,2
23.3,3.6,1.8,89,0
29.0,15.1,0.06,84,2
26.7,16.9,0.0,85,2
29.0,15.1,0.0,84,2
24.6,7.9,0.0,88,0
25.5,8.3,0.0,61,1
24.2,10.1,0.0,69,1
24.7,17.3,0.0,55,1
26.3,12.2,0.0,52,1
23.3,13.3,0.0,63,1
24.7,9.0,0.0,70,1
21.2,3.6,0.29,91,0
23.0,11.5,0.0,71,1
26.8,12.6,0.0,45,1
23.9,11.5,0.0,64,1
25.9,13.3,0.0,52,1
25.4,12.6,0.0,58,1
22.1,8.3,0.0,73,0
25.1,15.1,0.0,55,1
24.9,7.6,0.0,77,0
24.4,5.4,0.0,76,0
24.0,4.3,0.0,79,0
22.6,3.6,0.0,74,0
23.5,3.6,0.0,80,0
26.2,5.8,0.0,77,0
22.8,3.6,0.0,74,0
22.9,5.0,0.0,72,0
23.1,3.6,0.0,80,0
24.2,3.6,0.0,78,0
24.6,3.6,0.0,79,0
24.0,6.5,0.0,81,0
24.3,4.0,0.0,79,0
23.0,3.6,0.0,78,0
24.6,6.8,0.0,71,1
19.2,4.7,0.0,91,0
21.4,4.7,0.0,79,0
22.4,3.6,0.16,97,0
26.0,5.8,0.0,77,0
22.3,4.3,0.0,95,0
24.0,8.6,0.05,88,0
21.7,11.2,0.0,77,0
17.5,3.6,0.0,97,0
26.0,6.1,0.68,94,0
24.2,5.0,0.01,95,0
25.2,5.0,0.0,76,0
25.3,9.0,0.0,61,1
21.1,3.6,0.0,99,0
25.2,3.6,1.02,87,0
22.0,8.3,0.28,90,0
26.6,4.3,0.0,70,1
22.2,14.0,0.0,63,1
22.3,7.6,0.0,65,1
21.3,6.8,0.0,64,1
21.7,4.3,0.0,69,0
21.5,8.6,0.0,69,0
21.3,6.1,0.0,76,0
22.3,6.5,0.0,64,1
23.7,13.3,0.0,54,1
21.3,7.9,0.0,71,0
24.1,11.2,0.0,59,1
15.6,3.6,0.0,81,3
21.8,4.3,0.0,83,0
23.8,5.0,0.0,71,0
24.2,8.6,0.0,59,1
21.1,7.2,0.0,72,0
22.2,4.7,0.0,68,1
23.3,6.8,0.0,67,1
21.9,11.9,0.0,61,1
21.8,10.8,0.0,64,1
22.0,11.5,0.0,64,1
21.7,10.8,0.0,64,1
23.6,10.8,0.0,58,1
26.2,14.0,0.0,45,1
27.8,12.6,0.0,42,1
23.1,3.6,0.0,67,1
21.7,6.1,0.0,66,1
23.4,6.8,0.0,67,1
21.0,9.4,0.0,78,0
26.4,13.3,0.0,42,1
22.3,8.6,0.0,59,1
22.3,11.5,0.0,74,0
21.7,7.9,0.0,67,1
26.7,10.1,0.0,37,1
20.2,3.6,0.0,82,0
21.6,11.2,0.0,69,1
22.8,16.2,0.0,58,2
24.7,12.6,0.0,49,1
22.7,5.4,0.0,66,1
21.4,8.3,0.0,72,0
21.2,4.3,0.0,80,0
22.3,7.9,0.0,64,1
22.9,11.5,0.0,80,0
15.8,9.4,0.0,62,3
25.5,9.0,0.0,57,1
12.1,13.3,0.0,51,3
22.9,5.0,0.0,76,0
12.4,9.7,0.0,47,3
26.9,11.2,0.0,41,1
21.2,6.1,0.0,45,1
11.0,4.0,0.0,53,3
7.0,5.8,0.0,50,3
-2.9,6.1,0.0,51,3
8.5,3.6,0.0,49,3
12.6,13.3,0.0,55,3
8.0,3.6,0.0,49,3
14.9,13.0,0.0,52,3
26.8,13.7,0.0,41,1
11.2,12.2,0.0,50,3
21.3,5.8,0.0,44,1
20.5,6.5,0.0,45,1
4.5,6.5,0.0,55,3
8.1,7.6,0.0,60,3
24.0,4.0,0.0,76,0
24.9,12.6,0.0,79,2
27.2,13.0,0.0,65,1
23.1,3.6,0.0,84,0
26.4,4.0,0.0,64,1
25.0,3.6,0.0,79,0
26.4,11.5,0.0,71,1
25.2,5.4,0.0,68,1
24.0,11.2,0.0,77,0
25.1,10.4,0.0,77,0
24.8,6.5,0.0,63,1
25.6,9.0,0.0,72,1
25.0,13.0,0.0,79,2
27.2,12.6,0.0,71,1
25.1,4.7,0.0,75,0
25.6,6.1,0.0,75,0
26.2,14.4,0.0,74,2
25.9,9.7,0.0,78,0
26.0,11.9,0.0,76,1
24.7,3.6,0.0,74,0
26.8,4.0,0.0,81,0
26.2,5.4,0.0,81,0
23.2,3.6,0.57,92,0
25.2,7.6,0.01,83,0
25.6,7.2,0.0,70,1
24.8,4.3,0.21,88,0
24.5,4.7,0.0,83,0
26.4,7.9,0.0,66,1
24.3,6.5,0.18,93,0
25.8,6.8,0.0,77,0
25.4,5.8,0.0,76,0
24.5,4.3,0.0,78,0
22.1,6.5,0.0,76,0
21.9,6.1,0.0,82,0
23.4,7.6,0.0,80,0
24.7,7.9,0.0,79,0
20.4,5.0,0.0,77,0
25.5,3.6,0.0,77,0
26.4,7.2,0.16,80,0
25.7,7.9,0.0,73,1
24.9,4.7,0.0,78,0
23.3,7.6,0.0,79,0
25.3,8.6,0.0,77,0
21.0,5.0,0.0,77,0
22.8,8.6,0.0,74,0
30.0,9.0,0.0,94,0
26.5,4.7,0.0,78,0
25.0,6.1,0.03,85,0
24.6,6.8,0.01,86,0
23.5,7.9,0.0,70,1
23.7,7.2,0.0,88,0
25.8,4.0,0.0,77,0
25.5,6.5,0.0,80,0
25.5,4.7,0.0,74,0
25.6,3.6,0.0,70,1
24.7,5.8,0.32,83,0
24.2,9.4,0.0,71,1
25.2,7.9,0.0,81,0
22.6,5.0,0.0,80,0
25.4,7.2,0.0,80,0
26.2,3.6,0.0,77,0
24.0,6.8,0.0,69,1
25.7,4.7,0.45,81,0
25.9,4.7,0.43,81,0
25.8,7.9,0.07,81,0
24.4,7.2,0.0,81,0
25.8,7.6,0.07,81,0
25.7,6.5,0.01,82,0
26.0,6.8,0.0,70,1
21.5,4.7,0.0,62,1
25.2,10.1,0.0,39,1
24.1,6.5,0.0,42,1
23.4,6.1,0.0,49,1
25.0,10.4,0.0,45,1
24.2,7.6,0.0,51,1
26.3,9.0,0.0,24,1
24.8,9.4,0.0,41,1
24.9,10.1,0.0,40,1
25.4,11.2,0.0,45,1
26.3,9.4,0.0,25,1
24.9,10.1,0.0,52,1
22.5,4.3,0.0,46,1
21.3,8.6,0.0,46,1
27.5,14.4,0.08,77,2
24.8,3.6,0.73,88,0
0.5,6.5,0.01,92,3
23.6,3.6,0.5,92,0
21.8,4.3,0.2,94,0
23.8,7.6,0.05,90,0
22.6,5.0,0.0,94,0
22.3,3.6,2.74,98,0
21.7,5.8,0.0,94,0
22.6,3.6,0.18,95,0
16.1,11.2,0.0,86,3
22.7,3.6,0.07,93,0
23.3,3.6,0.1,89,0
22.6,3.6,0.27,96,0
22.2,5.0,0.55,96,0
26.4,15.8,0.24,86,2
26.8,17.6,0.18,84,2
23.8,6.8,0.04,95,0
22.5,3.6,0.01,99,0
25.3,5.8,0.0,90,0
15.4,3.6,0.0,97,3
17.5,3.6,0.0,99,0
16.9,3.6,0.0,97,0
21.3,5.4,0.89,96,0
17.3,5.4,0.0,98,0
14.8,3.6,0.0,99,3
20.4,3.6,2.08,97,0
22.1,5.4,0.0,98,0
23.1,4.7,0.0,90,0
23.3,4.3,0.0,90,0
22.0,5.8,0.0,94,0
22.0,6.8,0.04,88,0
20.5,3.6,0.0,85,0
21.4,3.6,0.0,84,0
22.6,3.6,0.0,81,0
22.6,4.7,0.0,80,0
20.9,4.3,0.0,77,0
24.7,3.6,0.0,71,1
21.0,3.6,0.0,85,0
26.0,12.6,0.0,44,1
23.9,4.7,0.0,74,0
21.1,9.0,0.0,46,1
26.3,13.3,0.0,58,1
23.4,6.8,0.0,78,0
22.6,5.8,0.0,77,0
23.0,4.7,0.0,80,0
17.6,9.0,0.0,62,3
17.1,7.2,0.0,51,3
17.3,10.8,0.0,70,3
-2.0,7.2,0.0,61,3
21.4,5.8,0.0,53,1
20.1,7.6,0.0,62,1
13.2,7.9,0.0,70,3
14.2,10.8,0.0,69,3
3.4,14.0,0.0,66,3
2.5,6.5,0.0,58,3
20.6,4.0,0.0,78,0
23.9,5.0,0.13,95,0
23.0,4.0,0.0,95,0
26.7,8.3,0.04,80,0
25.7,7.6,0.07,86,0
25.0,6.8,1.29,89,0
22.0,7.9,0.34,95,0
24.0,6.8,0.01,94,0
24.4,4.0,0.0,89,0
27.0,6.1,0.53,89,0
27.9,7.2,0.0,63,1
27.0,4.0,0.05,84,0
26.7,3.6,0.0,75,0
18.9,7.6,0.0,93,0
22.8,6.5,0.0,91,0
25.5,9.0,0.0,78,0
25.5,5.8,0.0,78,0
25.5,6.5,0.0,76,0
24.9,7.9,0.0,74,0
22.8,5.4,0.34,88,0
20.4,6.5,0.0,45,1
23.5,7.9,0.0,42,1
21.0,11.2,0.0,83,0
23.7,8.3,0.0,42,1
23.3,6.1,0.0,42,1
23.9,7.9,0.0,41,1
23.2,4.3,0.0,38,1
23.2,8.6,0.0,43,1
23.7,7.9,0.0,43,1
23.2,4.3,0.0,39,1
21.8,6.5,0.0,46,1
24.5,8.6,0.0,31,1
24.1,6.8,0.0,38,1
23.2,5.0,0.0,42,1
22.8,3.6,0.27,84,0
21.9,9.4,1.48,89,0
25.3,9.7,0.0,70,1
21.2,4.0,0.34,83,0
25.3,5.0,0.0,68,1
23.7,8.6,0.0,83,0
27.1,11.2,0.0,62,1
22.0,6.8,0.27,88,0
25.4,7.9,0.0,58,1
23.8,9.4,0.0,73,0
24.1,11.2,0.0,66,1
27.1,10.1,0.0,54,1
25.0,6.8,2.15,89,0
26.2,11.2,0.0,55,1
20.9,6.8,0.74,87,0
21.0,4.0,0.08,91,0
26.4,7.9,0.02,57,1
23.0,6.1,0.24,89,0
23.4,3.6,0.21,74,0
21.9,3.6,0.0,79,0
25.8,9.4,0.0,57,1
23.3,5.8,0.0,64,1
24.7,12.6,0.0,66,1
23.2,8.6,0.0,74,0
25.6,13.7,0.0,60,1
24.1,14.8,0.0,63,1
23.6,6.5,0.0,79,0
24.8,6.5,0.0,65,1
23.6,4.7,0.0,66,1
24.1,5.0,0.0,68,1
22.9,4.3,0.0,70,0
25.2,9.0,0.0,66,1
22.4,5.0,0.0,73,0
24.3,3.6,0.0,69,1
22.9,3.6,0.0,78,0
23.7,5.8,0.0,69,1
24.5,6.8,0.0,68,1
25.4,8.6,0.0,89,0
23.8,3.6,0.0,62,1
24.2,3.6,0.0,64,1
23.2,3.6,0.0,78,0
23.6,4.3,0.0,63,1
23.7,6.5,0.0,61,1
25.6,10.8,0.0,75,1
23.8,3.6,0.0,86,0
19.1,4.3,0.0,82,0
24.0,4.7,0.0,81,0
25.1,5.8,0.0,69,1
25.5,9.4,0.0,80,0
24.0,3.6,0.0,84,0
27.3,8.3,0.05,79,0
24.8,4.0,0.0,82,0
24.0,4.0,0.0,78,0
23.9,4.3,0.0,79,0
18.5,3.6,0.0,84,0
26.0,10.4,0.0,34,1
27.6,22.7,0.0,67,2
25.1,11.9,0.0,45,1
25.0,11.2,0.0,36,1
26.7,21.6,0.0,55,2
27.3,17.3,0.0,71,2
25.0,10.8,0.0,35,1
26.4,12.2,0.0,61,1
27.2,8.3,0.0,28,1
28.6,17.3,0.0,38,1
22.7,11.9,0.0,59,1
25.8,12.2,0.0,45,1
23.6,12.6,0.0,56,1
23.7,13.7,0.0,58,1
25.3,11.2,0.0,58,1
21.4,5.8,0.0,66,1
24.7,12.2,0.0,55,1
23.1,4.7,0.0,58,1
21.7,10.4,0.0,67,1
25.2,13.3,0.0,43,1
26.6,15.1,0.56,79,2
27.8,27.0,0.0,76,2
27.1,4.3,0.64,75,0
25.9,12.6,0.02,86,2
28.0,6.8,0.43,84,0
25.0,6.8,1.35,89,0
22.2,4.3,1.0,93,0
24.9,3.6,0.11,90,0
28.0,6.8,0.54,84,0
21.7,3.6,2.15,93,0
24.1,10.8,1.16,86,0
23.2,3.6,1.97,86,0
22.9,5.4,0.4,91,0
24.4,3.6,0.0,63,1
25.1,4.7,0.0,59,1
25.2,3.6,0.0,70,1
24.8,7.2,0.0,57,1
25.3,4.0,0.0,70,1
25.5,4.7,0.0,55,1
27.1,5.0,0.0,45,1
25.9,6.1,0.0,47,1
24.1,4.0,0.0,57,1
24.6,3.6,0.0,66,1
28.4,9.4,0.0,39,1
27.3,6.8,0.0,46,1
26.4,5.0,0.0,53,1
26.2,6.8,0.0,75,0
27.2,4.3,0.0,50,1
22.5,6.5,0.0,75,0
27.6,12.2,0.0,47,1
27.6,12.6,0.0,47,1
25.2,8.3,0.0,62,1
25.3,4.3,0.0,70,1
24.8,9.7,0.0,42,1
25.4,7.9,0.0,65,1
25.7,4.0,0.0,68,1
24.8,7.6,0.0,69,1
23.8,4.3,0.0,83,0
24.6,11.2,0.0,66,1
26.4,10.1,0.0,44,1
23.2,5.4,0.0,62,1
27.3,11.5,0.0,40,1
24.7,10.1,0.0,68,1
25.6,3.6,0.0,71,1
25.6,7.9,0.0,63,1
25.7,13.7,0.0,45,1
25.3,3.6,0.0,67,1
22.9,5.0,0.0,56,1
25.1,7.9,0.0,66,1
25.4,9.0,0.0,54,1
23.3,6.5,0.0,55,1
22.1,5.8,0.0,62,1
26.6,10.1,0.0,45,1
28.1,11.9,0.0,45,1
26.8,19.1,0.29,84,2
28.0,6.8,1.32,84,0
29.0,6.8,1.07,89,0
26.4,16.6,0.5,85,2
29.0,6.8,0.69,89,0
24.5,8.6,0.0,88,0
25.9,9.4,0.0,60,1
24.6,12.6,0.0,49,1
26.0,11.5,0.0,46,1
23.6,14.0,0.0,54,1
24.5,9.7,0.0,69,1
22.0,3.6,0.32,88,0
23.9,6.5,0.86,90,0
23.1,12.6,0.0,63,1
26.8,7.9,0.0,34,1
23.9,11.5,0.0,59,1
26.5,12.2,0.0,48,1
25.9,15.1,0.0,44,1
24.2,9.0,0.0,76,0
24.1,5.8,0.0,78,0
24.0,5.0,0.0,76,0
23.5,5.8,0.0,77,0
26.6,8.3,0.0,74,1
23.0,5.8,0.0,70,0
23.3,3.6,0.0,71,0
23.4,5.0,0.0,76,0
24.2,3.6,0.0,77,0
24.8,7.2,0.0,81,0
23.9,9.0,0.0,78,0
25.2,7.6,0.0,77,0
25.0,8.3,0.0,75,0
19.8,4.3,1.32,98,0
26.1,8.3,0.0,79,0
22.8,3.6,0.19,94,0
25.6,6.1,0.0,74,0
24.7,3.6,0.28,90,0
22.2,10.1,0.03,88,0
